Year,Month,Day,Location,Count_males,Count_females,Total,Weekly_average_prep_(inch),Weekly_average_temp_(F),Weekly_average_RH,Weekly_avg_wind_speed_(mph),Weekly_avg_soil_temp_(F),Region,Location_original
2007,3,30,Woodlake,0,0,0,0.04,56.7,65.29,4.27,59.7,SSJV,Woodlake
2007,3,30,Ivanhoe,0,0,0,0.04,56.7,65.29,4.27,59.7,SSJV,Ivanhoe
2007,3,30,Exeter,0,0,0,0.06,57.77,58.43,3.97,61.17,SSJV,Exeter
2007,3,30,South Exeter,0,0,0,0.04,56.7,65.29,4.27,59.7,SSJV,South Exeter
2007,3,30,Tonyville,0,0,0,0.04,56.7,65.29,4.27,59.7,SSJV,Tonyville
2007,3,30,West Lindsay,0,0,0,0.06,57.77,58.43,3.97,61.17,SSJV,West Lindsay
2007,3,30,Strathmore,0,0,0,0.04,56.7,65.29,4.27,59.7,SSJV,Strathmore
2007,3,30,Porterville,0,0,0,0.04,56.7,65.29,4.27,59.7,SSJV,Porterville
2007,3,30,Terra Bella,0,0,0,0.04,56.7,65.29,4.27,59.7,SSJV,Terra Bella
2007,4,6,Woodlake,0,1,1,0,64.27,59,3.34,61.67,SSJV,Woodlake
2007,4,6,Ivanhoe,3,1,4,0,64.27,59,3.34,61.67,SSJV,Ivanhoe
2007,4,6,Exeter,1,0,1,0.05,65.46,50.14,3.17,63.66,SSJV,Exeter
2007,4,6,South Exeter,0,0,0,0,64.27,59,3.34,61.67,SSJV,South Exeter
2007,4,6,Tonyville,0,0,0,0,64.27,59,3.34,61.67,SSJV,Tonyville
2007,4,6,West Lindsay,0,0,0,0.05,65.46,50.14,3.17,63.66,SSJV,West Lindsay
2007,4,6,Strathmore,1,0,1,0,64.27,59,3.34,61.67,SSJV,Strathmore
2007,4,6,Porterville,0,0,0,0,64.27,59,3.34,61.67,SSJV,Porterville
2007,4,6,Terra Bella,9,3,12,0,64.27,59,3.34,61.67,SSJV,Terra Bella
2007,4,13,Woodlake,3,0,3,0,59.96,52.57,6.09,62.2,SSJV,Woodlake
2007,4,13,Ivanhoe,0,0,0,0,59.96,52.57,6.09,62.2,SSJV,Ivanhoe
2007,4,13,Exeter,0,0,0,0.04,60.91,47.86,4.56,63.57,SSJV,Exeter
2007,4,13,South Exeter,0,0,0,0,59.96,52.57,6.09,62.2,SSJV,South Exeter
2007,4,13,Tonyville,1,0,1,0,59.96,52.57,6.09,62.2,SSJV,Tonyville
2007,4,13,West Lindsay,0,0,0,0.04,60.91,47.86,4.56,63.57,SSJV,West Lindsay
2007,4,13,Strathmore,0,0,0,0,59.96,52.57,6.09,62.2,SSJV,Strathmore
2007,4,13,Porterville,0,0,0,0,59.96,52.57,6.09,62.2,SSJV,Porterville
2007,4,13,Terra Bella,11,1,12,0,59.96,52.57,6.09,62.2,SSJV,Terra Bella
2007,4,20,Woodlake,0,0,0,0,54.19,62.14,5.2,59.04,SSJV,Woodlake
2007,4,20,Ivanhoe,0,0,0,0,54.19,62.14,5.2,59.04,SSJV,Ivanhoe
2007,4,20,Exeter,0,0,0,0.07,54.96,58.29,4.39,60.36,SSJV,Exeter
2007,4,20,South Exeter,0,0,0,0,54.19,62.14,5.2,59.04,SSJV,South Exeter
2007,4,20,Tonyville,0,0,0,0,54.19,62.14,5.2,59.04,SSJV,Tonyville
2007,4,20,West Lindsay,0,0,0,0.07,54.96,58.29,4.39,60.36,SSJV,West Lindsay
2007,4,20,Strathmore,0,0,0,0,54.19,62.14,5.2,59.04,SSJV,Strathmore
2007,4,20,Porterville,1,1,2,0,54.19,62.14,5.2,59.04,SSJV,Porterville
2007,4,20,Terra Bella,1,2,3,0,54.19,62.14,5.2,59.04,SSJV,Terra Bella
2007,4,27,Woodlake,0,0,0,0.04,61.31,66.57,3.83,62.4,SSJV,Woodlake
2007,4,27,Ivanhoe,0,0,0,0.04,61.31,66.57,3.83,62.4,SSJV,Ivanhoe
2007,4,27,Exeter,3,1,4,0.1,62.21,60,3.3,63.79,SSJV,Exeter
2007,4,27,South Exeter,0,0,0,0.04,61.31,66.57,3.83,62.4,SSJV,South Exeter
2007,4,27,Tonyville,1,0,1,0.04,61.31,66.57,3.83,62.4,SSJV,Tonyville
2007,4,27,West Lindsay,0,0,0,0.1,62.21,60,3.3,63.79,SSJV,West Lindsay
2007,4,27,Strathmore,0,0,0,0.04,61.31,66.57,3.83,62.4,SSJV,Strathmore
2007,4,27,Porterville,0,0,0,0.04,61.31,66.57,3.83,62.4,SSJV,Porterville
2007,4,27,Terra Bella,0,0,0,0.04,61.31,66.57,3.83,62.4,SSJV,Terra Bella
2007,5,4,Woodlake,0,0,0,0.01,66.74,50,5.63,68.03,SSJV,Woodlake
2007,5,4,Ivanhoe,0,0,0,0.01,66.74,50,5.63,68.03,SSJV,Ivanhoe
2007,5,4,Exeter,1,0,1,0.08,68.64,42.14,4.11,68.79,SSJV,Exeter
2007,5,4,South Exeter,0,0,0,0.01,66.74,50,5.63,68.03,SSJV,South Exeter
2007,5,4,Tonyville,0,0,0,0.01,66.74,50,5.63,68.03,SSJV,Tonyville
2007,5,4,West Lindsay,0,0,0,0.08,68.64,42.14,4.11,68.79,SSJV,West Lindsay
2007,5,4,Strathmore,0,0,0,0.01,66.74,50,5.63,68.03,SSJV,Strathmore
2007,5,4,Porterville,0,0,0,0.01,66.74,50,5.63,68.03,SSJV,Porterville
2007,5,4,Terra Bella,0,0,0,0.01,66.74,50,5.63,68.03,SSJV,Terra Bella
2007,5,11,Woodlake,0,0,0,0,69.76,43.43,3.99,67.69,SSJV,Woodlake
2007,5,11,Ivanhoe,0,0,0,0,69.76,43.43,3.99,67.69,SSJV,Ivanhoe
2007,5,11,Exeter,0,0,0,0.08,70.77,34.14,3.86,68.37,SSJV,Exeter
2007,5,11,South Exeter,0,0,0,0,69.76,43.43,3.99,67.69,SSJV,South Exeter
2007,5,11,Tonyville,0,0,0,0,69.76,43.43,3.99,67.69,SSJV,Tonyville
2007,5,11,West Lindsay,0,0,0,0.08,70.77,34.14,3.86,68.37,SSJV,West Lindsay
2007,5,11,Strathmore,0,0,0,0,69.76,43.43,3.99,67.69,SSJV,Strathmore
2007,5,11,Porterville,0,0,0,0,69.76,43.43,3.99,67.69,SSJV,Porterville
2007,5,11,Terra Bella,1,0,1,0,69.76,43.43,3.99,67.69,SSJV,Terra Bella
2007,5,18,Woodlake,0,0,0,0,69.6,45.29,5.11,68.49,SSJV,Woodlake
2007,5,18,Ivanhoe,0,0,0,0,69.6,45.29,5.11,68.49,SSJV,Ivanhoe
2007,5,18,Exeter,0,0,0,0.08,70.3,38.71,3.86,70.43,SSJV,Exeter
2007,5,18,South Exeter,0,0,0,0,69.6,45.29,5.11,68.49,SSJV,South Exeter
2007,5,18,Tonyville,0,0,0,0,69.6,45.29,5.11,68.49,SSJV,Tonyville
2007,5,18,West Lindsay,0,0,0,0.08,70.3,38.71,3.86,70.43,SSJV,West Lindsay
2007,5,18,Strathmore,0,0,0,0,69.6,45.29,5.11,68.49,SSJV,Strathmore
2007,5,18,Porterville,0,0,0,0,69.6,45.29,5.11,68.49,SSJV,Porterville
2007,5,18,Terra Bella,1,3,4,0,69.6,45.29,5.11,68.49,SSJV,Terra Bella
2007,5,25,Woodlake,0,0,0,0,70.5,41,4.73,69.33,SSJV,Woodlake
2007,5,25,Ivanhoe,0,0,0,0,70.5,41,4.73,69.33,SSJV,Ivanhoe
2007,5,25,Exeter,0,0,0,0.07,71.51,36,3.73,71.03,SSJV,Exeter
2007,5,25,South Exeter,0,0,0,0,70.5,41,4.73,69.33,SSJV,South Exeter
2007,5,25,Tonyville,0,0,0,0,70.5,41,4.73,69.33,SSJV,Tonyville
2007,5,25,West Lindsay,0,0,0,0.07,71.51,36,3.73,71.03,SSJV,West Lindsay
2007,5,25,Strathmore,0,0,0,0,70.5,41,4.73,69.33,SSJV,Strathmore
2007,5,25,Porterville,0,0,0,0,70.5,41,4.73,69.33,SSJV,Porterville
2007,5,25,Terra Bella,2,0,2,0,70.5,41,4.73,69.33,SSJV,Terra Bella
2007,6,1,Woodlake,0,0,0,0,73.41,48.86,4.26,71.16,SSJV,Woodlake
2007,6,1,Ivanhoe,0,0,0,0,73.41,48.86,4.26,71.16,SSJV,Ivanhoe
2007,6,1,Exeter,0,0,0,0.06,74.3,40,3.7,73.76,SSJV,Exeter
2007,6,1,South Exeter,0,0,0,0,73.41,48.86,4.26,71.16,SSJV,South Exeter
2007,6,1,Tonyville,0,0,0,0,73.41,48.86,4.26,71.16,SSJV,Tonyville
2007,6,1,West Lindsay,0,0,0,0.06,74.3,40,3.7,73.76,SSJV,West Lindsay
2007,6,1,Strathmore,0,0,0,0,73.41,48.86,4.26,71.16,SSJV,Strathmore
2007,6,1,Porterville,0,0,0,0,73.41,48.86,4.26,71.16,SSJV,Porterville
2007,6,1,Terra Bella,0,0,0,0,73.41,48.86,4.26,71.16,SSJV,Terra Bella
2007,6,8,Woodlake,0,0,0,0,70.61,46.14,5.8,72.59,SSJV,Woodlake
2007,6,8,Ivanhoe,0,0,0,0,70.61,46.14,5.8,72.59,SSJV,Ivanhoe
2007,6,8,Exeter,0,0,0,0,70.97,42.71,4.43,73.44,SSJV,Exeter
2007,6,8,South Exeter,0,0,0,0,70.61,46.14,5.8,72.59,SSJV,South Exeter
2007,6,8,Tonyville,1,0,1,0,70.61,46.14,5.8,72.59,SSJV,Tonyville
2007,6,8,West Lindsay,0,0,0,0,70.97,42.71,4.43,73.44,SSJV,West Lindsay
2007,6,8,Strathmore,0,0,0,0,70.61,46.14,5.8,72.59,SSJV,Strathmore
2007,6,8,Porterville,0,0,0,0,70.61,46.14,5.8,72.59,SSJV,Porterville
2007,6,8,Terra Bella,5,0,5,0,70.61,46.14,5.8,72.59,SSJV,Terra Bella
2007,6,15,Woodlake,0,0,0,0,78.57,41.43,4.23,74.67,SSJV,Woodlake
2007,6,15,Ivanhoe,0,0,0,0,78.57,41.43,4.23,74.67,SSJV,Ivanhoe
2007,6,15,Exeter,0,0,0,0,79.06,37.71,3.71,75.07,SSJV,Exeter
2007,6,15,South Exeter,0,0,0,0,78.57,41.43,4.23,74.67,SSJV,South Exeter
2007,6,15,Tonyville,0,0,0,0,78.57,41.43,4.23,74.67,SSJV,Tonyville
2007,6,15,West Lindsay,0,0,0,0,79.06,37.71,3.71,75.07,SSJV,West Lindsay
2007,6,15,Strathmore,0,0,0,0,78.57,41.43,4.23,74.67,SSJV,Strathmore
2007,6,15,Porterville,0,0,0,0,78.57,41.43,4.23,74.67,SSJV,Porterville
2007,6,15,Terra Bella,2,0,2,0,78.57,41.43,4.23,74.67,SSJV,Terra Bella
2007,6,22,Woodlake,0,0,0,0,77.84,41.71,4.2,77.57,SSJV,Woodlake
2007,6,22,Ivanhoe,0,0,0,0,77.84,41.71,4.2,77.57,SSJV,Ivanhoe
2007,6,22,Exeter,0,0,0,0,78.91,35.14,3.5,77.87,SSJV,Exeter
2007,6,22,South Exeter,0,0,0,0,77.84,41.71,4.2,77.57,SSJV,South Exeter
2007,6,22,Tonyville,0,0,0,0,77.84,41.71,4.2,77.57,SSJV,Tonyville
2007,6,22,West Lindsay,0,0,0,0,78.91,35.14,3.5,77.87,SSJV,West Lindsay
2007,6,22,Strathmore,0,0,0,0,77.84,41.71,4.2,77.57,SSJV,Strathmore
2007,6,22,Porterville,0,0,0,0,77.84,41.71,4.2,77.57,SSJV,Porterville
2007,6,22,Terra Bella,2,0,2,0,77.84,41.71,4.2,77.57,SSJV,Terra Bella
2007,6,29,Woodlake,0,0,0,0,76.41,39.14,4.91,76.14,SSJV,Woodlake
2007,6,29,Ivanhoe,0,0,0,0,76.41,39.14,4.91,76.14,SSJV,Ivanhoe
2007,6,29,Exeter,0,0,0,0,77.01,37,3.67,76.5,SSJV,Exeter
2007,6,29,South Exeter,0,0,0,0,76.41,39.14,4.91,76.14,SSJV,South Exeter
2007,6,29,Tonyville,0,0,0,0,76.41,39.14,4.91,76.14,SSJV,Tonyville
2007,6,29,West Lindsay,0,0,0,0,77.01,37,3.67,76.5,SSJV,West Lindsay
2007,6,29,Strathmore,0,0,0,0,76.41,39.14,4.91,76.14,SSJV,Strathmore
2007,6,29,Porterville,0,0,0,0,76.41,39.14,4.91,76.14,SSJV,Porterville
2007,6,29,Terra Bella,0,0,0,0,76.41,39.14,4.91,76.14,SSJV,Terra Bella
2007,7,6,Woodlake,0,0,0,0,80.23,45.86,3.89,79.34,SSJV,Woodlake
2007,7,6,Ivanhoe,0,0,0,0,80.23,45.86,3.89,79.34,SSJV,Ivanhoe
2007,7,6,Exeter,0,0,0,0,80.94,39.29,3.56,78.5,SSJV,Exeter
2007,7,6,South Exeter,0,0,0,0,80.23,45.86,3.89,79.34,SSJV,South Exeter
2007,7,6,Tonyville,0,0,0,0,80.23,45.86,3.89,79.34,SSJV,Tonyville
2007,7,6,West Lindsay,0,0,0,0,80.94,39.29,3.56,78.5,SSJV,West Lindsay
2007,7,6,Strathmore,0,0,0,0,80.23,45.86,3.89,79.34,SSJV,Strathmore
2007,7,6,Porterville,0,0,0,0,80.23,45.86,3.89,79.34,SSJV,Porterville
2007,7,6,Terra Bella,0,0,0,0,80.23,45.86,3.89,79.34,SSJV,Terra Bella
2007,7,13,Woodlake,0,0,0,0,78.73,52.57,4.1,79.89,SSJV,Woodlake
2007,7,13,Ivanhoe,0,0,0,0,78.73,52.57,4.1,79.89,SSJV,Ivanhoe
2007,7,13,Exeter,0,0,0,0,79.23,43.71,3.64,79.81,SSJV,Exeter
2007,7,13,South Exeter,0,0,0,0,78.73,52.57,4.1,79.89,SSJV,South Exeter
2007,7,13,Tonyville,0,0,0,0,78.73,52.57,4.1,79.89,SSJV,Tonyville
2007,7,13,West Lindsay,0,0,0,0,79.23,43.71,3.64,79.81,SSJV,West Lindsay
2007,7,13,Strathmore,0,0,0,0,78.73,52.57,4.1,79.89,SSJV,Strathmore
2007,7,13,Porterville,0,0,0,0,78.73,52.57,4.1,79.89,SSJV,Porterville
2007,7,13,Terra Bella,0,0,0,0,78.73,52.57,4.1,79.89,SSJV,Terra Bella
2007,7,20,Woodlake,0,0,0,0,77.86,48.57,4.91,78.27,SSJV,Woodlake
2007,7,20,Ivanhoe,0,0,0,0,77.86,48.57,4.91,78.27,SSJV,Ivanhoe
2007,7,20,Exeter,0,0,0,0,77.8,47,3.81,79.64,SSJV,Exeter
2007,7,20,South Exeter,0,0,0,0,77.86,48.57,4.91,78.27,SSJV,South Exeter
2007,7,20,Tonyville,0,0,0,0,77.86,48.57,4.91,78.27,SSJV,Tonyville
2007,7,20,West Lindsay,0,0,0,0,77.8,47,3.81,79.64,SSJV,West Lindsay
2007,7,20,Strathmore,0,0,0,0,77.86,48.57,4.91,78.27,SSJV,Strathmore
2007,7,20,Porterville,0,0,0,0,77.86,48.57,4.91,78.27,SSJV,Porterville
2007,7,20,Terra Bella,0,0,0,0,77.86,48.57,4.91,78.27,SSJV,Terra Bella
2007,7,27,Woodlake,0,0,0,0,81.2,49.29,3.8,79.26,SSJV,Woodlake
2007,7,27,Ivanhoe,0,0,0,0,81.2,49.29,3.8,79.26,SSJV,Ivanhoe
2007,7,27,Exeter,0,0,0,0,82.06,44.43,3.16,81.34,SSJV,Exeter
2007,7,27,South Exeter,0,0,0,0,81.2,49.29,3.8,79.26,SSJV,South Exeter
2007,7,27,Tonyville,0,0,0,0,81.2,49.29,3.8,79.26,SSJV,Tonyville
2007,7,27,West Lindsay,0,0,0,0,82.06,44.43,3.16,81.34,SSJV,West Lindsay
2007,7,27,Strathmore,0,0,0,0,81.2,49.29,3.8,79.26,SSJV,Strathmore
2007,7,27,Porterville,0,0,0,0,81.2,49.29,3.8,79.26,SSJV,Porterville
2007,7,27,Terra Bella,0,0,0,0,81.2,49.29,3.8,79.26,SSJV,Terra Bella
2007,8,3,Woodlake,0,0,0,0,80.61,46.57,3.41,80.96,SSJV,Woodlake
2007,8,3,Ivanhoe,0,0,0,0,80.61,46.57,3.41,80.96,SSJV,Ivanhoe
2007,8,3,Exeter,0,0,0,0,82.39,38.43,2.9,81.91,SSJV,Exeter
2007,8,3,South Exeter,0,0,0,0,80.61,46.57,3.41,80.96,SSJV,South Exeter
2007,8,3,Tonyville,0,0,0,0,80.61,46.57,3.41,80.96,SSJV,Tonyville
2007,8,3,West Lindsay,0,0,0,0,82.39,38.43,2.9,81.91,SSJV,West Lindsay
2007,8,3,Strathmore,0,0,0,0,80.61,46.57,3.41,80.96,SSJV,Strathmore
2007,8,3,Porterville,0,0,0,0,80.61,46.57,3.41,80.96,SSJV,Porterville
2007,8,3,Terra Bella,0,0,0,0,80.61,46.57,3.41,80.96,SSJV,Terra Bella
2007,8,10,Woodlake,0,0,0,0,75.8,45.86,4.3,77.97,SSJV,Woodlake
2007,8,10,Ivanhoe,0,0,0,0,75.8,45.86,4.3,77.97,SSJV,Ivanhoe
2007,8,10,Exeter,0,0,0,0,76.39,42.86,3.71,78.79,SSJV,Exeter
2007,8,10,South Exeter,0,0,0,0,75.8,45.86,4.3,77.97,SSJV,South Exeter
2007,8,10,Tonyville,0,0,0,0,75.8,45.86,4.3,77.97,SSJV,Tonyville
2007,8,10,West Lindsay,0,0,0,0,76.39,42.86,3.71,78.79,SSJV,West Lindsay
2007,8,10,Strathmore,0,0,0,0,75.8,45.86,4.3,77.97,SSJV,Strathmore
2007,8,10,Porterville,0,0,0,0,75.8,45.86,4.3,77.97,SSJV,Porterville
2007,8,10,Terra Bella,0,0,0,0,75.8,45.86,4.3,77.97,SSJV,Terra Bella
2007,8,17,Woodlake,0,0,0,0,76.33,45.29,3.66,77.83,SSJV,Woodlake
2007,8,17,Ivanhoe,0,0,0,0,76.33,45.29,3.66,77.83,SSJV,Ivanhoe
2007,8,17,Exeter,0,0,0,0,76,43.57,3.2,77.17,SSJV,Exeter
2007,8,17,South Exeter,0,0,0,0,76.33,45.29,3.66,77.83,SSJV,South Exeter
2007,8,17,Tonyville,0,0,0,0,76.33,45.29,3.66,77.83,SSJV,Tonyville
2007,8,17,West Lindsay,0,0,0,0,76,43.57,3.2,77.17,SSJV,West Lindsay
2007,8,17,Strathmore,0,0,0,0,76.33,45.29,3.66,77.83,SSJV,Strathmore
2007,8,17,Porterville,0,0,0,0,76.33,45.29,3.66,77.83,SSJV,Porterville
2007,8,17,Terra Bella,0,0,0,0,76.33,45.29,3.66,77.83,SSJV,Terra Bella
2007,8,24,Woodlake,0,0,0,0,77.97,50.57,3.23,76.96,SSJV,Woodlake
2007,8,24,Ivanhoe,0,0,0,0,77.97,50.57,3.23,76.96,SSJV,Ivanhoe
2007,8,24,Exeter,0,0,0,0,78.4,44.71,3.17,77.7,SSJV,Exeter
2007,8,24,South Exeter,0,0,0,0,77.97,50.57,3.23,76.96,SSJV,South Exeter
2007,8,24,Tonyville,0,0,0,0,77.97,50.57,3.23,76.96,SSJV,Tonyville
2007,8,24,West Lindsay,0,0,0,0,78.4,44.71,3.17,77.7,SSJV,West Lindsay
2007,8,24,Strathmore,0,0,0,0,77.97,50.57,3.23,76.96,SSJV,Strathmore
2007,8,24,Porterville,0,0,0,0,77.97,50.57,3.23,76.96,SSJV,Porterville
2007,8,24,Terra Bella,0,0,0,0,77.97,50.57,3.23,76.96,SSJV,Terra Bella
2007,8,31,Woodlake,0,0,0,0.02,82.76,53.14,3.54,79.84,SSJV,Woodlake
2007,8,31,Ivanhoe,0,0,0,0.02,82.76,53.14,3.54,79.84,SSJV,Ivanhoe
2007,8,31,Exeter,0,0,0,0,83.2,45.71,3.21,79.91,SSJV,Exeter
2007,8,31,South Exeter,0,0,0,0.02,82.76,53.14,3.54,79.84,SSJV,South Exeter
2007,8,31,Tonyville,0,0,0,0.02,82.76,53.14,3.54,79.84,SSJV,Tonyville
2007,8,31,West Lindsay,0,0,0,0,83.2,45.71,3.21,79.91,SSJV,West Lindsay
2007,8,31,Strathmore,0,0,0,0.02,82.76,53.14,3.54,79.84,SSJV,Strathmore
2007,8,31,Porterville,0,0,0,0.02,82.76,53.14,3.54,79.84,SSJV,Porterville
2007,8,31,Terra Bella,0,0,0,0.02,82.76,53.14,3.54,79.84,SSJV,Terra Bella
2007,9,7,Woodlake,3,0,3,0,78.77,47.57,4,79.11,SSJV,Woodlake
2007,9,7,Ivanhoe,0,0,0,0,78.77,47.57,4,79.11,SSJV,Ivanhoe
2007,9,7,Exeter,0,0,0,0,78.81,45.86,3.44,79.83,SSJV,Exeter
2007,9,7,South Exeter,0,0,0,0,78.77,47.57,4,79.11,SSJV,South Exeter
2007,9,7,Tonyville,0,0,0,0,78.77,47.57,4,79.11,SSJV,Tonyville
2007,9,7,West Lindsay,0,0,0,0,78.81,45.86,3.44,79.83,SSJV,West Lindsay
2007,9,7,Strathmore,1,0,1,0,78.77,47.57,4,79.11,SSJV,Strathmore
2007,9,7,Porterville,0,0,0,0,78.77,47.57,4,79.11,SSJV,Porterville
2007,9,7,Terra Bella,0,0,0,0,78.77,47.57,4,79.11,SSJV,Terra Bella
2007,9,14,Woodlake,0,0,0,0,73.26,56.71,3.7,77.39,SSJV,Woodlake
2007,9,14,Ivanhoe,0,0,0,0,73.26,56.71,3.7,77.39,SSJV,Ivanhoe
2007,9,14,Exeter,0,0,0,0,73.2,53.43,3.23,76.76,SSJV,Exeter
2007,9,14,South Exeter,0,0,0,0,73.26,56.71,3.7,77.39,SSJV,South Exeter
2007,9,14,Tonyville,0,0,0,0,73.26,56.71,3.7,77.39,SSJV,Tonyville
2007,9,14,West Lindsay,0,0,0,0,73.2,53.43,3.23,76.76,SSJV,West Lindsay
2007,9,14,Strathmore,1,0,1,0,73.26,56.71,3.7,77.39,SSJV,Strathmore
2007,9,14,Porterville,0,0,0,0,73.26,56.71,3.7,77.39,SSJV,Porterville
2007,9,14,Terra Bella,0,0,0,0,73.26,56.71,3.7,77.39,SSJV,Terra Bella
2007,9,21,Woodlake,0,0,0,0,65.5,57,3.9,71.66,SSJV,Woodlake
2007,9,21,Ivanhoe,0,0,0,0,65.5,57,3.9,71.66,SSJV,Ivanhoe
2007,9,21,Exeter,0,0,0,0,65.1,55.29,3.73,72.36,SSJV,Exeter
2007,9,21,South Exeter,0,0,0,0,65.5,57,3.9,71.66,SSJV,South Exeter
2007,9,21,Tonyville,0,0,0,0,65.5,57,3.9,71.66,SSJV,Tonyville
2007,9,21,West Lindsay,0,0,0,0,65.1,55.29,3.73,72.36,SSJV,West Lindsay
2007,9,21,Strathmore,1,0,1,0,65.5,57,3.9,71.66,SSJV,Strathmore
2007,9,21,Porterville,0,0,0,0,65.5,57,3.9,71.66,SSJV,Porterville
2007,9,21,Terra Bella,1,0,1,0,65.5,57,3.9,71.66,SSJV,Terra Bella
2007,9,28,Woodlake,0,0,0,0.02,65.11,62.43,3.46,69.96,SSJV,Woodlake
2007,9,28,Ivanhoe,0,0,0,0.02,65.11,62.43,3.46,69.96,SSJV,Ivanhoe
2007,9,28,Exeter,0,0,0,0,64.04,60.86,3.33,69.84,SSJV,Exeter
2007,9,28,South Exeter,0,0,0,0.02,65.11,62.43,3.46,69.96,SSJV,South Exeter
2007,9,28,Tonyville,0,0,0,0.02,65.11,62.43,3.46,69.96,SSJV,Tonyville
2007,9,28,West Lindsay,0,0,0,0,64.04,60.86,3.33,69.84,SSJV,West Lindsay
2007,9,28,Strathmore,0,0,0,0.02,65.11,62.43,3.46,69.96,SSJV,Strathmore
2007,9,28,Porterville,0,0,0,0.02,65.11,62.43,3.46,69.96,SSJV,Porterville
2007,9,28,Terra Bella,1,0,1,0.02,65.11,62.43,3.46,69.96,SSJV,Terra Bella
2007,10,5,Woodlake,0,0,0,0,62.16,58,4.09,68.83,SSJV,Woodlake
2007,10,5,Ivanhoe,0,0,0,0,62.16,58,4.09,68.83,SSJV,Ivanhoe
2007,10,5,Exeter,0,0,0,0,62.73,55.29,3.31,68.09,SSJV,Exeter
2007,10,5,South Exeter,0,0,0,0,62.16,58,4.09,68.83,SSJV,South Exeter
2007,10,5,Tonyville,0,0,0,0,62.16,58,4.09,68.83,SSJV,Tonyville
2007,10,5,West Lindsay,0,0,0,0,62.73,55.29,3.31,68.09,SSJV,West Lindsay
2007,10,5,Strathmore,0,0,0,0,62.16,58,4.09,68.83,SSJV,Strathmore
2007,10,5,Porterville,0,0,0,0,62.16,58,4.09,68.83,SSJV,Porterville
2007,10,5,Terra Bella,0,0,0,0,62.16,58,4.09,68.83,SSJV,Terra Bella
2007,10,12,Woodlake,0,0,0,0.04,58.77,60.29,3.03,66.43,SSJV,Woodlake
2007,10,12,Ivanhoe,0,0,0,0.04,58.77,60.29,3.03,66.43,SSJV,Ivanhoe
2007,10,12,Exeter,1,0,1,0.06,59.96,55.57,3.07,64.81,SSJV,Exeter
2007,10,12,South Exeter,0,0,0,0.04,58.77,60.29,3.03,66.43,SSJV,South Exeter
2007,10,12,Tonyville,0,0,0,0.04,58.77,60.29,3.03,66.43,SSJV,Tonyville
2007,10,12,West Lindsay,0,0,0,0.06,59.96,55.57,3.07,64.81,SSJV,West Lindsay
2007,10,12,Strathmore,0,0,0,0.04,58.77,60.29,3.03,66.43,SSJV,Strathmore
2007,10,12,Porterville,0,0,0,0.04,58.77,60.29,3.03,66.43,SSJV,Porterville
2007,10,12,Terra Bella,1,0,1,0.04,58.77,60.29,3.03,66.43,SSJV,Terra Bella
2007,10,19,Woodlake,0,0,0,0,59.61,74,3.53,64.63,SSJV,Woodlake
2007,10,19,Ivanhoe,1,0,1,0,59.61,74,3.53,64.63,SSJV,Ivanhoe
2007,10,19,Exeter,0,0,0,0.02,58.71,69.86,2.96,64.4,SSJV,Exeter
2007,10,19,South Exeter,0,0,0,0,59.61,74,3.53,64.63,SSJV,South Exeter
2007,10,19,Tonyville,0,0,0,0,59.61,74,3.53,64.63,SSJV,Tonyville
2007,10,19,West Lindsay,0,0,0,0.02,58.71,69.86,2.96,64.4,SSJV,West Lindsay
2007,10,19,Strathmore,0,0,0,0,59.61,74,3.53,64.63,SSJV,Strathmore
2007,10,19,Porterville,0,0,0,0,59.61,74,3.53,64.63,SSJV,Porterville
2007,10,19,Terra Bella,1,0,1,0,59.61,74,3.53,64.63,SSJV,Terra Bella
2007,10,26,Woodlake,0,1,1,0,60.63,57,3.21,62.61,SSJV,Woodlake
2007,10,26,Ivanhoe,1,0,1,0,60.63,57,3.21,62.61,SSJV,Ivanhoe
2007,10,26,Exeter,0,0,0,0.09,60.5,51.71,2.8,62.3,SSJV,Exeter
2007,10,26,South Exeter,0,0,0,0,60.63,57,3.21,62.61,SSJV,South Exeter
2007,10,26,Tonyville,0,0,0,0,60.63,57,3.21,62.61,SSJV,Tonyville
2007,10,26,West Lindsay,0,0,0,0.09,60.5,51.71,2.8,62.3,SSJV,West Lindsay
2007,10,26,Strathmore,0,0,0,0,60.63,57,3.21,62.61,SSJV,Strathmore
2007,10,26,Porterville,0,0,0,0,60.63,57,3.21,62.61,SSJV,Porterville
2007,10,26,Terra Bella,0,0,0,0,60.63,57,3.21,62.61,SSJV,Terra Bella
2007,11,2,Woodlake,1,0,1,0.02,60.63,81.43,2.56,64.14,SSJV,Woodlake
2007,11,2,Ivanhoe,1,1,2,0.02,60.63,81.43,2.56,64.14,SSJV,Ivanhoe
2007,11,2,Exeter,0,0,0,0.13,60.05,77.5,2.7,63.4,SSJV,Exeter
2007,11,2,South Exeter,0,0,0,0.02,60.63,81.43,2.56,64.14,SSJV,South Exeter
2007,11,2,Tonyville,1,0,1,0.02,60.63,81.43,2.56,64.14,SSJV,Tonyville
2007,11,2,West Lindsay,0,0,0,0.13,60.05,77.5,2.7,63.4,SSJV,West Lindsay
2007,11,2,Strathmore,0,0,0,0.02,60.63,81.43,2.56,64.14,SSJV,Strathmore
2007,11,2,Porterville,1,0,1,0.02,60.63,81.43,2.56,64.14,SSJV,Porterville
2007,11,2,Terra Bella,2,0,2,0.02,60.63,81.43,2.56,64.14,SSJV,Terra Bella
2007,11,9,Woodlake,1,0,1,0,58.16,71.29,2.26,61.5,SSJV,Woodlake
2007,11,9,Ivanhoe,2,0,2,0,58.16,71.29,2.26,61.5,SSJV,Ivanhoe
2007,11,9,Exeter,1,0,1,0.06,58.9,65.86,2.61,61.51,SSJV,Exeter
2007,11,9,South Exeter,0,0,0,0,58.16,71.29,2.26,61.5,SSJV,South Exeter
2007,11,9,Tonyville,0,0,0,0,58.16,71.29,2.26,61.5,SSJV,Tonyville
2007,11,9,West Lindsay,1,0,1,0.06,58.9,65.86,2.61,61.51,SSJV,West Lindsay
2007,11,9,Strathmore,0,1,1,0,58.16,71.29,2.26,61.5,SSJV,Strathmore
2007,11,9,Porterville,1,0,1,0,58.16,71.29,2.26,61.5,SSJV,Porterville
2007,11,9,Terra Bella,2,1,3,0,58.16,71.29,2.26,61.5,SSJV,Terra Bella
2007,11,16,Woodlake,0,0,0,0.01,56.59,80.71,2.5,60.49,SSJV,Woodlake
2007,11,16,Ivanhoe,0,0,0,0.01,56.59,80.71,2.5,60.49,SSJV,Ivanhoe
2007,11,16,Exeter,0,0,0,0.04,56.27,76.86,2.47,59.8,SSJV,Exeter
2007,11,16,South Exeter,0,0,0,0.01,56.59,80.71,2.5,60.49,SSJV,South Exeter
2007,11,16,Tonyville,0,0,0,0.01,56.59,80.71,2.5,60.49,SSJV,Tonyville
2007,11,16,West Lindsay,0,0,0,0.04,56.27,76.86,2.47,59.8,SSJV,West Lindsay
2007,11,16,Strathmore,0,0,0,0.01,56.59,80.71,2.5,60.49,SSJV,Strathmore
2007,11,16,Porterville,0,0,0,0.01,56.59,80.71,2.5,60.49,SSJV,Porterville
2007,11,16,Terra Bella,1,0,1,0.01,56.59,80.71,2.5,60.49,SSJV,Terra Bella
2007,11,23,Woodlake,1,0,1,0,51.97,75.86,2.56,58.44,SSJV,Woodlake
2007,11,23,Ivanhoe,1,0,1,0,51.97,75.86,2.56,58.44,SSJV,Ivanhoe
2007,11,23,Exeter,0,0,0,0.09,51.84,73,2.57,57.71,SSJV,Exeter
2007,11,23,South Exeter,0,0,0,0,51.97,75.86,2.56,58.44,SSJV,South Exeter
2007,11,23,Tonyville,4,2,6,0,51.97,75.86,2.56,58.44,SSJV,Tonyville
2007,11,23,West Lindsay,1,0,1,0.09,51.84,73,2.57,57.71,SSJV,West Lindsay
2007,11,23,Strathmore,1,0,1,0,51.97,75.86,2.56,58.44,SSJV,Strathmore
2007,11,23,Porterville,0,0,0,0,51.97,75.86,2.56,58.44,SSJV,Porterville
2007,11,23,Terra Bella,5,2,7,0,51.97,75.86,2.56,58.44,SSJV,Terra Bella
2007,11,30,Woodlake,0,1,1,0,45.66,68.14,2.44,53.03,SSJV,Woodlake
2007,11,30,Ivanhoe,1,0,1,0,45.66,68.14,2.44,53.03,SSJV,Ivanhoe
2007,11,30,Exeter,0,0,0,0.06,46.07,62.57,2.69,51.4,SSJV,Exeter
2007,11,30,South Exeter,0,0,0,0,45.66,68.14,2.44,53.03,SSJV,South Exeter
2007,11,30,Tonyville,1,0,1,0,45.66,68.14,2.44,53.03,SSJV,Tonyville
2007,11,30,West Lindsay,0,0,0,0.06,46.07,62.57,2.69,51.4,SSJV,West Lindsay
2007,11,30,Strathmore,1,0,1,0,45.66,68.14,2.44,53.03,SSJV,Strathmore
2007,11,30,Porterville,1,0,1,0,45.66,68.14,2.44,53.03,SSJV,Porterville
2007,11,30,Terra Bella,1,0,1,0,45.66,68.14,2.44,53.03,SSJV,Terra Bella
2008,3,28,Woodlake,0,0,0,0,57.14,56.71,4.73,59.1,SSJV,Woodlake
2008,3,28,Ivanhoe,0,0,0,0,57.14,56.71,4.73,59.1,SSJV,Ivanhoe
2008,3,28,Exeter,0,0,0,0.04,56.74,56.57,3.64,59.23,SSJV,Exeter
2008,3,28,South Exeter,0,0,0,0,57.14,56.71,4.73,59.1,SSJV,South Exeter
2008,3,28,Tonyville,0,0,0,0,57.14,56.71,4.73,59.1,SSJV,Tonyville
2008,3,28,West Lindsay,0,0,0,0.04,56.74,56.57,3.64,59.23,SSJV,West Lindsay
2008,3,28,Strathmore,0,0,0,0,57.14,56.71,4.73,59.1,SSJV,Strathmore
2008,3,28,Porterville,0,0,0,0,57.14,56.71,4.73,59.1,SSJV,Porterville
2008,3,28,Terra Bella,0,0,0,0,57.14,56.71,4.73,59.1,SSJV,Terra Bella
2008,4,4,Woodlake,0,0,0,0,56.76,56.29,4.49,60.84,SSJV,Woodlake
2008,4,4,Ivanhoe,1,0,1,0,56.76,56.29,4.49,60.84,SSJV,Ivanhoe
2008,4,4,Exeter,0,0,0,0.04,56.49,54.86,3.9,59.76,SSJV,Exeter
2008,4,4,South Exeter,0,0,0,0,56.76,56.29,4.49,60.84,SSJV,South Exeter
2008,4,4,Tonyville,2,2,4,0,56.76,56.29,4.49,60.84,SSJV,Tonyville
2008,4,4,West Lindsay,0,0,0,0.04,56.49,54.86,3.9,59.76,SSJV,West Lindsay
2008,4,4,Strathmore,0,0,0,0,56.76,56.29,4.49,60.84,SSJV,Strathmore
2008,4,4,Porterville,0,0,0,0,56.76,56.29,4.49,60.84,SSJV,Porterville
2008,4,4,Terra Bella,2,1,3,0,56.76,56.29,4.49,60.84,SSJV,Terra Bella
2008,4,11,Woodlake,0,0,0,0,56.3,54.29,5.16,60.21,SSJV,Woodlake
2008,4,11,Ivanhoe,1,0,1,0,56.3,54.29,5.16,60.21,SSJV,Ivanhoe
2008,4,11,Exeter,0,0,0,0.02,56.4,52.86,3.91,60.2,SSJV,Exeter
2008,4,11,South Exeter,0,0,0,0,56.3,54.29,5.16,60.21,SSJV,South Exeter
2008,4,11,Tonyville,5,2,7,0,56.3,54.29,5.16,60.21,SSJV,Tonyville
2008,4,11,West Lindsay,0,0,0,0.02,56.4,52.86,3.91,60.2,SSJV,West Lindsay
2008,4,11,Strathmore,0,0,0,0,56.3,54.29,5.16,60.21,SSJV,Strathmore
2008,4,11,Porterville,1,0,1,0,56.3,54.29,5.16,60.21,SSJV,Porterville
2008,4,11,Terra Bella,2,0,2,0,56.3,54.29,5.16,60.21,SSJV,Terra Bella
2008,4,18,Woodlake,3,0,3,0,62.94,46.29,4.6,62.99,SSJV,Woodlake
2008,4,18,Ivanhoe,2,0,2,0,62.94,46.29,4.6,62.99,SSJV,Ivanhoe
2008,4,18,Exeter,1,0,1,0,62.49,42,3.71,63.36,SSJV,Exeter
2008,4,18,South Exeter,0,0,0,0,62.94,46.29,4.6,62.99,SSJV,South Exeter
2008,4,18,Tonyville,1,0,1,0,62.94,46.29,4.6,62.99,SSJV,Tonyville
2008,4,18,West Lindsay,0,0,0,0,62.49,42,3.71,63.36,SSJV,West Lindsay
2008,4,18,Strathmore,1,0,1,0,62.94,46.29,4.6,62.99,SSJV,Strathmore
2008,4,18,Porterville,2,0,2,0,62.94,46.29,4.6,62.99,SSJV,Porterville
2008,4,18,Terra Bella,4,0,4,0,62.94,46.29,4.6,62.99,SSJV,Terra Bella
2008,4,25,Woodlake,0,0,0,0,55.99,48.57,6.03,62.06,SSJV,Woodlake
2008,4,25,Ivanhoe,0,0,0,0,55.99,48.57,6.03,62.06,SSJV,Ivanhoe
2008,4,25,Exeter,0,0,0,0,55.41,48.86,4.1,61.57,SSJV,Exeter
2008,4,25,South Exeter,0,0,0,0,55.99,48.57,6.03,62.06,SSJV,South Exeter
2008,4,25,Tonyville,3,1,4,0,55.99,48.57,6.03,62.06,SSJV,Tonyville
2008,4,25,West Lindsay,3,0,3,0,55.41,48.86,4.1,61.57,SSJV,West Lindsay
2008,4,25,Strathmore,3,0,3,0,55.99,48.57,6.03,62.06,SSJV,Strathmore
2008,4,25,Porterville,5,2,7,0,55.99,48.57,6.03,62.06,SSJV,Porterville
2008,4,25,Terra Bella,9,0,9,0,55.99,48.57,6.03,62.06,SSJV,Terra Bella
2008,5,2,Woodlake,0,0,0,0,65.24,45.29,5.84,65.36,SSJV,Woodlake
2008,5,2,Ivanhoe,1,3,4,0,65.24,45.29,5.84,65.36,SSJV,Ivanhoe
2008,5,2,Exeter,0,0,0,0,64.27,45.57,3.81,64.8,SSJV,Exeter
2008,5,2,South Exeter,0,1,1,0,65.24,45.29,5.84,65.36,SSJV,South Exeter
2008,5,2,Tonyville,2,0,2,0,65.24,45.29,5.84,65.36,SSJV,Tonyville
2008,5,2,West Lindsay,1,0,1,0,64.27,45.57,3.81,64.8,SSJV,West Lindsay
2008,5,2,Strathmore,1,0,1,0,65.24,45.29,5.84,65.36,SSJV,Strathmore
2008,5,2,Porterville,1,0,1,0,65.24,45.29,5.84,65.36,SSJV,Porterville
2008,5,2,Terra Bella,2,0,2,0,65.24,45.29,5.84,65.36,SSJV,Terra Bella
2008,5,9,Woodlake,6,1,7,0,66.24,50.29,4.53,69,SSJV,Woodlake
2008,5,9,Ivanhoe,1,0,1,0,66.24,50.29,4.53,69,SSJV,Ivanhoe
2008,5,9,Exeter,2,4,6,0,65.51,47.57,3.67,67.83,SSJV,Exeter
2008,5,9,South Exeter,2,1,3,0,66.24,50.29,4.53,69,SSJV,South Exeter
2008,5,9,Tonyville,6,1,7,0,66.24,50.29,4.53,69,SSJV,Tonyville
2008,5,9,West Lindsay,1,0,1,0,65.51,47.57,3.67,67.83,SSJV,West Lindsay
2008,5,9,Strathmore,3,0,3,0,66.24,50.29,4.53,69,SSJV,Strathmore
2008,5,9,Porterville,4,0,4,0,66.24,50.29,4.53,69,SSJV,Porterville
2008,5,9,Terra Bella,6,2,8,0,66.24,50.29,4.53,69,SSJV,Terra Bella
2008,5,16,Woodlake,3,1,4,0,71.53,44.14,3.84,70.27,SSJV,Woodlake
2008,5,16,Ivanhoe,2,3,5,0,71.53,44.14,3.84,70.27,SSJV,Ivanhoe
2008,5,16,Exeter,4,3,7,0,70.93,40.14,3.24,70.47,SSJV,Exeter
2008,5,16,South Exeter,1,0,1,0,71.53,44.14,3.84,70.27,SSJV,South Exeter
2008,5,16,Tonyville,3,0,3,0,71.53,44.14,3.84,70.27,SSJV,Tonyville
2008,5,16,West Lindsay,1,0,1,0,70.93,40.14,3.24,70.47,SSJV,West Lindsay
2008,5,16,Strathmore,2,0,2,0,71.53,44.14,3.84,70.27,SSJV,Strathmore
2008,5,16,Porterville,2,1,3,0,71.53,44.14,3.84,70.27,SSJV,Porterville
2008,5,16,Terra Bella,8,2,10,0,71.53,44.14,3.84,70.27,SSJV,Terra Bella
2008,5,23,Woodlake,0,0,0,0,74.24,41.86,6.09,73.63,SSJV,Woodlake
2008,5,23,Ivanhoe,0,0,0,0,74.24,41.86,6.09,73.63,SSJV,Ivanhoe
2008,5,23,Exeter,0,0,0,0,74.51,37,5,75.21,SSJV,Exeter
2008,5,23,South Exeter,0,0,0,0,74.24,41.86,6.09,73.63,SSJV,South Exeter
2008,5,23,Tonyville,0,0,0,0,74.24,41.86,6.09,73.63,SSJV,Tonyville
2008,5,23,West Lindsay,0,0,0,0,74.51,37,5,75.21,SSJV,West Lindsay
2008,5,23,Strathmore,0,0,0,0,74.24,41.86,6.09,73.63,SSJV,Strathmore
2008,5,23,Porterville,0,0,0,0,74.24,41.86,6.09,73.63,SSJV,Porterville
2008,5,23,Terra Bella,0,0,0,0,74.24,41.86,6.09,73.63,SSJV,Terra Bella
2008,5,30,Woodlake,0,2,2,0.07,62.17,66,4.73,67.76,SSJV,Woodlake
2008,5,30,Ivanhoe,0,1,1,0.07,62.17,66,4.73,67.76,SSJV,Ivanhoe
2008,5,30,Exeter,1,1,2,0,61.54,60.43,3.94,69.71,SSJV,Exeter
2008,5,30,South Exeter,0,0,0,0.07,62.17,66,4.73,67.76,SSJV,South Exeter
2008,5,30,Tonyville,2,0,2,0.07,62.17,66,4.73,67.76,SSJV,Tonyville
2008,5,30,West Lindsay,3,0,3,0,61.54,60.43,3.94,69.71,SSJV,West Lindsay
2008,5,30,Strathmore,4,0,4,0.07,62.17,66,4.73,67.76,SSJV,Strathmore
2008,5,30,Porterville,0,0,0,0.07,62.17,66,4.73,67.76,SSJV,Porterville
2008,5,30,Terra Bella,4,1,5,0.07,62.17,66,4.73,67.76,SSJV,Terra Bella
2008,6,6,Woodlake,0,1,1,0,69.06,45,6.3,70.41,SSJV,Woodlake
2008,6,6,Ivanhoe,3,2,5,0,69.06,45,6.3,70.41,SSJV,Ivanhoe
2008,6,6,Exeter,0,1,1,0,68.31,42.86,4.24,72.07,SSJV,Exeter
2008,6,6,South Exeter,0,0,0,0,69.06,45,6.3,70.41,SSJV,South Exeter
2008,6,6,Tonyville,6,1,7,0,69.06,45,6.3,70.41,SSJV,Tonyville
2008,6,6,West Lindsay,0,0,0,0,68.31,42.86,4.24,72.07,SSJV,West Lindsay
2008,6,6,Strathmore,2,0,2,0,69.06,45,6.3,70.41,SSJV,Strathmore
2008,6,6,Porterville,0,0,0,0,69.06,45,6.3,70.41,SSJV,Porterville
2008,6,6,Terra Bella,5,1,6,0,69.06,45,6.3,70.41,SSJV,Terra Bella
2008,6,13,Woodlake,2,2,4,0,73.36,41,4.41,72.29,SSJV,Woodlake
2008,6,13,Ivanhoe,4,2,6,0,73.36,41,4.41,72.29,SSJV,Ivanhoe
2008,6,13,Exeter,0,0,0,0,72.97,38.86,3.64,73.2,SSJV,Exeter
2008,6,13,South Exeter,0,0,0,0,73.36,41,4.41,72.29,SSJV,South Exeter
2008,6,13,Tonyville,3,1,4,0,73.36,41,4.41,72.29,SSJV,Tonyville
2008,6,13,West Lindsay,0,0,0,0,72.97,38.86,3.64,73.2,SSJV,West Lindsay
2008,6,13,Strathmore,1,0,1,0,73.36,41,4.41,72.29,SSJV,Strathmore
2008,6,13,Porterville,1,0,1,0,73.36,41,4.41,72.29,SSJV,Porterville
2008,6,13,Terra Bella,3,1,4,0,73.36,41,4.41,72.29,SSJV,Terra Bella
2008,6,20,Woodlake,0,2,2,0,78.06,42.57,3.99,76.77,SSJV,Woodlake
2008,6,20,Ivanhoe,1,2,3,0,78.06,42.57,3.99,76.77,SSJV,Ivanhoe
2008,6,20,Exeter,0,0,0,0,79.03,35,3.21,76.46,SSJV,Exeter
2008,6,20,South Exeter,1,0,1,0,78.06,42.57,3.99,76.77,SSJV,South Exeter
2008,6,20,Tonyville,3,0,3,0,78.06,42.57,3.99,76.77,SSJV,Tonyville
2008,6,20,West Lindsay,0,0,0,0,79.03,35,3.21,76.46,SSJV,West Lindsay
2008,6,20,Strathmore,1,0,1,0,78.06,42.57,3.99,76.77,SSJV,Strathmore
2008,6,20,Porterville,0,0,0,0,78.06,42.57,3.99,76.77,SSJV,Porterville
2008,6,20,Terra Bella,2,0,2,0,78.06,42.57,3.99,76.77,SSJV,Terra Bella
2008,6,27,Woodlake,0,0,0,0,79.06,43.86,4.11,76.69,SSJV,Woodlake
2008,6,27,Ivanhoe,3,1,4,0,79.06,43.86,4.11,76.69,SSJV,Ivanhoe
2008,6,27,Exeter,0,0,0,0,78.83,39,3.03,77.89,SSJV,Exeter
2008,6,27,South Exeter,0,0,0,0,79.06,43.86,4.11,76.69,SSJV,South Exeter
2008,6,27,Tonyville,1,0,1,0,79.06,43.86,4.11,76.69,SSJV,Tonyville
2008,6,27,West Lindsay,0,0,0,0,78.83,39,3.03,77.89,SSJV,West Lindsay
2008,6,27,Strathmore,1,0,1,0,79.06,43.86,4.11,76.69,SSJV,Strathmore
2008,6,27,Porterville,0,0,0,0,79.06,43.86,4.11,76.69,SSJV,Porterville
2008,6,27,Terra Bella,4,1,5,0,79.06,43.86,4.11,76.69,SSJV,Terra Bella
2008,7,4,Woodlake,0,0,0,0,78.41,47.57,4.6,78.13,SSJV,Woodlake
2008,7,4,Ivanhoe,0,1,1,0,78.41,47.57,4.6,78.13,SSJV,Ivanhoe
2008,7,4,Exeter,0,1,1,0,77.86,44,3.4,78.73,SSJV,Exeter
2008,7,4,South Exeter,1,0,1,0,78.41,47.57,4.6,78.13,SSJV,South Exeter
2008,7,4,Tonyville,1,0,1,0,78.41,47.57,4.6,78.13,SSJV,Tonyville
2008,7,4,West Lindsay,0,0,0,0,77.86,44,3.4,78.73,SSJV,West Lindsay
2008,7,4,Strathmore,0,0,0,0,78.41,47.57,4.6,78.13,SSJV,Strathmore
2008,7,4,Porterville,0,0,0,0,78.41,47.57,4.6,78.13,SSJV,Porterville
2008,7,4,Terra Bella,0,1,1,0,78.41,47.57,4.6,78.13,SSJV,Terra Bella
2008,7,11,Woodlake,2,1,3,0,84.03,51.71,3.67,79.54,SSJV,Woodlake
2008,7,11,Ivanhoe,1,0,1,0,84.03,51.71,3.67,79.54,SSJV,Ivanhoe
2008,7,11,Exeter,1,0,1,0,84.04,45,3.01,81.43,SSJV,Exeter
2008,7,11,South Exeter,0,0,0,0,84.03,51.71,3.67,79.54,SSJV,South Exeter
2008,7,11,Tonyville,6,1,7,0,84.03,51.71,3.67,79.54,SSJV,Tonyville
2008,7,11,West Lindsay,0,0,0,0,84.04,45,3.01,81.43,SSJV,West Lindsay
2008,7,11,Strathmore,1,0,1,0,84.03,51.71,3.67,79.54,SSJV,Strathmore
2008,7,11,Porterville,1,0,1,0,84.03,51.71,3.67,79.54,SSJV,Porterville
2008,7,11,Terra Bella,3,0,3,0,84.03,51.71,3.67,79.54,SSJV,Terra Bella
2008,7,18,Woodlake,0,0,0,0,81.56,50.86,4.29,80.51,SSJV,Woodlake
2008,7,18,Ivanhoe,0,0,0,0,81.56,50.86,4.29,80.51,SSJV,Ivanhoe
2008,7,18,Exeter,0,0,0,0,81.87,46.29,3.4,82.69,SSJV,Exeter
2008,7,18,South Exeter,0,0,0,0,81.56,50.86,4.29,80.51,SSJV,South Exeter
2008,7,18,Tonyville,1,1,2,0,81.56,50.86,4.29,80.51,SSJV,Tonyville
2008,7,18,West Lindsay,0,0,0,0,81.87,46.29,3.4,82.69,SSJV,West Lindsay
2008,7,18,Strathmore,0,0,0,0,81.56,50.86,4.29,80.51,SSJV,Strathmore
2008,7,18,Porterville,0,0,0,0,81.56,50.86,4.29,80.51,SSJV,Porterville
2008,7,18,Terra Bella,0,0,0,0,81.56,50.86,4.29,80.51,SSJV,Terra Bella
2008,7,25,Woodlake,0,0,0,0,77.59,49.86,3.71,78.9,SSJV,Woodlake
2008,7,25,Ivanhoe,0,0,0,0,77.59,49.86,3.71,78.9,SSJV,Ivanhoe
2008,7,25,Exeter,0,0,0,0,78,44.43,2.94,80.54,SSJV,Exeter
2008,7,25,South Exeter,0,0,0,0,77.59,49.86,3.71,78.9,SSJV,South Exeter
2008,7,25,Tonyville,3,0,3,0,77.59,49.86,3.71,78.9,SSJV,Tonyville
2008,7,25,West Lindsay,0,0,0,0,78,44.43,2.94,80.54,SSJV,West Lindsay
2008,7,25,Strathmore,0,0,0,0,77.59,49.86,3.71,78.9,SSJV,Strathmore
2008,7,25,Porterville,0,0,0,0,77.59,49.86,3.71,78.9,SSJV,Porterville
2008,7,25,Terra Bella,1,0,1,0,77.59,49.86,3.71,78.9,SSJV,Terra Bella
2008,8,1,Woodlake,0,0,0,0,77.73,47.29,3.8,78.01,SSJV,Woodlake
2008,8,1,Ivanhoe,0,0,0,0,77.73,47.29,3.8,78.01,SSJV,Ivanhoe
2008,8,1,Exeter,0,0,0,0,78.53,42.43,2.96,80.5,SSJV,Exeter
2008,8,1,South Exeter,0,0,0,0,77.73,47.29,3.8,78.01,SSJV,South Exeter
2008,8,1,Tonyville,0,0,0,0,77.73,47.29,3.8,78.01,SSJV,Tonyville
2008,8,1,West Lindsay,0,0,0,0,78.53,42.43,2.96,80.5,SSJV,West Lindsay
2008,8,1,Strathmore,0,0,0,0,77.73,47.29,3.8,78.01,SSJV,Strathmore
2008,8,1,Porterville,0,0,0,0,77.73,47.29,3.8,78.01,SSJV,Porterville
2008,8,1,Terra Bella,0,0,0,0,77.73,47.29,3.8,78.01,SSJV,Terra Bella
2008,8,8,Woodlake,1,0,1,0,80.09,46.43,3.5,80.16,SSJV,Woodlake
2008,8,8,Ivanhoe,0,0,0,0,80.09,46.43,3.5,80.16,SSJV,Ivanhoe
2008,8,8,Exeter,0,0,0,0,80.9,39,3.1,80.6,SSJV,Exeter
2008,8,8,South Exeter,0,0,0,0,80.09,46.43,3.5,80.16,SSJV,South Exeter
2008,8,8,Tonyville,1,0,1,0,80.09,46.43,3.5,80.16,SSJV,Tonyville
2008,8,8,West Lindsay,0,0,0,0,80.9,39,3.1,80.6,SSJV,West Lindsay
2008,8,8,Strathmore,0,0,0,0,80.09,46.43,3.5,80.16,SSJV,Strathmore
2008,8,8,Porterville,0,0,0,0,80.09,46.43,3.5,80.16,SSJV,Porterville
2008,8,8,Terra Bella,1,0,1,0,80.09,46.43,3.5,80.16,SSJV,Terra Bella
2008,8,15,Woodlake,0,0,0,0,79.79,47.71,3.43,80.24,SSJV,Woodlake
2008,8,15,Ivanhoe,0,0,0,0,79.79,47.71,3.43,80.24,SSJV,Ivanhoe
2008,8,15,Exeter,0,0,0,0,80.57,41.29,2.99,79.74,SSJV,Exeter
2008,8,15,South Exeter,0,0,0,0,79.79,47.71,3.43,80.24,SSJV,South Exeter
2008,8,15,Tonyville,1,0,1,0,79.79,47.71,3.43,80.24,SSJV,Tonyville
2008,8,15,West Lindsay,0,0,0,0,80.57,41.29,2.99,79.74,SSJV,West Lindsay
2008,8,15,Strathmore,0,0,0,0,79.79,47.71,3.43,80.24,SSJV,Strathmore
2008,8,15,Porterville,0,0,0,0,79.79,47.71,3.43,80.24,SSJV,Porterville
2008,8,15,Terra Bella,0,1,1,0,79.79,47.71,3.43,80.24,SSJV,Terra Bella
2008,8,22,Woodlake,0,0,0,0,78.49,50.71,3.94,79.01,SSJV,Woodlake
2008,8,22,Ivanhoe,0,0,0,0,78.49,50.71,3.94,79.01,SSJV,Ivanhoe
2008,8,22,Exeter,0,0,0,0,78.71,44,3.36,79.34,SSJV,Exeter
2008,8,22,South Exeter,0,0,0,0,78.49,50.71,3.94,79.01,SSJV,South Exeter
2008,8,22,Tonyville,2,0,2,0,78.49,50.71,3.94,79.01,SSJV,Tonyville
2008,8,22,West Lindsay,0,0,0,0,78.71,44,3.36,79.34,SSJV,West Lindsay
2008,8,22,Strathmore,0,0,0,0,78.49,50.71,3.94,79.01,SSJV,Strathmore
2008,8,22,Porterville,0,0,0,0,78.49,50.71,3.94,79.01,SSJV,Porterville
2008,8,22,Terra Bella,0,0,0,0,78.49,50.71,3.94,79.01,SSJV,Terra Bella
2008,8,29,Woodlake,0,0,0,0,80.89,50.86,3.2,80.07,SSJV,Woodlake
2008,8,29,Ivanhoe,0,0,0,0,80.89,50.86,3.2,80.07,SSJV,Ivanhoe
2008,8,29,Exeter,0,0,0,0,81.9,41.57,3.01,79.19,SSJV,Exeter
2008,8,29,South Exeter,0,0,0,0,80.89,50.86,3.2,80.07,SSJV,South Exeter
2008,8,29,Tonyville,0,0,0,0,80.89,50.86,3.2,80.07,SSJV,Tonyville
2008,8,29,West Lindsay,0,0,0,0,81.9,41.57,3.01,79.19,SSJV,West Lindsay
2008,8,29,Strathmore,0,0,0,0,80.89,50.86,3.2,80.07,SSJV,Strathmore
2008,8,29,Porterville,0,0,0,0,80.89,50.86,3.2,80.07,SSJV,Porterville
2008,8,29,Terra Bella,0,0,0,0,80.89,50.86,3.2,80.07,SSJV,Terra Bella
2008,9,5,Woodlake,0,0,0,0,74.84,44.29,3.5,76.29,SSJV,Woodlake
2008,9,5,Ivanhoe,0,0,0,0,74.84,44.29,3.5,76.29,SSJV,Ivanhoe
2008,9,5,Exeter,0,0,0,0,75.66,38,3.14,77.29,SSJV,Exeter
2008,9,5,South Exeter,0,0,0,0,74.84,44.29,3.5,76.29,SSJV,South Exeter
2008,9,5,Tonyville,0,0,0,0,74.84,44.29,3.5,76.29,SSJV,Tonyville
2008,9,5,West Lindsay,0,0,0,0,75.66,38,3.14,77.29,SSJV,West Lindsay
2008,9,5,Strathmore,0,0,0,0,74.84,44.29,3.5,76.29,SSJV,Strathmore
2008,9,5,Porterville,0,0,0,0,74.84,44.29,3.5,76.29,SSJV,Porterville
2008,9,5,Terra Bella,2,0,2,0,74.84,44.29,3.5,76.29,SSJV,Terra Bella
2008,9,12,Woodlake,2,1,3,0,75.13,51.43,2.9,75.86,SSJV,Woodlake
2008,9,12,Ivanhoe,0,2,2,0,75.13,51.43,2.9,75.86,SSJV,Ivanhoe
2008,9,12,Exeter,1,0,1,0,76.04,44.29,2.97,76.27,SSJV,Exeter
2008,9,12,South Exeter,0,0,0,0,75.13,51.43,2.9,75.86,SSJV,South Exeter
2008,9,12,Tonyville,1,0,1,0,75.13,51.43,2.9,75.86,SSJV,Tonyville
2008,9,12,West Lindsay,0,0,0,0,76.04,44.29,2.97,76.27,SSJV,West Lindsay
2008,9,12,Strathmore,0,0,0,0,75.13,51.43,2.9,75.86,SSJV,Strathmore
2008,9,12,Porterville,1,0,1,0,75.13,51.43,2.9,75.86,SSJV,Porterville
2008,9,12,Terra Bella,4,0,4,0,75.13,51.43,2.9,75.86,SSJV,Terra Bella
2008,9,19,Woodlake,1,1,2,0,72,56.14,3.21,74.3,SSJV,Woodlake
2008,9,19,Ivanhoe,1,1,2,0,72,56.14,3.21,74.3,SSJV,Ivanhoe
2008,9,19,Exeter,0,1,1,0,72.14,52,2.86,74.84,SSJV,Exeter
2008,9,19,South Exeter,1,0,1,0,72,56.14,3.21,74.3,SSJV,South Exeter
2008,9,19,Tonyville,2,0,2,0,72,56.14,3.21,74.3,SSJV,Tonyville
2008,9,19,West Lindsay,0,0,0,0,72.14,52,2.86,74.84,SSJV,West Lindsay
2008,9,19,Strathmore,1,1,2,0,72,56.14,3.21,74.3,SSJV,Strathmore
2008,9,19,Porterville,1,0,1,0,72,56.14,3.21,74.3,SSJV,Porterville
2008,9,19,Terra Bella,2,0,2,0,72,56.14,3.21,74.3,SSJV,Terra Bella
2008,9,26,Woodlake,1,0,1,0,69.67,57,2.96,73.14,SSJV,Woodlake
2008,9,26,Ivanhoe,1,0,1,0,69.67,57,2.96,73.14,SSJV,Ivanhoe
2008,9,26,Exeter,1,0,1,0,69.69,52.71,2.69,72.37,SSJV,Exeter
2008,9,26,South Exeter,1,0,1,0,69.67,57,2.96,73.14,SSJV,South Exeter
2008,9,26,Tonyville,0,1,1,0,69.67,57,2.96,73.14,SSJV,Tonyville
2008,9,26,West Lindsay,0,0,0,0,69.69,52.71,2.69,72.37,SSJV,West Lindsay
2008,9,26,Strathmore,1,0,1,0,69.67,57,2.96,73.14,SSJV,Strathmore
2008,9,26,Porterville,2,0,2,0,69.67,57,2.96,73.14,SSJV,Porterville
2008,9,26,Terra Bella,2,1,3,0,69.67,57,2.96,73.14,SSJV,Terra Bella
2008,10,3,Woodlake,0,0,0,0,73.27,57.29,3.06,73.41,SSJV,Woodlake
2008,10,3,Ivanhoe,1,3,4,0,73.27,57.29,3.06,73.41,SSJV,Ivanhoe
2008,10,3,Exeter,1,2,3,0,74.61,47.57,2.87,73.27,SSJV,Exeter
2008,10,3,South Exeter,0,0,0,0,73.27,57.29,3.06,73.41,SSJV,South Exeter
2008,10,3,Tonyville,3,0,3,0,73.27,57.29,3.06,73.41,SSJV,Tonyville
2008,10,3,West Lindsay,0,0,0,0,74.61,47.57,2.87,73.27,SSJV,West Lindsay
2008,10,3,Strathmore,1,0,1,0,73.27,57.29,3.06,73.41,SSJV,Strathmore
2008,10,3,Porterville,2,1,3,0,73.27,57.29,3.06,73.41,SSJV,Porterville
2008,10,3,Terra Bella,2,1,3,0,73.27,57.29,3.06,73.41,SSJV,Terra Bella
2008,10,10,Woodlake,1,0,1,0,63.03,60.14,4.13,68.93,SSJV,Woodlake
2008,10,10,Ivanhoe,5,4,9,0,63.03,60.14,4.13,68.93,SSJV,Ivanhoe
2008,10,10,Exeter,1,0,1,0.02,62.63,57.86,2.86,69.76,SSJV,Exeter
2008,10,10,South Exeter,0,0,0,0,63.03,60.14,4.13,68.93,SSJV,South Exeter
2008,10,10,Tonyville,3,1,4,0,63.03,60.14,4.13,68.93,SSJV,Tonyville
2008,10,10,West Lindsay,0,0,0,0.02,62.63,57.86,2.86,69.76,SSJV,West Lindsay
2008,10,10,Strathmore,4,2,6,0,63.03,60.14,4.13,68.93,SSJV,Strathmore
2008,10,10,Porterville,1,0,1,0,63.03,60.14,4.13,68.93,SSJV,Porterville
2008,10,10,Terra Bella,1,0,1,0,63.03,60.14,4.13,68.93,SSJV,Terra Bella
2008,10,17,Woodlake,0,1,1,0,56.39,48.71,2.6,61.21,SSJV,Woodlake
2008,10,17,Ivanhoe,5,3,8,0,56.39,48.71,2.6,61.21,SSJV,Ivanhoe
2008,10,17,Exeter,0,0,0,0,56.69,42.71,2.81,63.54,SSJV,Exeter
2008,10,17,South Exeter,0,0,0,0,56.39,48.71,2.6,61.21,SSJV,South Exeter
2008,10,17,Tonyville,3,1,4,0,56.39,48.71,2.6,61.21,SSJV,Tonyville
2008,10,17,West Lindsay,0,0,0,0,56.69,42.71,2.81,63.54,SSJV,West Lindsay
2008,10,17,Strathmore,1,0,1,0,56.39,48.71,2.6,61.21,SSJV,Strathmore
2008,10,17,Porterville,3,0,3,0,56.39,48.71,2.6,61.21,SSJV,Porterville
2008,10,17,Terra Bella,3,1,4,0,56.39,48.71,2.6,61.21,SSJV,Terra Bella
2008,10,24,Woodlake,0,1,1,0,61.44,59.57,2.36,64.31,SSJV,Woodlake
2008,10,24,Ivanhoe,1,1,2,0,61.44,59.57,2.36,64.31,SSJV,Ivanhoe
2008,10,24,Exeter,0,0,0,0,61.84,52.14,2.6,64.37,SSJV,Exeter
2008,10,24,South Exeter,0,0,0,0,61.44,59.57,2.36,64.31,SSJV,South Exeter
2008,10,24,Tonyville,5,2,7,0,61.44,59.57,2.36,64.31,SSJV,Tonyville
2008,10,24,West Lindsay,0,0,0,0,61.84,52.14,2.6,64.37,SSJV,West Lindsay
2008,10,24,Strathmore,2,0,2,0,61.44,59.57,2.36,64.31,SSJV,Strathmore
2008,10,24,Porterville,2,0,2,0,61.44,59.57,2.36,64.31,SSJV,Porterville
2008,10,24,Terra Bella,2,0,2,0,61.44,59.57,2.36,64.31,SSJV,Terra Bella
2008,10,31,Woodlake,0,0,0,0.02,62.66,63.71,2.33,63.3,SSJV,Woodlake
2008,10,31,Ivanhoe,1,2,3,0.02,62.66,63.71,2.33,63.3,SSJV,Ivanhoe
2008,10,31,Exeter,0,0,0,0,62.47,55.86,2.56,63.37,SSJV,Exeter
2008,10,31,South Exeter,0,0,0,0.02,62.66,63.71,2.33,63.3,SSJV,South Exeter
2008,10,31,Tonyville,2,0,2,0.02,62.66,63.71,2.33,63.3,SSJV,Tonyville
2008,10,31,West Lindsay,0,0,0,0,62.47,55.86,2.56,63.37,SSJV,West Lindsay
2008,10,31,Strathmore,1,0,1,0.02,62.66,63.71,2.33,63.3,SSJV,Strathmore
2008,10,31,Porterville,0,0,0,0.02,62.66,63.71,2.33,63.3,SSJV,Porterville
2008,10,31,Terra Bella,2,0,2,0.02,62.66,63.71,2.33,63.3,SSJV,Terra Bella
2008,11,7,Woodlake,1,0,1,0.04,55.47,79.57,3.67,60.84,SSJV,Woodlake
2008,11,7,Ivanhoe,3,5,8,0.04,55.47,79.57,3.67,60.84,SSJV,Ivanhoe
2008,11,7,Exeter,0,0,0,0.06,54.86,74.71,2.27,61.59,SSJV,Exeter
2008,11,7,South Exeter,0,0,0,0.04,55.47,79.57,3.67,60.84,SSJV,South Exeter
2008,11,7,Tonyville,10,3,13,0.04,55.47,79.57,3.67,60.84,SSJV,Tonyville
2008,11,7,West Lindsay,0,0,0,0.06,54.86,74.71,2.27,61.59,SSJV,West Lindsay
2008,11,7,Strathmore,1,0,1,0.04,55.47,79.57,3.67,60.84,SSJV,Strathmore
2008,11,7,Porterville,0,0,0,0.04,55.47,79.57,3.67,60.84,SSJV,Porterville
2008,11,7,Terra Bella,2,0,2,0.04,55.47,79.57,3.67,60.84,SSJV,Terra Bella
2008,11,14,Woodlake,0,1,1,0.03,54.17,81.14,2.63,58.37,SSJV,Woodlake
2008,11,14,Ivanhoe,6,3,9,0.03,54.17,81.14,2.63,58.37,SSJV,Ivanhoe
2008,11,14,Exeter,0,0,0,0.01,52.53,80.71,2.2,57.66,SSJV,Exeter
2008,11,14,South Exeter,0,0,0,0.03,54.17,81.14,2.63,58.37,SSJV,South Exeter
2008,11,14,Tonyville,5,2,7,0.03,54.17,81.14,2.63,58.37,SSJV,Tonyville
2008,11,14,West Lindsay,1,0,1,0.01,52.53,80.71,2.2,57.66,SSJV,West Lindsay
2008,11,14,Strathmore,1,0,1,0.03,54.17,81.14,2.63,58.37,SSJV,Strathmore
2008,11,14,Porterville,3,0,3,0.03,54.17,81.14,2.63,58.37,SSJV,Porterville
2008,11,14,Terra Bella,6,2,8,0.03,54.17,81.14,2.63,58.37,SSJV,Terra Bella
2008,11,21,Woodlake,1,0,1,0,56.49,75.57,1.83,58.79,SSJV,Woodlake
2008,11,21,Ivanhoe,1,1,2,0,56.49,75.57,1.83,58.79,SSJV,Ivanhoe
2008,11,21,Exeter,0,0,0,0,54.96,74.71,1.96,57.57,SSJV,Exeter
2008,11,21,South Exeter,0,0,0,0,56.49,75.57,1.83,58.79,SSJV,South Exeter
2008,11,21,Tonyville,5,1,6,0,56.49,75.57,1.83,58.79,SSJV,Tonyville
2008,11,21,West Lindsay,1,0,1,0,54.96,74.71,1.96,57.57,SSJV,West Lindsay
2008,11,21,Strathmore,2,0,2,0,56.49,75.57,1.83,58.79,SSJV,Strathmore
2008,11,21,Porterville,2,0,2,0,56.49,75.57,1.83,58.79,SSJV,Porterville
2008,11,21,Terra Bella,2,0,2,0,56.49,75.57,1.83,58.79,SSJV,Terra Bella
2008,11,26,Woodlake,0,1,1,0.12,51.76,87.29,2.26,56.89,SSJV,Woodlake
2008,11,26,Ivanhoe,1,0,1,0.12,51.76,87.29,2.26,56.89,SSJV,Ivanhoe
2008,11,26,Exeter,0,0,0,0.08,50.09,88.43,1.84,55.66,SSJV,Exeter
2008,11,26,South Exeter,0,0,0,0.12,51.76,87.29,2.26,56.89,SSJV,South Exeter
2008,11,26,Tonyville,1,0,1,0.12,51.76,87.29,2.26,56.89,SSJV,Tonyville
2008,11,26,West Lindsay,3,1,4,0.08,50.09,88.43,1.84,55.66,SSJV,West Lindsay
2008,11,26,Strathmore,1,0,1,0.12,51.76,87.29,2.26,56.89,SSJV,Strathmore
2008,11,26,Porterville,3,0,3,0.12,51.76,87.29,2.26,56.89,SSJV,Porterville
2008,11,26,Terra Bella,1,0,1,0.12,51.76,87.29,2.26,56.89,SSJV,Terra Bella
2009,3,28,Woodlake,0,0,0,0.01,54.89,63.57,4.14,57.53,SSJV,Woodlake
2009,3,28,Ivanhoe,0,0,0,0.01,54.89,63.57,4.14,57.53,SSJV,Ivanhoe
2009,3,28,Exeter,0,0,0,0.01,54.89,63.57,4.14,57.53,SSJV,Exeter
2009,3,28,South Exeter,0,0,0,0.01,55.26,52.86,3.63,60.13,SSJV,South Exeter
2009,3,28,Tonyville,0,0,0,0.01,54.89,63.57,4.14,57.53,SSJV,Tonyville
2009,3,28,West Lindsay,0,0,0,0.01,54.89,63.57,4.14,57.53,SSJV,West Lindsay
2009,3,28,Strathmore,0,0,0,0.01,55.26,52.86,3.63,60.13,SSJV,Strathmore
2009,3,28,Porterville,0,0,0,0.01,54.89,63.57,4.14,57.53,SSJV,Porterville
2009,3,28,Terra Bella,0,0,0,0.01,54.89,63.57,4.14,57.53,SSJV,Terra Bella
2009,3,28,City of Visalia,0,0,0,0.01,54.89,63.57,4.14,57.53,SSJV,City of Visalia
2009,4,3,Woodlake,0,2,2,0,57.5,52.29,5.53,59.31,SSJV,Woodlake
2009,4,3,Ivanhoe,2,0,2,0,57.5,52.29,5.53,59.31,SSJV,Ivanhoe
2009,4,3,Exeter,0,0,0,0,57.5,52.29,5.53,59.31,SSJV,Exeter
2009,4,3,South Exeter,0,0,0,0,58,44.14,3.91,62.2,SSJV,South Exeter
2009,4,3,Tonyville,4,0,4,0,57.5,52.29,5.53,59.31,SSJV,Tonyville
2009,4,3,West Lindsay,0,0,0,0,57.5,52.29,5.53,59.31,SSJV,West Lindsay
2009,4,3,Strathmore,5,0,5,0,58,44.14,3.91,62.2,SSJV,Strathmore
2009,4,3,Porterville,1,1,2,0,57.5,52.29,5.53,59.31,SSJV,Porterville
2009,4,3,Terra Bella,25,7,32,0,57.5,52.29,5.53,59.31,SSJV,Terra Bella
2009,4,3,City of Visalia,0,0,0,0,57.5,52.29,5.53,59.31,SSJV,City of Visalia
2009,4,10,Woodlake,1,1,2,0.03,56.87,56.29,4.29,59.96,SSJV,Woodlake
2009,4,10,Ivanhoe,2,2,4,0.03,56.87,56.29,4.29,59.96,SSJV,Ivanhoe
2009,4,10,Exeter,0,0,0,0.03,56.87,56.29,4.29,59.96,SSJV,Exeter
2009,4,10,South Exeter,0,0,0,0,57.19,49.71,3.71,61.67,SSJV,South Exeter
2009,4,10,Tonyville,1,0,1,0.03,56.87,56.29,4.29,59.96,SSJV,Tonyville
2009,4,10,West Lindsay,0,0,0,0.03,56.87,56.29,4.29,59.96,SSJV,West Lindsay
2009,4,10,Strathmore,0,1,1,0,57.19,49.71,3.71,61.67,SSJV,Strathmore
2009,4,10,Porterville,3,0,3,0.03,56.87,56.29,4.29,59.96,SSJV,Porterville
2009,4,10,Terra Bella,12,1,13,0.03,56.87,56.29,4.29,59.96,SSJV,Terra Bella
2009,4,10,City of Visalia,0,0,0,0.03,56.87,56.29,4.29,59.96,SSJV,City of Visalia
2009,4,17,Woodlake,1,1,2,0,55.73,59.43,4.97,59.21,SSJV,Woodlake
2009,4,17,Ivanhoe,2,2,4,0,55.73,59.43,4.97,59.21,SSJV,Ivanhoe
2009,4,17,Exeter,0,0,0,0,55.73,59.43,4.97,59.21,SSJV,Exeter
2009,4,17,South Exeter,0,0,0,0,55.41,54.71,3.71,61.11,SSJV,South Exeter
2009,4,17,Tonyville,2,0,2,0,55.73,59.43,4.97,59.21,SSJV,Tonyville
2009,4,17,West Lindsay,0,0,0,0,55.73,59.43,4.97,59.21,SSJV,West Lindsay
2009,4,17,Strathmore,5,1,6,0,55.41,54.71,3.71,61.11,SSJV,Strathmore
2009,4,17,Porterville,0,0,0,0,55.73,59.43,4.97,59.21,SSJV,Porterville
2009,4,17,Terra Bella,11,1,12,0,55.73,59.43,4.97,59.21,SSJV,Terra Bella
2009,4,17,City of Visalia,0,0,0,0,55.73,59.43,4.97,59.21,SSJV,City of Visalia
2009,4,24,Woodlake,0,0,0,0,71.6,43.14,4.51,67.71,SSJV,Woodlake
2009,4,24,Ivanhoe,0,0,0,0,71.6,43.14,4.51,67.71,SSJV,Ivanhoe
2009,4,24,Exeter,0,0,0,0,71.6,43.14,4.51,67.71,SSJV,Exeter
2009,4,24,South Exeter,0,0,0,0,70.64,39.14,3.63,67.86,SSJV,South Exeter
2009,4,24,Tonyville,3,0,3,0,71.6,43.14,4.51,67.71,SSJV,Tonyville
2009,4,24,West Lindsay,1,0,1,0,71.6,43.14,4.51,67.71,SSJV,West Lindsay
2009,4,24,Strathmore,4,0,4,0,70.64,39.14,3.63,67.86,SSJV,Strathmore
2009,4,24,Porterville,1,0,1,0,71.6,43.14,4.51,67.71,SSJV,Porterville
2009,4,24,Terra Bella,7,0,7,0,71.6,43.14,4.51,67.71,SSJV,Terra Bella
2009,4,24,City of Visalia,0,0,0,0,71.6,43.14,4.51,67.71,SSJV,City of Visalia
2009,5,1,Woodlake,4,6,10,0,58.61,53.14,4.7,64.14,SSJV,Woodlake
2009,5,1,Ivanhoe,1,0,1,0,58.61,53.14,4.7,64.14,SSJV,Ivanhoe
2009,5,1,Exeter,0,1,1,0,58.61,53.14,4.7,64.14,SSJV,Exeter
2009,5,1,South Exeter,0,0,0,0,57.66,50.86,3.67,64.74,SSJV,South Exeter
2009,5,1,Tonyville,9,1,10,0,58.61,53.14,4.7,64.14,SSJV,Tonyville
2009,5,1,West Lindsay,0,0,0,0,58.61,53.14,4.7,64.14,SSJV,West Lindsay
2009,5,1,Strathmore,3,0,3,0,57.66,50.86,3.67,64.74,SSJV,Strathmore
2009,5,1,Porterville,1,0,1,0,58.61,53.14,4.7,64.14,SSJV,Porterville
2009,5,1,Terra Bella,5,0,5,0,58.61,53.14,4.7,64.14,SSJV,Terra Bella
2009,5,1,City of Visalia,0,0,0,0,58.61,53.14,4.7,64.14,SSJV,City of Visalia
2009,5,8,Woodlake,2,5,7,0,68.61,61,5.87,68.51,SSJV,Woodlake
2009,5,8,Ivanhoe,0,0,0,0,68.61,61,5.87,68.51,SSJV,Ivanhoe
2009,5,8,Exeter,2,2,4,0,68.61,61,5.87,68.51,SSJV,Exeter
2009,5,8,South Exeter,1,0,1,0,67.64,60,3.44,70.3,SSJV,South Exeter
2009,5,8,Tonyville,2,0,2,0,68.61,61,5.87,68.51,SSJV,Tonyville
2009,5,8,West Lindsay,2,0,2,0,68.61,61,5.87,68.51,SSJV,West Lindsay
2009,5,8,Strathmore,6,0,6,0,67.64,60,3.44,70.3,SSJV,Strathmore
2009,5,8,Porterville,3,1,4,0,68.61,61,5.87,68.51,SSJV,Porterville
2009,5,8,Terra Bella,11,2,13,0,68.61,61,5.87,68.51,SSJV,Terra Bella
2009,5,8,City of Visalia,0,0,0,0,68.61,61,5.87,68.51,SSJV,City of Visalia
2009,5,15,Woodlake,1,1,2,0,70.91,44.14,5.34,69.63,SSJV,Woodlake
2009,5,15,Ivanhoe,0,1,1,0,70.91,44.14,5.34,69.63,SSJV,Ivanhoe
2009,5,15,Exeter,0,0,0,0,70.91,44.14,5.34,69.63,SSJV,Exeter
2009,5,15,South Exeter,0,1,1,0,69.86,42.43,3.49,71.93,SSJV,South Exeter
2009,5,15,Tonyville,1,0,1,0,70.91,44.14,5.34,69.63,SSJV,Tonyville
2009,5,15,West Lindsay,1,3,4,0,70.91,44.14,5.34,69.63,SSJV,West Lindsay
2009,5,15,Strathmore,2,1,3,0,69.86,42.43,3.49,71.93,SSJV,Strathmore
2009,5,15,Porterville,0,1,1,0,70.91,44.14,5.34,69.63,SSJV,Porterville
2009,5,15,Terra Bella,3,6,9,0,70.91,44.14,5.34,69.63,SSJV,Terra Bella
2009,5,15,City of Visalia,0,0,0,0,70.91,44.14,5.34,69.63,SSJV,City of Visalia
2009,5,22,Woodlake,0,0,0,0,77.56,45.29,3.94,73.5,SSJV,Woodlake
2009,5,22,Ivanhoe,0,0,0,0,77.56,45.29,3.94,73.5,SSJV,Ivanhoe
2009,5,22,Exeter,0,0,0,0,77.56,45.29,3.94,73.5,SSJV,Exeter
2009,5,22,South Exeter,0,0,0,0,77.43,35.43,3.4,76.39,SSJV,South Exeter
2009,5,22,Tonyville,0,0,0,0,77.56,45.29,3.94,73.5,SSJV,Tonyville
2009,5,22,West Lindsay,1,0,1,0,77.56,45.29,3.94,73.5,SSJV,West Lindsay
2009,5,22,Strathmore,0,0,0,0,77.43,35.43,3.4,76.39,SSJV,Strathmore
2009,5,22,Porterville,0,0,0,0,77.56,45.29,3.94,73.5,SSJV,Porterville
2009,5,22,Terra Bella,2,0,2,0,77.56,45.29,3.94,73.5,SSJV,Terra Bella
2009,5,22,City of Visalia,0,0,0,0,77.56,45.29,3.94,73.5,SSJV,City of Visalia
2009,5,28,Woodlake,0,0,0,0,73.93,48.29,4.06,73.2,SSJV,Woodlake
2009,5,28,Ivanhoe,0,0,0,0,73.93,48.29,4.06,73.2,SSJV,Ivanhoe
2009,5,28,Exeter,0,0,0,0,73.93,48.29,4.06,73.2,SSJV,Exeter
2009,5,28,South Exeter,0,0,0,0,75.13,36.43,3.4,76.03,SSJV,South Exeter
2009,5,28,Tonyville,0,0,0,0,73.93,48.29,4.06,73.2,SSJV,Tonyville
2009,5,28,West Lindsay,0,0,0,0,73.93,48.29,4.06,73.2,SSJV,West Lindsay
2009,5,28,Strathmore,0,0,0,0,75.13,36.43,3.4,76.03,SSJV,Strathmore
2009,5,28,Porterville,0,0,0,0,73.93,48.29,4.06,73.2,SSJV,Porterville
2009,5,28,Terra Bella,0,0,0,0,73.93,48.29,4.06,73.2,SSJV,Terra Bella
2009,5,28,City of Visalia,0,0,0,0,73.93,48.29,4.06,73.2,SSJV,City of Visalia
2009,6,5,Woodlake,1,0,1,0,71.44,56.14,4.61,73.24,SSJV,Woodlake
2009,6,5,Ivanhoe,0,0,0,0,71.44,56.14,4.61,73.24,SSJV,Ivanhoe
2009,6,5,Exeter,1,0,1,0,71.44,56.14,4.61,73.24,SSJV,Exeter
2009,6,5,South Exeter,0,0,0,0.01,71.16,50.29,4.11,76.56,SSJV,South Exeter
2009,6,5,Tonyville,1,0,1,0,71.44,56.14,4.61,73.24,SSJV,Tonyville
2009,6,5,West Lindsay,0,0,0,0,71.44,56.14,4.61,73.24,SSJV,West Lindsay
2009,6,5,Strathmore,0,0,0,0.01,71.16,50.29,4.11,76.56,SSJV,Strathmore
2009,6,5,Porterville,0,0,0,0,71.44,56.14,4.61,73.24,SSJV,Porterville
2009,6,5,Terra Bella,1,3,4,0,71.44,56.14,4.61,73.24,SSJV,Terra Bella
2009,6,5,City of Visalia,1,1,2,0,71.44,56.14,4.61,73.24,SSJV,City of Visalia
2009,6,12,Woodlake,1,1,2,0,68.96,55.14,5.04,71.6,SSJV,Woodlake
2009,6,12,Ivanhoe,1,1,2,0,68.96,55.14,5.04,71.6,SSJV,Ivanhoe
2009,6,12,Exeter,0,0,0,0,68.96,55.14,5.04,71.6,SSJV,Exeter
2009,6,12,South Exeter,0,0,0,0,68.87,49.43,4.23,76.21,SSJV,South Exeter
2009,6,12,Tonyville,3,7,10,0,68.96,55.14,5.04,71.6,SSJV,Tonyville
2009,6,12,West Lindsay,0,0,0,0,68.96,55.14,5.04,71.6,SSJV,West Lindsay
2009,6,12,Strathmore,2,0,2,0,68.87,49.43,4.23,76.21,SSJV,Strathmore
2009,6,12,Porterville,0,0,0,0,68.96,55.14,5.04,71.6,SSJV,Porterville
2009,6,12,Terra Bella,12,5,17,0,68.96,55.14,5.04,71.6,SSJV,Terra Bella
2009,6,12,City of Visalia,0,0,0,0,68.96,55.14,5.04,71.6,SSJV,City of Visalia
2009,6,19,Woodlake,3,1,4,0,73.36,51.43,4.74,73.06,SSJV,Woodlake
2009,6,19,Ivanhoe,3,1,4,0,73.36,51.43,4.74,73.06,SSJV,Ivanhoe
2009,6,19,Exeter,1,0,1,0,73.36,51.43,4.74,73.06,SSJV,Exeter
2009,6,19,South Exeter,0,2,2,0,72.81,47,3.7,76.76,SSJV,South Exeter
2009,6,19,Tonyville,2,1,3,0,73.36,51.43,4.74,73.06,SSJV,Tonyville
2009,6,19,West Lindsay,0,0,0,0,73.36,51.43,4.74,73.06,SSJV,West Lindsay
2009,6,19,Strathmore,1,0,1,0,72.81,47,3.7,76.76,SSJV,Strathmore
2009,6,19,Porterville,1,0,1,0,73.36,51.43,4.74,73.06,SSJV,Porterville
2009,6,19,Terra Bella,3,1,4,0,73.36,51.43,4.74,73.06,SSJV,Terra Bella
2009,6,19,City of Visalia,0,0,0,0,73.36,51.43,4.74,73.06,SSJV,City of Visalia
2009,6,26,Woodlake,0,2,2,0,74.59,45.14,4.27,73.36,SSJV,Woodlake
2009,6,26,Ivanhoe,1,0,1,0,74.59,45.14,4.27,73.36,SSJV,Ivanhoe
2009,6,26,Exeter,0,0,0,0,74.59,45.14,4.27,73.36,SSJV,Exeter
2009,6,26,South Exeter,1,1,2,0,74.97,37.57,3.59,77.87,SSJV,South Exeter
2009,6,26,Tonyville,0,0,0,0,74.59,45.14,4.27,73.36,SSJV,Tonyville
2009,6,26,West Lindsay,0,0,0,0,74.59,45.14,4.27,73.36,SSJV,West Lindsay
2009,6,26,Strathmore,0,0,0,0,74.97,37.57,3.59,77.87,SSJV,Strathmore
2009,6,26,Porterville,0,0,0,0,74.59,45.14,4.27,73.36,SSJV,Porterville
2009,6,26,Terra Bella,0,0,0,0,74.59,45.14,4.27,73.36,SSJV,Terra Bella
2009,6,26,City of Visalia,1,1,2,0,74.59,45.14,4.27,73.36,SSJV,City of Visalia
2009,7,3,Woodlake,0,0,0,0,82.4,46.86,3.84,76.67,SSJV,Woodlake
2009,7,3,Ivanhoe,2,2,4,0,82.4,46.86,3.84,76.67,SSJV,Ivanhoe
2009,7,3,Exeter,0,0,0,0,82.4,46.86,3.84,76.67,SSJV,Exeter
2009,7,3,South Exeter,0,1,1,0,83.8,34.43,3.31,81.8,SSJV,South Exeter
2009,7,3,Tonyville,0,0,0,0,82.4,46.86,3.84,76.67,SSJV,Tonyville
2009,7,3,West Lindsay,0,0,0,0,82.4,46.86,3.84,76.67,SSJV,West Lindsay
2009,7,3,Strathmore,0,0,0,0,83.8,34.43,3.31,81.8,SSJV,Strathmore
2009,7,3,Porterville,0,0,0,0,82.4,46.86,3.84,76.67,SSJV,Porterville
2009,7,3,Terra Bella,0,1,1,0,82.4,46.86,3.84,76.67,SSJV,Terra Bella
2009,7,3,City of Visalia,1,1,2,0,82.4,46.86,3.84,76.67,SSJV,City of Visalia
2009,7,10,Woodlake,0,1,1,0,76.74,41.86,4.33,76.13,SSJV,Woodlake
2009,7,10,Ivanhoe,0,0,0,0,76.74,41.86,4.33,76.13,SSJV,Ivanhoe
2009,7,10,Exeter,0,0,0,0,76.74,41.86,4.33,76.13,SSJV,Exeter
2009,7,10,South Exeter,0,0,0,0,76.31,40.14,3.11,79.59,SSJV,South Exeter
2009,7,10,Tonyville,0,0,0,0,76.74,41.86,4.33,76.13,SSJV,Tonyville
2009,7,10,West Lindsay,0,0,0,0,76.74,41.86,4.33,76.13,SSJV,West Lindsay
2009,7,10,Strathmore,0,0,0,0,76.31,40.14,3.11,79.59,SSJV,Strathmore
2009,7,10,Porterville,0,0,0,0,76.74,41.86,4.33,76.13,SSJV,Porterville
2009,7,10,Terra Bella,0,0,0,0,76.74,41.86,4.33,76.13,SSJV,Terra Bella
2009,7,10,City of Visalia,0,1,1,0,76.74,41.86,4.33,76.13,SSJV,City of Visalia
2009,7,17,Woodlake,0,0,0,0,81.11,43,3.96,79.54,SSJV,Woodlake
2009,7,17,Ivanhoe,0,0,0,0,81.11,43,3.96,79.54,SSJV,Ivanhoe
2009,7,17,Exeter,0,0,0,0,81.11,43,3.96,79.54,SSJV,Exeter
2009,7,17,South Exeter,0,0,0,0,79.52,38.8,3.08,79.72,SSJV,South Exeter
2009,7,17,Tonyville,0,0,0,0,81.11,43,3.96,79.54,SSJV,Tonyville
2009,7,17,West Lindsay,0,0,0,0,81.11,43,3.96,79.54,SSJV,West Lindsay
2009,7,17,Strathmore,0,0,0,0,79.52,38.8,3.08,79.72,SSJV,Strathmore
2009,7,17,Porterville,0,0,0,0,81.11,43,3.96,79.54,SSJV,Porterville
2009,7,17,Terra Bella,0,0,0,0,81.11,43,3.96,79.54,SSJV,Terra Bella
2009,7,17,City of Visalia,0,0,0,0,81.11,43,3.96,79.54,SSJV,City of Visalia
2009,7,24,Woodlake,0,0,0,0,84.1,41,4.07,80.66,SSJV,Woodlake
2009,7,24,Ivanhoe,0,0,0,0,84.1,41,4.07,80.66,SSJV,Ivanhoe
2009,7,24,Exeter,1,0,1,0,84.1,41,4.07,80.66,SSJV,Exeter
2009,7,24,South Exeter,0,0,0,,,,,,SSJV,South Exeter
2009,7,24,Tonyville,0,0,0,0,84.1,41,4.07,80.66,SSJV,Tonyville
2009,7,24,West Lindsay,0,0,0,0,84.1,41,4.07,80.66,SSJV,West Lindsay
2009,7,24,Strathmore,0,0,0,,,,,,SSJV,Strathmore
2009,7,24,Porterville,0,0,0,0,84.1,41,4.07,80.66,SSJV,Porterville
2009,7,24,Terra Bella,0,0,0,0,84.1,41,4.07,80.66,SSJV,Terra Bella
2009,7,24,City of Visalia,0,0,0,0,84.1,41,4.07,80.66,SSJV,City of Visalia
2009,7,31,Woodlake,0,0,0,0,81.26,51.71,3.83,80.4,SSJV,Woodlake
2009,7,31,Ivanhoe,1,0,1,0,81.26,51.71,3.83,80.4,SSJV,Ivanhoe
2009,7,31,Exeter,1,0,1,0,81.26,51.71,3.83,80.4,SSJV,Exeter
2009,7,31,South Exeter,0,0,0,,,,,,SSJV,South Exeter
2009,7,31,Tonyville,0,0,0,0,81.26,51.71,3.83,80.4,SSJV,Tonyville
2009,7,31,West Lindsay,0,0,0,0,81.26,51.71,3.83,80.4,SSJV,West Lindsay
2009,7,31,Strathmore,0,0,0,,,,,,SSJV,Strathmore
2009,7,31,Porterville,0,0,0,0,81.26,51.71,3.83,80.4,SSJV,Porterville
2009,7,31,Terra Bella,1,0,1,0,81.26,51.71,3.83,80.4,SSJV,Terra Bella
2009,7,31,City of Visalia,0,1,1,0,81.26,51.71,3.83,80.4,SSJV,City of Visalia
2009,8,7,Woodlake,0,0,0,0,75.59,50.57,4.39,78.2,SSJV,Woodlake
2009,8,7,Ivanhoe,0,0,0,0,75.59,50.57,4.39,78.2,SSJV,Ivanhoe
2009,8,7,Exeter,0,0,0,0,75.59,50.57,4.39,78.2,SSJV,Exeter
2009,8,7,South Exeter,0,0,0,0,86.4,33,4.3,81.1,SSJV,South Exeter
2009,8,7,Tonyville,0,0,0,0,75.59,50.57,4.39,78.2,SSJV,Tonyville
2009,8,7,West Lindsay,0,0,0,0,75.59,50.57,4.39,78.2,SSJV,West Lindsay
2009,8,7,Strathmore,0,0,0,0,86.4,33,4.3,81.1,SSJV,Strathmore
2009,8,7,Porterville,0,0,0,0,75.59,50.57,4.39,78.2,SSJV,Porterville
2009,8,7,Terra Bella,0,0,0,0,75.59,50.57,4.39,78.2,SSJV,Terra Bella
2009,8,7,City of Visalia,0,0,0,0,75.59,50.57,4.39,78.2,SSJV,City of Visalia
2009,8,14,Woodlake,0,0,0,0,78.19,50,3.74,77.76,SSJV,Woodlake
2009,8,14,Ivanhoe,0,0,0,0,78.19,50,3.74,77.76,SSJV,Ivanhoe
2009,8,14,Exeter,0,0,0,0,78.19,50,3.74,77.76,SSJV,Exeter
2009,8,14,South Exeter,0,0,0,,,,,,SSJV,South Exeter
2009,8,14,Tonyville,0,0,0,0,78.19,50,3.74,77.76,SSJV,Tonyville
2009,8,14,West Lindsay,0,0,0,0,78.19,50,3.74,77.76,SSJV,West Lindsay
2009,8,14,Strathmore,0,0,0,,,,,,SSJV,Strathmore
2009,8,14,Porterville,0,0,0,0,78.19,50,3.74,77.76,SSJV,Porterville
2009,8,14,Terra Bella,0,0,0,0,78.19,50,3.74,77.76,SSJV,Terra Bella
2009,8,14,City of Visalia,0,0,0,0,78.19,50,3.74,77.76,SSJV,City of Visalia
2009,8,21,Woodlake,0,0,0,0,77.2,49.57,3.39,76.84,SSJV,Woodlake
2009,8,21,Ivanhoe,0,0,0,0,77.2,49.57,3.39,76.84,SSJV,Ivanhoe
2009,8,21,Exeter,0,0,0,0,77.2,49.57,3.39,76.84,SSJV,Exeter
2009,8,21,South Exeter,0,0,0,,,,,,SSJV,South Exeter
2009,8,21,Tonyville,2,1,3,0,77.2,49.57,3.39,76.84,SSJV,Tonyville
2009,8,21,West Lindsay,0,0,0,0,77.2,49.57,3.39,76.84,SSJV,West Lindsay
2009,8,21,Strathmore,0,0,0,,,,,,SSJV,Strathmore
2009,8,21,Porterville,0,0,0,0,77.2,49.57,3.39,76.84,SSJV,Porterville
2009,8,21,Terra Bella,0,0,0,0,77.2,49.57,3.39,76.84,SSJV,Terra Bella
2009,8,21,City of Visalia,0,0,0,0,77.2,49.57,3.39,76.84,SSJV,City of Visalia
2009,8,28,Woodlake,0,0,0,0,76.79,49.57,3.3,77.23,SSJV,Woodlake
2009,8,28,Ivanhoe,0,0,0,0,76.79,49.57,3.3,77.23,SSJV,Ivanhoe
2009,8,28,Exeter,0,0,0,0,76.79,49.57,3.3,77.23,SSJV,Exeter
2009,8,28,South Exeter,0,0,0,0,93.3,20,4.45,76.1,SSJV,South Exeter
2009,8,28,Tonyville,1,0,1,0,76.79,49.57,3.3,77.23,SSJV,Tonyville
2009,8,28,West Lindsay,0,0,0,0,76.79,49.57,3.3,77.23,SSJV,West Lindsay
2009,8,28,Strathmore,2,0,2,0,93.3,20,4.45,76.1,SSJV,Strathmore
2009,8,28,Porterville,0,0,0,0,76.79,49.57,3.3,77.23,SSJV,Porterville
2009,8,28,Terra Bella,0,0,0,0,76.79,49.57,3.3,77.23,SSJV,Terra Bella
2009,8,28,City of Visalia,0,0,0,0,76.79,49.57,3.3,77.23,SSJV,City of Visalia
2009,9,4,Woodlake,0,0,0,0,79.39,51.29,3.19,77.77,SSJV,Woodlake
2009,9,4,Ivanhoe,0,0,0,0,79.39,51.29,3.19,77.77,SSJV,Ivanhoe
2009,9,4,Exeter,0,0,0,0,79.39,51.29,3.19,77.77,SSJV,Exeter
2009,9,4,South Exeter,1,0,1,0,95.9,21.4,3.68,78.28,SSJV,South Exeter
2009,9,4,Tonyville,0,0,0,0,79.39,51.29,3.19,77.77,SSJV,Tonyville
2009,9,4,West Lindsay,0,0,0,0,79.39,51.29,3.19,77.77,SSJV,West Lindsay
2009,9,4,Strathmore,1,0,1,0,95.9,21.4,3.68,78.28,SSJV,Strathmore
2009,9,4,Porterville,0,0,0,0,79.39,51.29,3.19,77.77,SSJV,Porterville
2009,9,4,Terra Bella,0,0,0,0,79.39,51.29,3.19,77.77,SSJV,Terra Bella
2009,9,4,City of Visalia,0,0,0,0,79.39,51.29,3.19,77.77,SSJV,City of Visalia
2009,9,11,Woodlake,0,1,1,0,73.99,51.29,3.54,75.3,SSJV,Woodlake
2009,9,11,Ivanhoe,0,0,0,0,73.99,51.29,3.54,75.3,SSJV,Ivanhoe
2009,9,11,Exeter,3,0,3,0,73.99,51.29,3.54,75.3,SSJV,Exeter
2009,9,11,South Exeter,0,0,0,0,84.63,27.33,4.93,76.2,SSJV,South Exeter
2009,9,11,Tonyville,1,0,1,0,73.99,51.29,3.54,75.3,SSJV,Tonyville
2009,9,11,West Lindsay,1,0,1,0,73.99,51.29,3.54,75.3,SSJV,West Lindsay
2009,9,11,Strathmore,1,1,2,0,84.63,27.33,4.93,76.2,SSJV,Strathmore
2009,9,11,Porterville,0,0,0,0,73.99,51.29,3.54,75.3,SSJV,Porterville
2009,9,11,Terra Bella,1,0,1,0,73.99,51.29,3.54,75.3,SSJV,Terra Bella
2009,9,11,City of Visalia,0,0,0,0,73.99,51.29,3.54,75.3,SSJV,City of Visalia
2009,9,18,Woodlake,2,1,3,0,73.57,58.57,3.63,74.99,SSJV,Woodlake
2009,9,18,Ivanhoe,0,0,0,0,73.57,58.57,3.63,74.99,SSJV,Ivanhoe
2009,9,18,Exeter,1,0,1,0,73.57,58.57,3.63,74.99,SSJV,Exeter
2009,9,18,South Exeter,0,0,0,0,72.72,57.6,2.98,,SSJV,South Exeter
2009,9,18,Tonyville,1,0,1,0,73.57,58.57,3.63,74.99,SSJV,Tonyville
2009,9,18,West Lindsay,0,0,0,0,73.57,58.57,3.63,74.99,SSJV,West Lindsay
2009,9,18,Strathmore,1,0,1,0,72.72,57.6,2.98,,SSJV,Strathmore
2009,9,18,Porterville,0,0,0,0,73.57,58.57,3.63,74.99,SSJV,Porterville
2009,9,18,Terra Bella,0,0,0,0,73.57,58.57,3.63,74.99,SSJV,Terra Bella
2009,9,18,City of Visalia,0,0,0,0,73.57,58.57,3.63,74.99,SSJV,City of Visalia
2009,9,25,Woodlake,0,0,0,0,76.94,51.43,2.93,76.7,SSJV,Woodlake
2009,9,25,Ivanhoe,0,1,1,0,76.94,51.43,2.93,76.7,SSJV,Ivanhoe
2009,9,25,Exeter,0,0,0,0,76.94,51.43,2.93,76.7,SSJV,Exeter
2009,9,25,South Exeter,0,0,0,0,78.27,40.57,2.69,76.87,SSJV,South Exeter
2009,9,25,Tonyville,0,0,0,0,76.94,51.43,2.93,76.7,SSJV,Tonyville
2009,9,25,West Lindsay,0,0,0,0,76.94,51.43,2.93,76.7,SSJV,West Lindsay
2009,9,25,Strathmore,0,0,0,0,78.27,40.57,2.69,76.87,SSJV,Strathmore
2009,9,25,Porterville,0,0,0,0,76.94,51.43,2.93,76.7,SSJV,Porterville
2009,9,25,Terra Bella,0,0,0,0,76.94,51.43,2.93,76.7,SSJV,Terra Bella
2009,9,25,City of Visalia,0,0,0,0,76.94,51.43,2.93,76.7,SSJV,City of Visalia
2009,10,2,Woodlake,0,0,0,0,68.2,49.86,3.56,71.41,SSJV,Woodlake
2009,10,2,Ivanhoe,0,0,0,0,68.2,49.86,3.56,71.41,SSJV,Ivanhoe
2009,10,2,Exeter,0,0,0,0,68.2,49.86,3.56,71.41,SSJV,Exeter
2009,10,2,South Exeter,0,0,0,0,69.64,40.43,2.91,72.89,SSJV,South Exeter
2009,10,2,Tonyville,0,0,0,0,68.2,49.86,3.56,71.41,SSJV,Tonyville
2009,10,2,West Lindsay,0,0,0,0,68.2,49.86,3.56,71.41,SSJV,West Lindsay
2009,10,2,Strathmore,0,0,0,0,69.64,40.43,2.91,72.89,SSJV,Strathmore
2009,10,2,Porterville,0,0,0,0,68.2,49.86,3.56,71.41,SSJV,Porterville
2009,10,2,Terra Bella,0,0,0,0,68.2,49.86,3.56,71.41,SSJV,Terra Bella
2009,10,2,City of Visalia,0,0,0,0,68.2,49.86,3.56,71.41,SSJV,City of Visalia
2009,10,9,Woodlake,0,0,0,0,57.94,51.71,3.17,65.2,SSJV,Woodlake
2009,10,9,Ivanhoe,0,0,0,0,57.94,51.71,3.17,65.2,SSJV,Ivanhoe
2009,10,9,Exeter,0,0,0,0,57.94,51.71,3.17,65.2,SSJV,Exeter
2009,10,9,South Exeter,0,0,0,0,59.14,45.57,2.86,65.89,SSJV,South Exeter
2009,10,9,Tonyville,0,1,1,0,57.94,51.71,3.17,65.2,SSJV,Tonyville
2009,10,9,West Lindsay,0,0,0,0,57.94,51.71,3.17,65.2,SSJV,West Lindsay
2009,10,9,Strathmore,1,1,2,0,59.14,45.57,2.86,65.89,SSJV,Strathmore
2009,10,9,Porterville,0,1,1,0,57.94,51.71,3.17,65.2,SSJV,Porterville
2009,10,9,Terra Bella,0,0,0,0,57.94,51.71,3.17,65.2,SSJV,Terra Bella
2009,10,9,City of Visalia,0,0,0,0,57.94,51.71,3.17,65.2,SSJV,City of Visalia
2009,10,16,Woodlake,0,0,0,0.15,63.37,75.71,3.8,66.44,SSJV,Woodlake
2009,10,16,Ivanhoe,1,0,1,0.15,63.37,75.71,3.8,66.44,SSJV,Ivanhoe
2009,10,16,Exeter,0,0,0,0.15,63.37,75.71,3.8,66.44,SSJV,Exeter
2009,10,16,South Exeter,0,0,0,0.03,63.51,70.57,2.83,66.47,SSJV,South Exeter
2009,10,16,Tonyville,1,0,1,0.15,63.37,75.71,3.8,66.44,SSJV,Tonyville
2009,10,16,West Lindsay,0,1,1,0.15,63.37,75.71,3.8,66.44,SSJV,West Lindsay
2009,10,16,Strathmore,0,0,0,0.03,63.51,70.57,2.83,66.47,SSJV,Strathmore
2009,10,16,Porterville,0,0,0,0.15,63.37,75.71,3.8,66.44,SSJV,Porterville
2009,10,16,Terra Bella,0,0,0,0.15,63.37,75.71,3.8,66.44,SSJV,Terra Bella
2009,10,16,City of Visalia,0,0,0,0.15,63.37,75.71,3.8,66.44,SSJV,City of Visalia
2009,10,23,Woodlake,0,0,0,0,61.33,80.71,2.93,66.44,SSJV,Woodlake
2009,10,23,Ivanhoe,0,0,0,0,61.33,80.71,2.93,66.44,SSJV,Ivanhoe
2009,10,23,Exeter,0,0,0,0,61.33,80.71,2.93,66.44,SSJV,Exeter
2009,10,23,South Exeter,0,0,0,0,61.74,71.86,2.6,67.41,SSJV,South Exeter
2009,10,23,Tonyville,1,0,1,0,61.33,80.71,2.93,66.44,SSJV,Tonyville
2009,10,23,West Lindsay,2,1,3,0,61.33,80.71,2.93,66.44,SSJV,West Lindsay
2009,10,23,Strathmore,0,0,0,0,61.74,71.86,2.6,67.41,SSJV,Strathmore
2009,10,23,Porterville,0,0,0,0,61.33,80.71,2.93,66.44,SSJV,Porterville
2009,10,23,Terra Bella,0,0,0,0,61.33,80.71,2.93,66.44,SSJV,Terra Bella
2009,10,23,City of Visalia,0,0,0,0,61.33,80.71,2.93,66.44,SSJV,City of Visalia
2009,10,30,Woodlake,0,0,0,0,56.47,64.43,3.33,62.96,SSJV,Woodlake
2009,10,30,Ivanhoe,0,0,0,0,56.47,64.43,3.33,62.96,SSJV,Ivanhoe
2009,10,30,Exeter,0,0,0,0,56.47,64.43,3.33,62.96,SSJV,Exeter
2009,10,30,South Exeter,0,0,0,0,56.61,54.71,3,63.4,SSJV,South Exeter
2009,10,30,Tonyville,0,0,0,0,56.47,64.43,3.33,62.96,SSJV,Tonyville
2009,10,30,West Lindsay,0,0,0,0,56.47,64.43,3.33,62.96,SSJV,West Lindsay
2009,10,30,Strathmore,0,0,0,0,56.61,54.71,3,63.4,SSJV,Strathmore
2009,10,30,Porterville,0,0,0,0,56.47,64.43,3.33,62.96,SSJV,Porterville
2009,10,30,Terra Bella,0,0,0,0,56.47,64.43,3.33,62.96,SSJV,Terra Bella
2009,10,30,City of Visalia,0,0,0,0,56.47,64.43,3.33,62.96,SSJV,City of Visalia
2009,11,6,Woodlake,0,0,0,0,56.94,68,2.3,61.01,SSJV,Woodlake
2009,11,6,Ivanhoe,0,0,0,0,56.94,68,2.3,61.01,SSJV,Ivanhoe
2009,11,6,Exeter,0,0,0,0,56.94,68,2.3,61.01,SSJV,Exeter
2009,11,6,South Exeter,0,0,0,0,57.61,57.29,2.34,60.84,SSJV,South Exeter
2009,11,6,Tonyville,0,0,0,0,56.94,68,2.3,61.01,SSJV,Tonyville
2009,11,6,West Lindsay,0,0,0,0,56.94,68,2.3,61.01,SSJV,West Lindsay
2009,11,6,Strathmore,0,0,0,0,57.61,57.29,2.34,60.84,SSJV,Strathmore
2009,11,6,Porterville,0,0,0,0,56.94,68,2.3,61.01,SSJV,Porterville
2009,11,6,Terra Bella,0,0,0,0,56.94,68,2.3,61.01,SSJV,Terra Bella
2009,11,6,City of Visalia,0,0,0,0,56.94,68,2.3,61.01,SSJV,City of Visalia
2009,11,13,Woodlake,0,0,0,0.02,50.86,80.71,2.83,58.16,SSJV,Woodlake
2009,11,13,Ivanhoe,0,0,0,0.02,50.86,80.71,2.83,58.16,SSJV,Ivanhoe
2009,11,13,Exeter,0,0,0,0.02,50.86,80.71,2.83,58.16,SSJV,Exeter
2009,11,13,South Exeter,0,0,0,0,51.53,72.14,2.63,58.61,SSJV,South Exeter
2009,11,13,Tonyville,2,2,4,0.02,50.86,80.71,2.83,58.16,SSJV,Tonyville
2009,11,13,West Lindsay,0,0,0,0.02,50.86,80.71,2.83,58.16,SSJV,West Lindsay
2009,11,13,Strathmore,0,0,0,0,51.53,72.14,2.63,58.61,SSJV,Strathmore
2009,11,13,Porterville,0,0,0,0.02,50.86,80.71,2.83,58.16,SSJV,Porterville
2009,11,13,Terra Bella,0,0,0,0.02,50.86,80.71,2.83,58.16,SSJV,Terra Bella
2009,11,13,City of Visalia,0,0,0,0.02,50.86,80.71,2.83,58.16,SSJV,City of Visalia
2009,11,20,Woodlake,0,0,0,0,48,74,2.66,54.4,SSJV,Woodlake
2009,11,20,Ivanhoe,0,0,0,0,48,74,2.66,54.4,SSJV,Ivanhoe
2009,11,20,Exeter,0,0,0,0,48,74,2.66,54.4,SSJV,Exeter
2009,11,20,South Exeter,0,0,0,0,47.63,66,2.66,54.14,SSJV,South Exeter
2009,11,20,Tonyville,0,0,0,0,48,74,2.66,54.4,SSJV,Tonyville
2009,11,20,West Lindsay,0,0,0,0,48,74,2.66,54.4,SSJV,West Lindsay
2009,11,20,Strathmore,0,0,0,0,47.63,66,2.66,54.14,SSJV,Strathmore
2009,11,20,Porterville,0,0,0,0,48,74,2.66,54.4,SSJV,Porterville
2009,11,20,Terra Bella,0,0,0,0,48,74,2.66,54.4,SSJV,Terra Bella
2009,11,20,City of Visalia,0,0,0,0,48,74,2.66,54.4,SSJV,City of Visalia
2009,11,27,Woodlake,0,0,0,0.02,48.66,74.86,3.11,54.24,SSJV,Woodlake
2009,11,27,Ivanhoe,1,0,1,0.02,48.66,74.86,3.11,54.24,SSJV,Ivanhoe
2009,11,27,Exeter,0,0,0,0.02,48.66,74.86,3.11,54.24,SSJV,Exeter
2009,11,27,South Exeter,0,0,0,0.02,49.2,69.29,2.7,54.2,SSJV,South Exeter
2009,11,27,Tonyville,0,0,0,0.02,48.66,74.86,3.11,54.24,SSJV,Tonyville
2009,11,27,West Lindsay,0,0,0,0.02,48.66,74.86,3.11,54.24,SSJV,West Lindsay
2009,11,27,Strathmore,0,0,0,0.02,49.2,69.29,2.7,54.2,SSJV,Strathmore
2009,11,27,Porterville,0,0,0,0.02,48.66,74.86,3.11,54.24,SSJV,Porterville
2009,11,27,Terra Bella,0,0,0,0.02,48.66,74.86,3.11,54.24,SSJV,Terra Bella
2009,11,27,City of Visalia,0,0,0,0.02,48.66,74.86,3.11,54.24,SSJV,City of Visalia
2010,3,25,Woodlake,0,0,0,0,58.63,64.57,4.07,59.81,SSJV,Woodlake
2010,3,25,Ivanhoe,0,0,0,0,58.63,64.57,4.07,59.81,SSJV,Ivanhoe
2010,3,25,Exeter,0,0,0,0,58.63,64.57,4.07,59.81,SSJV,Exeter
2010,3,25,South Exeter,0,0,0,0.03,57.84,60,3.27,62.64,SSJV,South Exeter
2010,3,25,Tonyville,0,0,0,0,58.63,64.57,4.07,59.81,SSJV,Tonyville
2010,3,25,West Lindsay,0,0,0,0,58.63,64.57,4.07,59.81,SSJV,West Lindsay
2010,3,25,Strathmore,0,0,0,0.03,57.84,60,3.27,62.64,SSJV,Strathmore
2010,3,25,Porterville,0,0,0,0,58.63,64.57,4.07,59.81,SSJV,Porterville
2010,3,25,Terra Bella,0,0,0,0,58.63,64.57,4.07,59.81,SSJV,Terra Bella
2010,3,25,City of Visalia,0,0,0,0,58.63,64.57,4.07,59.81,SSJV,City of Visalia
2010,4,2,Woodlake,0,0,0,0.02,54.8,62.29,3.91,59.01,SSJV,Woodlake
2010,4,2,Ivanhoe,0,0,0,0.02,54.8,62.29,3.91,59.01,SSJV,Ivanhoe
2010,4,2,Exeter,0,0,0,0.02,54.8,62.29,3.91,59.01,SSJV,Exeter
2010,4,2,South Exeter,0,0,0,0.03,55.46,55,3.64,62.13,SSJV,South Exeter
2010,4,2,Tonyville,0,0,0,0.02,54.8,62.29,3.91,59.01,SSJV,Tonyville
2010,4,2,West Lindsay,0,0,0,0.02,54.8,62.29,3.91,59.01,SSJV,West Lindsay
2010,4,2,Strathmore,0,0,0,0.03,55.46,55,3.64,62.13,SSJV,Strathmore
2010,4,2,Porterville,0,0,0,0.02,54.8,62.29,3.91,59.01,SSJV,Porterville
2010,4,2,Terra Bella,0,0,0,0.02,54.8,62.29,3.91,59.01,SSJV,Terra Bella
2010,4,2,City of Visalia,0,0,0,0.02,54.8,62.29,3.91,59.01,SSJV,City of Visalia
2010,4,9,Woodlake,0,0,0,0.05,53.76,67.29,4.47,57.94,SSJV,Woodlake
2010,4,9,Ivanhoe,0,0,0,0.05,53.76,67.29,4.47,57.94,SSJV,Ivanhoe
2010,4,9,Exeter,0,0,0,0.05,53.76,67.29,4.47,57.94,SSJV,Exeter
2010,4,9,South Exeter,0,0,0,0.02,54.99,60.57,3.31,61.6,SSJV,South Exeter
2010,4,9,Tonyville,0,0,0,0.05,53.76,67.29,4.47,57.94,SSJV,Tonyville
2010,4,9,West Lindsay,0,0,0,0.05,53.76,67.29,4.47,57.94,SSJV,West Lindsay
2010,4,9,Strathmore,1,0,1,0.02,54.99,60.57,3.31,61.6,SSJV,Strathmore
2010,4,9,Porterville,2,0,2,0.05,53.76,67.29,4.47,57.94,SSJV,Porterville
2010,4,9,Terra Bella,2,0,2,0.05,53.76,67.29,4.47,57.94,SSJV,Terra Bella
2010,4,9,City of Visalia,0,0,0,0.05,53.76,67.29,4.47,57.94,SSJV,City of Visalia
2010,4,16,Woodlake,1,0,1,0.08,55.57,72.14,4.61,59.6,SSJV,Woodlake
2010,4,16,Ivanhoe,0,0,0,0.08,55.57,72.14,4.61,59.6,SSJV,Ivanhoe
2010,4,16,Exeter,0,0,0,0.08,55.57,72.14,4.61,59.6,SSJV,Exeter
2010,4,16,South Exeter,0,1,1,0.06,55.6,66.71,3.77,62.67,SSJV,South Exeter
2010,4,16,Tonyville,0,0,0,0.08,55.57,72.14,4.61,59.6,SSJV,Tonyville
2010,4,16,West Lindsay,0,0,0,0.08,55.57,72.14,4.61,59.6,SSJV,West Lindsay
2010,4,16,Strathmore,1,0,1,0.06,55.6,66.71,3.77,62.67,SSJV,Strathmore
2010,4,16,Porterville,1,0,1,0.08,55.57,72.14,4.61,59.6,SSJV,Porterville
2010,4,16,Terra Bella,1,0,1,0.08,55.57,72.14,4.61,59.6,SSJV,Terra Bella
2010,4,16,City of Visalia,0,0,0,0.08,55.57,72.14,4.61,59.6,SSJV,City of Visalia
2010,4,23,Woodlake,0,0,0,0.16,57.41,72.71,2.56,62.24,SSJV,Woodlake
2010,4,23,Ivanhoe,0,0,0,0.16,57.41,72.71,2.56,62.24,SSJV,Ivanhoe
2010,4,23,Exeter,0,0,0,0.16,57.41,72.71,2.56,62.24,SSJV,Exeter
2010,4,23,South Exeter,0,0,0,0.09,56.56,67.29,3.51,64.01,SSJV,South Exeter
2010,4,23,Tonyville,0,0,0,0.16,57.41,72.71,2.56,62.24,SSJV,Tonyville
2010,4,23,West Lindsay,0,0,0,0.16,57.41,72.71,2.56,62.24,SSJV,West Lindsay
2010,4,23,Strathmore,1,0,1,0.09,56.56,67.29,3.51,64.01,SSJV,Strathmore
2010,4,23,Porterville,0,0,0,0.16,57.41,72.71,2.56,62.24,SSJV,Porterville
2010,4,23,Terra Bella,3,0,3,0.16,57.41,72.71,2.56,62.24,SSJV,Terra Bella
2010,4,23,City of Visalia,0,0,0,0.16,57.41,72.71,2.56,62.24,SSJV,City of Visalia
2010,4,30,Woodlake,0,0,0,0,60.36,66.14,2.97,63.54,SSJV,Woodlake
2010,4,30,Ivanhoe,1,0,1,0,60.36,66.14,2.97,63.54,SSJV,Ivanhoe
2010,4,30,Exeter,0,0,0,0,60.36,66.14,2.97,63.54,SSJV,Exeter
2010,4,30,South Exeter,0,0,0,0,60.6,57.29,3.87,66.94,SSJV,South Exeter
2010,4,30,Tonyville,3,0,3,0,60.36,66.14,2.97,63.54,SSJV,Tonyville
2010,4,30,West Lindsay,0,0,0,0,60.36,66.14,2.97,63.54,SSJV,West Lindsay
2010,4,30,Strathmore,0,0,0,0,60.6,57.29,3.87,66.94,SSJV,Strathmore
2010,4,30,Porterville,0,0,0,0,60.36,66.14,2.97,63.54,SSJV,Porterville
2010,4,30,Terra Bella,4,2,6,0,60.36,66.14,2.97,63.54,SSJV,Terra Bella
2010,4,30,City of Visalia,0,0,0,0,60.36,66.14,2.97,63.54,SSJV,City of Visalia
2010,5,7,Woodlake,1,0,1,0,63.41,52.43,3.04,66.07,SSJV,Woodlake
2010,5,7,Ivanhoe,0,0,0,0,63.41,52.43,3.04,66.07,SSJV,Ivanhoe
2010,5,7,Exeter,1,0,1,0,63.41,52.43,3.04,66.07,SSJV,Exeter
2010,5,7,South Exeter,0,0,0,0,63.71,44.14,3.51,69.61,SSJV,South Exeter
2010,5,7,Tonyville,1,1,2,0,63.41,52.43,3.04,66.07,SSJV,Tonyville
2010,5,7,West Lindsay,0,0,0,0,63.41,52.43,3.04,66.07,SSJV,West Lindsay
2010,5,7,Strathmore,1,0,1,0,63.71,44.14,3.51,69.61,SSJV,Strathmore
2010,5,7,Porterville,0,1,1,0,63.41,52.43,3.04,66.07,SSJV,Porterville
2010,5,7,Terra Bella,1,0,1,0,63.41,52.43,3.04,66.07,SSJV,Terra Bella
2010,5,7,City of Visalia,0,0,0,0,63.41,52.43,3.04,66.07,SSJV,City of Visalia
2010,5,14,Woodlake,0,0,0,0,60.84,58,3.33,64.99,SSJV,Woodlake
2010,5,14,Ivanhoe,0,0,0,0,60.84,58,3.33,64.99,SSJV,Ivanhoe
2010,5,14,Exeter,0,0,0,0,60.84,58,3.33,64.99,SSJV,Exeter
2010,5,14,South Exeter,0,0,0,0.01,61.01,54.14,3.41,68.7,SSJV,South Exeter
2010,5,14,Tonyville,1,0,1,0,60.84,58,3.33,64.99,SSJV,Tonyville
2010,5,14,West Lindsay,0,0,0,0,60.84,58,3.33,64.99,SSJV,West Lindsay
2010,5,14,Strathmore,1,0,1,0.01,61.01,54.14,3.41,68.7,SSJV,Strathmore
2010,5,14,Porterville,0,0,0,0,60.84,58,3.33,64.99,SSJV,Porterville
2010,5,14,Terra Bella,1,0,1,0,60.84,58,3.33,64.99,SSJV,Terra Bella
2010,5,14,City of Visalia,0,0,0,0,60.84,58,3.33,64.99,SSJV,City of Visalia
2010,5,21,Woodlake,0,0,0,0.02,65.8,58,3.64,68.3,SSJV,Woodlake
2010,5,21,Ivanhoe,0,0,0,0.02,65.8,58,3.64,68.3,SSJV,Ivanhoe
2010,5,21,Exeter,0,0,0,0.02,65.8,58,3.64,68.3,SSJV,Exeter
2010,5,21,South Exeter,1,0,1,0.02,64.79,53,3.77,70.93,SSJV,South Exeter
2010,5,21,Tonyville,2,0,2,0.02,65.8,58,3.64,68.3,SSJV,Tonyville
2010,5,21,West Lindsay,0,0,0,0.02,65.8,58,3.64,68.3,SSJV,West Lindsay
2010,5,21,Strathmore,0,0,0,0.02,64.79,53,3.77,70.93,SSJV,Strathmore
2010,5,21,Porterville,0,0,0,0.02,65.8,58,3.64,68.3,SSJV,Porterville
2010,5,21,Terra Bella,0,0,0,0.02,65.8,58,3.64,68.3,SSJV,Terra Bella
2010,5,21,City of Visalia,0,0,0,0.02,65.8,58,3.64,68.3,SSJV,City of Visalia
2010,5,28,Woodlake,0,0,0,0.01,60.41,52.29,4.44,64.96,SSJV,Woodlake
2010,5,28,Ivanhoe,0,0,0,0.01,60.41,52.29,4.44,64.96,SSJV,Ivanhoe
2010,5,28,Exeter,0,0,0,0.01,60.41,52.29,4.44,64.96,SSJV,Exeter
2010,5,28,South Exeter,0,0,0,0,59.14,48.86,4.51,68.13,SSJV,South Exeter
2010,5,28,Tonyville,1,0,1,0.01,60.41,52.29,4.44,64.96,SSJV,Tonyville
2010,5,28,West Lindsay,0,0,0,0.01,60.41,52.29,4.44,64.96,SSJV,West Lindsay
2010,5,28,Strathmore,0,0,0,0,59.14,48.86,4.51,68.13,SSJV,Strathmore
2010,5,28,Porterville,0,0,0,0.01,60.41,52.29,4.44,64.96,SSJV,Porterville
2010,5,28,Terra Bella,0,0,0,0.01,60.41,52.29,4.44,64.96,SSJV,Terra Bella
2010,5,28,City of Visalia,0,0,0,0.01,60.41,52.29,4.44,64.96,SSJV,City of Visalia
2010,6,4,Woodlake,1,0,1,0,72.26,52.29,4.4,70.03,SSJV,Woodlake
2010,6,4,Ivanhoe,0,0,0,0,72.26,52.29,4.4,70.03,SSJV,Ivanhoe
2010,6,4,Exeter,0,0,0,0,72.26,52.29,4.4,70.03,SSJV,Exeter
2010,6,4,South Exeter,0,0,0,0,70.2,50.14,3.23,73.46,SSJV,South Exeter
2010,6,4,Tonyville,0,0,0,0,72.26,52.29,4.4,70.03,SSJV,Tonyville
2010,6,4,West Lindsay,0,0,0,0,72.26,52.29,4.4,70.03,SSJV,West Lindsay
2010,6,4,Strathmore,0,0,0,0,70.2,50.14,3.23,73.46,SSJV,Strathmore
2010,6,4,Porterville,0,0,0,0,72.26,52.29,4.4,70.03,SSJV,Porterville
2010,6,4,Terra Bella,0,0,0,0,72.26,52.29,4.4,70.03,SSJV,Terra Bella
2010,6,4,City of Visalia,0,0,0,0,72.26,52.29,4.4,70.03,SSJV,City of Visalia
2010,6,11,Woodlake,0,1,1,0,74.09,48.71,5.96,72.37,SSJV,Woodlake
2010,6,11,Ivanhoe,0,0,0,0,74.09,48.71,5.96,72.37,SSJV,Ivanhoe
2010,6,11,Exeter,0,0,0,0,74.09,48.71,5.96,72.37,SSJV,Exeter
2010,6,11,South Exeter,0,0,0,0,72.87,47,3.8,78.07,SSJV,South Exeter
2010,6,11,Tonyville,0,0,0,0,74.09,48.71,5.96,72.37,SSJV,Tonyville
2010,6,11,West Lindsay,0,0,0,0,74.09,48.71,5.96,72.37,SSJV,West Lindsay
2010,6,11,Strathmore,0,0,0,0,72.87,47,3.8,78.07,SSJV,Strathmore
2010,6,11,Porterville,0,0,0,0,74.09,48.71,5.96,72.37,SSJV,Porterville
2010,6,11,Terra Bella,0,0,0,0,74.09,48.71,5.96,72.37,SSJV,Terra Bella
2010,6,11,City of Visalia,0,0,0,0,74.09,48.71,5.96,72.37,SSJV,City of Visalia
2010,6,18,Woodlake,0,0,0,0,73.69,41.43,3.91,71.9,SSJV,Woodlake
2010,6,18,Ivanhoe,0,0,0,0,73.69,41.43,3.91,71.9,SSJV,Ivanhoe
2010,6,18,Exeter,0,0,0,0,73.69,41.43,3.91,71.9,SSJV,Exeter
2010,6,18,South Exeter,0,0,0,0,72.74,36.14,3.37,76.91,SSJV,South Exeter
2010,6,18,Tonyville,0,0,0,0,73.69,41.43,3.91,71.9,SSJV,Tonyville
2010,6,18,West Lindsay,0,0,0,0,73.69,41.43,3.91,71.9,SSJV,West Lindsay
2010,6,18,Strathmore,0,1,1,0,72.74,36.14,3.37,76.91,SSJV,Strathmore
2010,6,18,Porterville,0,0,0,0,73.69,41.43,3.91,71.9,SSJV,Porterville
2010,6,18,Terra Bella,0,1,1,0,73.69,41.43,3.91,71.9,SSJV,Terra Bella
2010,6,18,City of Visalia,0,0,0,0,73.69,41.43,3.91,71.9,SSJV,City of Visalia
2010,6,25,Woodlake,1,0,1,0,73.11,46,4.19,73.5,SSJV,Woodlake
2010,6,25,Ivanhoe,0,0,0,0,73.11,46,4.19,73.5,SSJV,Ivanhoe
2010,6,25,Exeter,0,0,0,0,73.11,46,4.19,73.5,SSJV,Exeter
2010,6,25,South Exeter,0,0,0,0,73.77,42,3.07,76.83,SSJV,South Exeter
2010,6,25,Tonyville,0,0,0,0,73.11,46,4.19,73.5,SSJV,Tonyville
2010,6,25,West Lindsay,0,0,0,0,73.11,46,4.19,73.5,SSJV,West Lindsay
2010,6,25,Strathmore,1,0,1,0,73.77,42,3.07,76.83,SSJV,Strathmore
2010,6,25,Porterville,0,0,0,0,73.11,46,4.19,73.5,SSJV,Porterville
2010,6,25,Terra Bella,0,0,0,0,73.11,46,4.19,73.5,SSJV,Terra Bella
2010,6,25,City of Visalia,0,0,0,0,73.11,46,4.19,73.5,SSJV,City of Visalia
2010,7,2,Woodlake,0,0,0,0,79.71,47,4.44,78.57,SSJV,Woodlake
2010,7,2,Ivanhoe,0,0,0,0,79.71,47,4.44,78.57,SSJV,Ivanhoe
2010,7,2,Exeter,0,0,0,0,79.71,47,4.44,78.57,SSJV,Exeter
2010,7,2,South Exeter,0,0,0,0,80.29,43.29,2.96,81.26,SSJV,South Exeter
2010,7,2,Tonyville,0,0,0,0,79.71,47,4.44,78.57,SSJV,Tonyville
2010,7,2,West Lindsay,0,0,0,0,79.71,47,4.44,78.57,SSJV,West Lindsay
2010,7,2,Strathmore,0,0,0,0,80.29,43.29,2.96,81.26,SSJV,Strathmore
2010,7,2,Porterville,0,0,0,0,79.71,47,4.44,78.57,SSJV,Porterville
2010,7,2,Terra Bella,0,0,0,0,79.71,47,4.44,78.57,SSJV,Terra Bella
2010,7,2,City of Visalia,0,0,0,0,79.71,47,4.44,78.57,SSJV,City of Visalia
2010,7,9,Woodlake,0,0,0,0,78.39,47.86,4.01,78.14,SSJV,Woodlake
2010,7,9,Ivanhoe,0,0,0,0,78.39,47.86,4.01,78.14,SSJV,Ivanhoe
2010,7,9,Exeter,0,0,0,0,78.39,47.86,4.01,78.14,SSJV,Exeter
2010,7,9,South Exeter,0,0,0,0,79.01,43.43,3.04,80.51,SSJV,South Exeter
2010,7,9,Tonyville,0,0,0,0,78.39,47.86,4.01,78.14,SSJV,Tonyville
2010,7,9,West Lindsay,0,1,1,0,78.39,47.86,4.01,78.14,SSJV,West Lindsay
2010,7,9,Strathmore,0,0,0,0,79.01,43.43,3.04,80.51,SSJV,Strathmore
2010,7,9,Porterville,0,0,0,0,78.39,47.86,4.01,78.14,SSJV,Porterville
2010,7,9,Terra Bella,0,0,0,0,78.39,47.86,4.01,78.14,SSJV,Terra Bella
2010,7,9,City of Visalia,0,0,0,0,78.39,47.86,4.01,78.14,SSJV,City of Visalia
2010,7,16,Woodlake,0,0,0,0,82.26,51.71,3.67,81.13,SSJV,Woodlake
2010,7,16,Ivanhoe,0,0,0,0,82.26,51.71,3.67,81.13,SSJV,Ivanhoe
2010,7,16,Exeter,0,0,0,0,82.26,51.71,3.67,81.13,SSJV,Exeter
2010,7,16,South Exeter,0,0,0,0,82.74,44.71,3.24,81.94,SSJV,South Exeter
2010,7,16,Tonyville,0,0,0,0,82.26,51.71,3.67,81.13,SSJV,Tonyville
2010,7,16,West Lindsay,0,0,0,0,82.26,51.71,3.67,81.13,SSJV,West Lindsay
2010,7,16,Strathmore,0,0,0,0,82.74,44.71,3.24,81.94,SSJV,Strathmore
2010,7,16,Porterville,0,0,0,0,82.26,51.71,3.67,81.13,SSJV,Porterville
2010,7,16,Terra Bella,0,0,0,0,82.26,51.71,3.67,81.13,SSJV,Terra Bella
2010,7,16,City of Visalia,0,0,0,0,82.26,51.71,3.67,81.13,SSJV,City of Visalia
2010,7,23,Woodlake,0,0,0,0,81.83,47.29,3.76,82.79,SSJV,Woodlake
2010,7,23,Ivanhoe,0,0,0,0,81.83,47.29,3.76,82.79,SSJV,Ivanhoe
2010,7,23,Exeter,0,0,0,0,81.83,47.29,3.76,82.79,SSJV,Exeter
2010,7,23,South Exeter,0,0,0,0,82.97,41.29,2.81,83.51,SSJV,South Exeter
2010,7,23,Tonyville,0,0,0,0,81.83,47.29,3.76,82.79,SSJV,Tonyville
2010,7,23,West Lindsay,0,0,0,0,81.83,47.29,3.76,82.79,SSJV,West Lindsay
2010,7,23,Strathmore,0,0,0,0,82.97,41.29,2.81,83.51,SSJV,Strathmore
2010,7,23,Porterville,0,0,0,0,81.83,47.29,3.76,82.79,SSJV,Porterville
2010,7,23,Terra Bella,0,1,1,0,81.83,47.29,3.76,82.79,SSJV,Terra Bella
2010,7,23,City of Visalia,0,0,0,0,81.83,47.29,3.76,82.79,SSJV,City of Visalia
2010,7,30,Woodlake,0,0,0,0,78.29,52.14,3.67,80.23,SSJV,Woodlake
2010,7,30,Ivanhoe,0,0,0,0,78.29,52.14,3.67,80.23,SSJV,Ivanhoe
2010,7,30,Exeter,0,0,0,0,78.29,52.14,3.67,80.23,SSJV,Exeter
2010,7,30,South Exeter,0,0,0,0,79.01,44.14,3.14,81.71,SSJV,South Exeter
2010,7,30,Tonyville,0,0,0,0,78.29,52.14,3.67,80.23,SSJV,Tonyville
2010,7,30,West Lindsay,0,0,0,0,78.29,52.14,3.67,80.23,SSJV,West Lindsay
2010,7,30,Strathmore,0,0,0,0,79.01,44.14,3.14,81.71,SSJV,Strathmore
2010,7,30,Porterville,0,0,0,0,78.29,52.14,3.67,80.23,SSJV,Porterville
2010,7,30,Terra Bella,0,0,0,0,78.29,52.14,3.67,80.23,SSJV,Terra Bella
2010,7,30,City of Visalia,0,0,0,0,78.29,52.14,3.67,80.23,SSJV,City of Visalia
2010,8,6,Woodlake,0,0,0,0,77.37,49.86,3.83,80.8,SSJV,Woodlake
2010,8,6,Ivanhoe,0,0,0,0,77.37,49.86,3.83,80.8,SSJV,Ivanhoe
2010,8,6,Exeter,1,0,1,0,77.37,49.86,3.83,80.8,SSJV,Exeter
2010,8,6,South Exeter,0,0,0,0,79.07,42.43,3,80.61,SSJV,South Exeter
2010,8,6,Tonyville,0,0,0,0,77.37,49.86,3.83,80.8,SSJV,Tonyville
2010,8,6,West Lindsay,1,0,1,0,77.37,49.86,3.83,80.8,SSJV,West Lindsay
2010,8,6,Strathmore,0,0,0,0,79.07,42.43,3,80.61,SSJV,Strathmore
2010,8,6,Porterville,0,0,0,0,77.37,49.86,3.83,80.8,SSJV,Porterville
2010,8,6,Terra Bella,0,0,0,0,77.37,49.86,3.83,80.8,SSJV,Terra Bella
2010,8,6,City of Visalia,0,0,0,0,77.37,49.86,3.83,80.8,SSJV,City of Visalia
2010,8,13,Woodlake,0,0,0,0,75.69,54.86,3.8,77.8,SSJV,Woodlake
2010,8,13,Ivanhoe,0,1,1,0,75.69,54.86,3.8,77.8,SSJV,Ivanhoe
2010,8,13,Exeter,0,0,0,0,75.69,54.86,3.8,77.8,SSJV,Exeter
2010,8,13,South Exeter,0,0,0,0,77.36,43.14,3.3,79.1,SSJV,South Exeter
2010,8,13,Tonyville,0,0,0,0,75.69,54.86,3.8,77.8,SSJV,Tonyville
2010,8,13,West Lindsay,0,0,0,0,75.69,54.86,3.8,77.8,SSJV,West Lindsay
2010,8,13,Strathmore,0,0,0,0,77.36,43.14,3.3,79.1,SSJV,Strathmore
2010,8,13,Porterville,0,0,0,0,75.69,54.86,3.8,77.8,SSJV,Porterville
2010,8,13,Terra Bella,0,0,0,0,75.69,54.86,3.8,77.8,SSJV,Terra Bella
2010,8,13,City of Visalia,0,0,0,0,75.69,54.86,3.8,77.8,SSJV,City of Visalia
2010,8,20,Woodlake,0,0,0,0,78.53,52.14,3.21,80.49,SSJV,Woodlake
2010,8,20,Ivanhoe,0,0,0,0,78.53,52.14,3.21,80.49,SSJV,Ivanhoe
2010,8,20,Exeter,0,0,0,0,78.53,52.14,3.21,80.49,SSJV,Exeter
2010,8,20,South Exeter,0,0,0,0,79.03,46.71,2.96,79.43,SSJV,South Exeter
2010,8,20,Tonyville,0,0,0,0,78.53,52.14,3.21,80.49,SSJV,Tonyville
2010,8,20,West Lindsay,0,0,0,0,78.53,52.14,3.21,80.49,SSJV,West Lindsay
2010,8,20,Strathmore,0,0,0,0,79.03,46.71,2.96,79.43,SSJV,Strathmore
2010,8,20,Porterville,0,0,0,0,78.53,52.14,3.21,80.49,SSJV,Porterville
2010,8,20,Terra Bella,0,0,0,0,78.53,52.14,3.21,80.49,SSJV,Terra Bella
2010,8,20,City of Visalia,0,0,0,0,78.53,52.14,3.21,80.49,SSJV,City of Visalia
2010,8,27,Woodlake,0,0,0,0,79.27,46.86,3.56,78.59,SSJV,Woodlake
2010,8,27,Ivanhoe,0,0,0,0,79.27,46.86,3.56,78.59,SSJV,Ivanhoe
2010,8,27,Exeter,0,0,0,0,79.27,46.86,3.56,78.59,SSJV,Exeter
2010,8,27,South Exeter,0,0,0,0,80.71,39.14,3.13,79.04,SSJV,South Exeter
2010,8,27,Tonyville,0,0,0,0,79.27,46.86,3.56,78.59,SSJV,Tonyville
2010,8,27,West Lindsay,0,0,0,0,79.27,46.86,3.56,78.59,SSJV,West Lindsay
2010,8,27,Strathmore,0,0,0,0,80.71,39.14,3.13,79.04,SSJV,Strathmore
2010,8,27,Porterville,0,0,0,0,79.27,46.86,3.56,78.59,SSJV,Porterville
2010,8,27,Terra Bella,0,0,0,0,79.27,46.86,3.56,78.59,SSJV,Terra Bella
2010,8,27,City of Visalia,1,0,1,0,79.27,46.86,3.56,78.59,SSJV,City of Visalia
2010,9,3,Woodlake,0,0,0,0,71.79,53.29,3.71,76.01,SSJV,Woodlake
2010,9,3,Ivanhoe,0,0,0,0,71.79,53.29,3.71,76.01,SSJV,Ivanhoe
2010,9,3,Exeter,0,0,0,0,71.79,53.29,3.71,76.01,SSJV,Exeter
2010,9,3,South Exeter,0,0,0,0,72.53,47.43,2.87,75.31,SSJV,South Exeter
2010,9,3,Tonyville,0,0,0,0,71.79,53.29,3.71,76.01,SSJV,Tonyville
2010,9,3,West Lindsay,0,0,0,0,71.79,53.29,3.71,76.01,SSJV,West Lindsay
2010,9,3,Strathmore,0,0,0,0,72.53,47.43,2.87,75.31,SSJV,Strathmore
2010,9,3,Porterville,0,0,0,0,71.79,53.29,3.71,76.01,SSJV,Porterville
2010,9,3,Terra Bella,0,0,0,0,71.79,53.29,3.71,76.01,SSJV,Terra Bella
2010,9,3,City of Visalia,0,1,1,0,71.79,53.29,3.71,76.01,SSJV,City of Visalia
2010,9,10,Woodlake,0,0,0,0,71.1,56.14,3.79,74.74,SSJV,Woodlake
2010,9,10,Ivanhoe,0,0,0,0,71.1,56.14,3.79,74.74,SSJV,Ivanhoe
2010,9,10,Exeter,0,0,0,0,71.1,56.14,3.79,74.74,SSJV,Exeter
2010,9,10,South Exeter,0,0,0,0,72.83,47.57,3.16,75.1,SSJV,South Exeter
2010,9,10,Tonyville,0,0,0,0,71.1,56.14,3.79,74.74,SSJV,Tonyville
2010,9,10,West Lindsay,0,0,0,0,71.1,56.14,3.79,74.74,SSJV,West Lindsay
2010,9,10,Strathmore,0,0,0,0,72.83,47.57,3.16,75.1,SSJV,Strathmore
2010,9,10,Porterville,0,0,0,0,71.1,56.14,3.79,74.74,SSJV,Porterville
2010,9,10,Terra Bella,0,0,0,0,71.1,56.14,3.79,74.74,SSJV,Terra Bella
2010,9,10,City of Visalia,0,0,0,0,71.1,56.14,3.79,74.74,SSJV,City of Visalia
2010,9,17,Woodlake,0,0,0,0,70.43,55.43,3.04,74.44,SSJV,Woodlake
2010,9,17,Ivanhoe,0,0,0,0,70.43,55.43,3.04,74.44,SSJV,Ivanhoe
2010,9,17,Exeter,0,0,0,0,70.43,55.43,3.04,74.44,SSJV,Exeter
2010,9,17,South Exeter,0,0,0,0,71.83,46.71,2.73,72.9,SSJV,South Exeter
2010,9,17,Tonyville,0,0,0,0,70.43,55.43,3.04,74.44,SSJV,Tonyville
2010,9,17,West Lindsay,0,0,0,0,70.43,55.43,3.04,74.44,SSJV,West Lindsay
2010,9,17,Strathmore,0,0,0,0,71.83,46.71,2.73,72.9,SSJV,Strathmore
2010,9,17,Porterville,0,0,0,0,70.43,55.43,3.04,74.44,SSJV,Porterville
2010,9,17,Terra Bella,0,0,0,0,70.43,55.43,3.04,74.44,SSJV,Terra Bella
2010,9,17,City of Visalia,0,0,0,0,70.43,55.43,3.04,74.44,SSJV,City of Visalia
2010,9,24,Woodlake,0,0,0,0,68.39,61.71,3.46,71.87,SSJV,Woodlake
2010,9,24,Ivanhoe,0,0,0,0,68.39,61.71,3.46,71.87,SSJV,Ivanhoe
2010,9,24,Exeter,0,0,0,0,68.39,61.71,3.46,71.87,SSJV,Exeter
2010,9,24,South Exeter,0,0,0,0,68.77,57.71,2.73,72.03,SSJV,South Exeter
2010,9,24,Tonyville,0,0,0,0,68.39,61.71,3.46,71.87,SSJV,Tonyville
2010,9,24,West Lindsay,0,0,0,0,68.39,61.71,3.46,71.87,SSJV,West Lindsay
2010,9,24,Strathmore,0,0,0,0,68.77,57.71,2.73,72.03,SSJV,Strathmore
2010,9,24,Porterville,0,0,0,0,68.39,61.71,3.46,71.87,SSJV,Porterville
2010,9,24,Terra Bella,0,0,0,0,68.39,61.71,3.46,71.87,SSJV,Terra Bella
2010,9,24,City of Visalia,0,0,0,0,68.39,61.71,3.46,71.87,SSJV,City of Visalia
2010,10,1,Woodlake,0,0,0,0,77.44,56.86,2.5,75.6,SSJV,Woodlake
2010,10,1,Ivanhoe,1,0,1,0,77.44,56.86,2.5,75.6,SSJV,Ivanhoe
2010,10,1,Exeter,0,1,1,0,77.44,56.86,2.5,75.6,SSJV,Exeter
2010,10,1,South Exeter,0,0,0,0,78.66,45.43,2.51,74.49,SSJV,South Exeter
2010,10,1,Tonyville,0,0,0,0,77.44,56.86,2.5,75.6,SSJV,Tonyville
2010,10,1,West Lindsay,0,0,0,0,77.44,56.86,2.5,75.6,SSJV,West Lindsay
2010,10,1,Strathmore,0,0,0,0,78.66,45.43,2.51,74.49,SSJV,Strathmore
2010,10,1,Porterville,0,0,0,0,77.44,56.86,2.5,75.6,SSJV,Porterville
2010,10,1,Terra Bella,0,0,0,0,77.44,56.86,2.5,75.6,SSJV,Terra Bella
2010,10,1,City of Visalia,0,0,0,0,77.44,56.86,2.5,75.6,SSJV,City of Visalia
2010,10,8,Woodlake,1,0,1,0.06,65.89,74.14,3.1,71.41,SSJV,Woodlake
2010,10,8,Ivanhoe,4,1,5,0.06,65.89,74.14,3.1,71.41,SSJV,Ivanhoe
2010,10,8,Exeter,0,1,1,0.06,65.89,74.14,3.1,71.41,SSJV,Exeter
2010,10,8,South Exeter,0,0,0,0,66.53,64.57,3.34,71.63,SSJV,South Exeter
2010,10,8,Tonyville,1,0,1,0.06,65.89,74.14,3.1,71.41,SSJV,Tonyville
2010,10,8,West Lindsay,0,0,0,0.06,65.89,74.14,3.1,71.41,SSJV,West Lindsay
2010,10,8,Strathmore,2,0,2,0,66.53,64.57,3.34,71.63,SSJV,Strathmore
2010,10,8,Porterville,0,0,0,0.06,65.89,74.14,3.1,71.41,SSJV,Porterville
2010,10,8,Terra Bella,0,2,2,0.06,65.89,74.14,3.1,71.41,SSJV,Terra Bella
2010,10,8,City of Visalia,0,0,0,0.06,65.89,74.14,3.1,71.41,SSJV,City of Visalia
2010,10,15,Woodlake,0,0,0,0,69.94,67.57,2.3,70.9,SSJV,Woodlake
2010,10,15,Ivanhoe,1,0,1,0,69.94,67.57,2.3,70.9,SSJV,Ivanhoe
2010,10,15,Exeter,0,0,0,0,69.94,67.57,2.3,70.9,SSJV,Exeter
2010,10,15,South Exeter,0,0,0,0,70.76,58.43,2.17,70.49,SSJV,South Exeter
2010,10,15,Tonyville,1,0,1,0,69.94,67.57,2.3,70.9,SSJV,Tonyville
2010,10,15,West Lindsay,0,0,0,0,69.94,67.57,2.3,70.9,SSJV,West Lindsay
2010,10,15,Strathmore,0,0,0,0,70.76,58.43,2.17,70.49,SSJV,Strathmore
2010,10,15,Porterville,0,0,0,0,69.94,67.57,2.3,70.9,SSJV,Porterville
2010,10,15,Terra Bella,0,0,0,0,69.94,67.57,2.3,70.9,SSJV,Terra Bella
2010,10,15,City of Visalia,0,0,0,0,69.94,67.57,2.3,70.9,SSJV,City of Visalia
2010,10,22,Woodlake,1,0,1,0,63.11,70.71,2.49,68.17,SSJV,Woodlake
2010,10,22,Ivanhoe,1,0,1,0,63.11,70.71,2.49,68.17,SSJV,Ivanhoe
2010,10,22,Exeter,0,0,0,0,63.11,70.71,2.49,68.17,SSJV,Exeter
2010,10,22,South Exeter,0,0,0,0,63.14,68.57,2.71,68.17,SSJV,South Exeter
2010,10,22,Tonyville,0,0,0,0,63.11,70.71,2.49,68.17,SSJV,Tonyville
2010,10,22,West Lindsay,0,0,0,0,63.11,70.71,2.49,68.17,SSJV,West Lindsay
2010,10,22,Strathmore,0,0,0,0,63.14,68.57,2.71,68.17,SSJV,Strathmore
2010,10,22,Porterville,0,0,0,0,63.11,70.71,2.49,68.17,SSJV,Porterville
2010,10,22,Terra Bella,0,0,0,0,63.11,70.71,2.49,68.17,SSJV,Terra Bella
2010,10,22,City of Visalia,0,0,0,0,63.11,70.71,2.49,68.17,SSJV,City of Visalia
2010,10,29,Woodlake,4,1,5,0.02,58.64,68.43,2.51,64.16,SSJV,Woodlake
2010,10,29,Ivanhoe,6,2,8,0.02,58.64,68.43,2.51,64.16,SSJV,Ivanhoe
2010,10,29,Exeter,0,0,0,0.02,58.64,68.43,2.51,64.16,SSJV,Exeter
2010,10,29,South Exeter,0,0,0,0,59.61,59.14,3,65.06,SSJV,South Exeter
2010,10,29,Tonyville,0,0,0,0.02,58.64,68.43,2.51,64.16,SSJV,Tonyville
2010,10,29,West Lindsay,0,0,0,0.02,58.64,68.43,2.51,64.16,SSJV,West Lindsay
2010,10,29,Strathmore,0,0,0,0,59.61,59.14,3,65.06,SSJV,Strathmore
2010,10,29,Porterville,0,0,0,0.02,58.64,68.43,2.51,64.16,SSJV,Porterville
2010,10,29,Terra Bella,0,0,0,0.02,58.64,68.43,2.51,64.16,SSJV,Terra Bella
2010,10,29,City of Visalia,0,0,0,0.02,58.64,68.43,2.51,64.16,SSJV,City of Visalia
2010,11,3,Woodlake,1,1,2,0.03,58.23,72.71,2.01,62.11,SSJV,Woodlake
2010,11,3,Ivanhoe,5,1,6,0.03,58.23,72.71,2.01,62.11,SSJV,Ivanhoe
2010,11,3,Exeter,0,0,0,0.03,58.23,72.71,2.01,62.11,SSJV,Exeter
2010,11,3,South Exeter,0,0,0,0,58.73,64.29,2.39,62.67,SSJV,South Exeter
2010,11,3,Tonyville,0,0,0,0.03,58.23,72.71,2.01,62.11,SSJV,Tonyville
2010,11,3,West Lindsay,1,1,2,0.03,58.23,72.71,2.01,62.11,SSJV,West Lindsay
2010,11,3,Strathmore,0,0,0,0,58.73,64.29,2.39,62.67,SSJV,Strathmore
2010,11,3,Porterville,0,0,0,0.03,58.23,72.71,2.01,62.11,SSJV,Porterville
2010,11,3,Terra Bella,0,0,0,0.03,58.23,72.71,2.01,62.11,SSJV,Terra Bella
2010,11,3,City of Visalia,0,0,0,0.03,58.23,72.71,2.01,62.11,SSJV,City of Visalia
2010,11,10,Woodlake,0,0,0,0.05,57.4,77.14,1.94,61.76,SSJV,Woodlake
2010,11,10,Ivanhoe,1,2,3,0.05,57.4,77.14,1.94,61.76,SSJV,Ivanhoe
2010,11,10,Exeter,0,0,0,0.05,57.4,77.14,1.94,61.76,SSJV,Exeter
2010,11,10,South Exeter,0,0,0,0,57.67,69.86,2.81,62.29,SSJV,South Exeter
2010,11,10,Tonyville,2,0,2,0.05,57.4,77.14,1.94,61.76,SSJV,Tonyville
2010,11,10,West Lindsay,0,0,0,0.05,57.4,77.14,1.94,61.76,SSJV,West Lindsay
2010,11,10,Strathmore,3,0,3,0,57.67,69.86,2.81,62.29,SSJV,Strathmore
2010,11,10,Porterville,0,0,0,0.05,57.4,77.14,1.94,61.76,SSJV,Porterville
2010,11,10,Terra Bella,3,0,3,0.05,57.4,77.14,1.94,61.76,SSJV,Terra Bella
2010,11,10,City of Visalia,0,0,0,0.05,57.4,77.14,1.94,61.76,SSJV,City of Visalia
2010,11,17,Woodlake,0,0,0,0,51.34,78.57,1.66,56.83,SSJV,Woodlake
2010,11,17,Ivanhoe,1,0,1,0,51.34,78.57,1.66,56.83,SSJV,Ivanhoe
2010,11,17,Exeter,0,0,0,0,51.34,78.57,1.66,56.83,SSJV,Exeter
2010,11,17,South Exeter,0,0,0,0,51.63,73.71,1.96,57.06,SSJV,South Exeter
2010,11,17,Tonyville,1,0,1,0,51.34,78.57,1.66,56.83,SSJV,Tonyville
2010,11,17,West Lindsay,0,0,0,0,51.34,78.57,1.66,56.83,SSJV,West Lindsay
2010,11,17,Strathmore,1,0,1,0,51.63,73.71,1.96,57.06,SSJV,Strathmore
2010,11,17,Porterville,0,0,0,0,51.34,78.57,1.66,56.83,SSJV,Porterville
2010,11,17,Terra Bella,0,1,1,0,51.34,78.57,1.66,56.83,SSJV,Terra Bella
2010,11,17,City of Visalia,0,0,0,0,51.34,78.57,1.66,56.83,SSJV,City of Visalia
2010,11,24,Woodlake,0,0,0,0.16,47.97,82.86,2.4,54.44,SSJV,Woodlake
2010,11,24,Ivanhoe,0,1,1,0.16,47.97,82.86,2.4,54.44,SSJV,Ivanhoe
2010,11,24,Exeter,0,0,0,0.16,47.97,82.86,2.4,54.44,SSJV,Exeter
2010,11,24,South Exeter,0,0,0,0,47.64,78.14,2.56,54.9,SSJV,South Exeter
2010,11,24,Tonyville,1,2,3,0.16,47.97,82.86,2.4,54.44,SSJV,Tonyville
2010,11,24,West Lindsay,0,0,0,0.16,47.97,82.86,2.4,54.44,SSJV,West Lindsay
2010,11,24,Strathmore,0,0,0,0,47.64,78.14,2.56,54.9,SSJV,Strathmore
2010,11,24,Porterville,0,0,0,0.16,47.97,82.86,2.4,54.44,SSJV,Porterville
2010,11,24,Terra Bella,0,0,0,0.16,47.97,82.86,2.4,54.44,SSJV,Terra Bella
2010,11,24,City of Visalia,0,0,0,0.16,47.97,82.86,2.4,54.44,SSJV,City of Visalia
2011,4,1,Woodlake,0,0,0,0.01,58.66,76.29,3.69,59.27,SSJV,Woodlake
2011,4,1,Ivanhoe,0,0,0,0.01,58.66,76.29,3.69,59.27,SSJV,Ivanhoe
2011,4,1,Exeter,0,0,0,0.01,58.66,76.29,3.69,59.27,SSJV,Exeter
2011,4,1,South Exeter,0,0,0,0,59.26,71.29,3.16,60.51,SSJV,South Exeter
2011,4,1,Tonyville,0,0,0,0.01,58.66,76.29,3.69,59.27,SSJV,Tonyville
2011,4,1,West Lindsay,0,0,0,0.01,58.66,76.29,3.69,59.27,SSJV,West Lindsay
2011,4,1,Strathmore,0,0,0,0,59.26,71.29,3.16,60.51,SSJV,Strathmore
2011,4,1,Porterville,0,0,0,0.01,58.66,76.29,3.69,59.27,SSJV,Porterville
2011,4,1,Terra Bella,0,0,0,0.01,58.66,76.29,3.69,59.27,SSJV,Terra Bella
2011,4,1,City of Visalia,0,0,0,0.01,58.66,76.29,3.69,59.27,SSJV,City of Visalia
2011,4,8,Woodlake,0,3,3,0.07,57.87,67.14,4.87,62.97,SSJV,Woodlake
2011,4,8,Ivanhoe,0,2,2,0.07,57.87,67.14,4.87,62.97,SSJV,Ivanhoe
2011,4,8,Exeter,0,0,0,0.07,57.87,67.14,4.87,62.97,SSJV,Exeter
2011,4,8,South Exeter,0,0,0,0.08,58.56,62.29,3.7,65.57,SSJV,South Exeter
2011,4,8,Tonyville,1,1,2,0.07,57.87,67.14,4.87,62.97,SSJV,Tonyville
2011,4,8,West Lindsay,0,0,0,0.07,57.87,67.14,4.87,62.97,SSJV,West Lindsay
2011,4,8,Strathmore,0,0,0,0.08,58.56,62.29,3.7,65.57,SSJV,Strathmore
2011,4,8,Porterville,0,0,0,0.07,57.87,67.14,4.87,62.97,SSJV,Porterville
2011,4,8,Terra Bella,4,0,4,0.07,57.87,67.14,4.87,62.97,SSJV,Terra Bella
2011,4,8,City of Visalia,0,0,0,0.07,57.87,67.14,4.87,62.97,SSJV,City of Visalia
2011,4,15,Woodlake,0,1,1,0,54.13,64.86,4.29,59.67,SSJV,Woodlake
2011,4,15,Ivanhoe,0,0,0,0,54.13,64.86,4.29,59.67,SSJV,Ivanhoe
2011,4,15,Exeter,0,0,0,0,54.13,64.86,4.29,59.67,SSJV,Exeter
2011,4,15,South Exeter,0,1,1,0,55.14,60,3.14,61.7,SSJV,South Exeter
2011,4,15,Tonyville,2,0,2,0,54.13,64.86,4.29,59.67,SSJV,Tonyville
2011,4,15,West Lindsay,0,0,0,0,54.13,64.86,4.29,59.67,SSJV,West Lindsay
2011,4,15,Strathmore,1,0,1,0,55.14,60,3.14,61.7,SSJV,Strathmore
2011,4,15,Porterville,1,0,1,0,54.13,64.86,4.29,59.67,SSJV,Porterville
2011,4,15,Terra Bella,1,0,1,0,54.13,64.86,4.29,59.67,SSJV,Terra Bella
2011,4,15,City of Visalia,0,0,0,0,54.13,64.86,4.29,59.67,SSJV,City of Visalia
2011,4,22,Woodlake,0,1,1,0,63.61,66,4.56,65.63,SSJV,Woodlake
2011,4,22,Ivanhoe,1,0,1,0,63.61,66,4.56,65.63,SSJV,Ivanhoe
2011,4,22,Exeter,0,1,1,0,63.61,66,4.56,65.63,SSJV,Exeter
2011,4,22,South Exeter,0,0,0,0,64.67,62.67,3.5,66.77,SSJV,South Exeter
2011,4,22,Tonyville,1,0,1,0,63.61,66,4.56,65.63,SSJV,Tonyville
2011,4,22,West Lindsay,0,0,0,0,63.61,66,4.56,65.63,SSJV,West Lindsay
2011,4,22,Strathmore,0,0,0,0,64.67,62.67,3.5,66.77,SSJV,Strathmore
2011,4,22,Porterville,1,0,1,0,63.61,66,4.56,65.63,SSJV,Porterville
2011,4,22,Terra Bella,0,0,0,0,63.61,66,4.56,65.63,SSJV,Terra Bella
2011,4,22,City of Visalia,0,0,0,0,63.61,66,4.56,65.63,SSJV,City of Visalia
2011,4,29,Woodlake,0,1,1,0,60.59,53.43,5.81,66.86,SSJV,Woodlake
2011,4,29,Ivanhoe,0,0,0,0,60.59,53.43,5.81,66.86,SSJV,Ivanhoe
2011,4,29,Exeter,0,0,0,0,60.59,53.43,5.81,66.86,SSJV,Exeter
2011,4,29,South Exeter,1,0,1,0,60.47,52.14,3.78,67.6,SSJV,South Exeter
2011,4,29,Tonyville,1,0,1,0,60.59,53.43,5.81,66.86,SSJV,Tonyville
2011,4,29,West Lindsay,1,0,1,0,60.59,53.43,5.81,66.86,SSJV,West Lindsay
2011,4,29,Strathmore,1,0,1,0,60.47,52.14,3.78,67.6,SSJV,Strathmore
2011,4,29,Porterville,0,0,0,0,60.59,53.43,5.81,66.86,SSJV,Porterville
2011,4,29,Terra Bella,0,0,0,0,60.59,53.43,5.81,66.86,SSJV,Terra Bella
2011,4,29,City of Visalia,0,0,0,0,60.59,53.43,5.81,66.86,SSJV,City of Visalia
2011,5,6,Woodlake,0,2,2,0,68.31,44.43,3.73,70.77,SSJV,Woodlake
2011,5,6,Ivanhoe,0,0,0,0,68.31,44.43,3.73,70.77,SSJV,Ivanhoe
2011,5,6,Exeter,0,1,1,0,68.31,44.43,3.73,70.77,SSJV,Exeter
2011,5,6,South Exeter,0,0,0,0,67.43,41,2.83,70.04,SSJV,South Exeter
2011,5,6,Tonyville,1,2,3,0,68.31,44.43,3.73,70.77,SSJV,Tonyville
2011,5,6,West Lindsay,0,0,0,0,68.31,44.43,3.73,70.77,SSJV,West Lindsay
2011,5,6,Strathmore,0,0,0,0,67.43,41,2.83,70.04,SSJV,Strathmore
2011,5,6,Porterville,0,0,0,0,68.31,44.43,3.73,70.77,SSJV,Porterville
2011,5,6,Terra Bella,1,0,1,0,68.31,44.43,3.73,70.77,SSJV,Terra Bella
2011,5,6,City of Visalia,0,0,0,0,68.31,44.43,3.73,70.77,SSJV,City of Visalia
2011,5,13,Woodlake,0,1,1,0,63.29,55.43,4.99,70.4,SSJV,Woodlake
2011,5,13,Ivanhoe,0,0,0,0,63.29,55.43,4.99,70.4,SSJV,Ivanhoe
2011,5,13,Exeter,0,0,0,0,63.29,55.43,4.99,70.4,SSJV,Exeter
2011,5,13,South Exeter,0,0,0,0,63.93,49.57,3.37,70.27,SSJV,South Exeter
2011,5,13,Tonyville,1,0,1,0,63.29,55.43,4.99,70.4,SSJV,Tonyville
2011,5,13,West Lindsay,0,0,0,0,63.29,55.43,4.99,70.4,SSJV,West Lindsay
2011,5,13,Strathmore,0,0,0,0,63.93,49.57,3.37,70.27,SSJV,Strathmore
2011,5,13,Porterville,1,0,1,0,63.29,55.43,4.99,70.4,SSJV,Porterville
2011,5,13,Terra Bella,2,0,2,0,63.29,55.43,4.99,70.4,SSJV,Terra Bella
2011,5,13,City of Visalia,0,0,0,0,63.29,55.43,4.99,70.4,SSJV,City of Visalia
2011,5,20,Woodlake,0,0,0,0.03,58.9,63.71,5.03,67.37,SSJV,Woodlake
2011,5,20,Ivanhoe,0,0,0,0.03,58.9,63.71,5.03,67.37,SSJV,Ivanhoe
2011,5,20,Exeter,0,1,1,0.03,58.9,63.71,5.03,67.37,SSJV,Exeter
2011,5,20,South Exeter,0,0,0,0.03,58.96,60,3.96,67.01,SSJV,South Exeter
2011,5,20,Tonyville,1,0,1,0.03,58.9,63.71,5.03,67.37,SSJV,Tonyville
2011,5,20,West Lindsay,0,0,0,0.03,58.9,63.71,5.03,67.37,SSJV,West Lindsay
2011,5,20,Strathmore,2,0,2,0.03,58.96,60,3.96,67.01,SSJV,Strathmore
2011,5,20,Porterville,0,0,0,0.03,58.9,63.71,5.03,67.37,SSJV,Porterville
2011,5,20,Terra Bella,0,0,0,0.03,58.9,63.71,5.03,67.37,SSJV,Terra Bella
2011,5,20,City of Visalia,1,0,1,0.03,58.9,63.71,5.03,67.37,SSJV,City of Visalia
2011,5,27,Woodlake,0,0,0,0,64.27,50.29,5.93,68.53,SSJV,Woodlake
2011,5,27,Ivanhoe,0,0,0,0,64.27,50.29,5.93,68.53,SSJV,Ivanhoe
2011,5,27,Exeter,0,0,0,0,64.27,50.29,5.93,68.53,SSJV,Exeter
2011,5,27,South Exeter,0,0,0,0,64.73,46.43,3.71,70.76,SSJV,South Exeter
2011,5,27,Tonyville,1,0,1,0,64.27,50.29,5.93,68.53,SSJV,Tonyville
2011,5,27,West Lindsay,0,0,0,0,64.27,50.29,5.93,68.53,SSJV,West Lindsay
2011,5,27,Strathmore,0,0,0,0,64.73,46.43,3.71,70.76,SSJV,Strathmore
2011,5,27,Porterville,0,0,0,0,64.27,50.29,5.93,68.53,SSJV,Porterville
2011,5,27,Terra Bella,0,0,0,0,64.27,50.29,5.93,68.53,SSJV,Terra Bella
2011,5,27,City of Visalia,0,0,0,0,64.27,50.29,5.93,68.53,SSJV,City of Visalia
2011,6,3,Woodlake,0,0,0,0.01,61.43,54.29,5.94,69.09,SSJV,Woodlake
2011,6,3,Ivanhoe,0,0,0,0.01,61.43,54.29,5.94,69.09,SSJV,Ivanhoe
2011,6,3,Exeter,0,0,0,0.01,61.43,54.29,5.94,69.09,SSJV,Exeter
2011,6,3,South Exeter,0,0,0,0.01,61.39,49.86,4.02,69.49,SSJV,South Exeter
2011,6,3,Tonyville,0,0,0,0.01,61.43,54.29,5.94,69.09,SSJV,Tonyville
2011,6,3,West Lindsay,0,0,0,0.01,61.43,54.29,5.94,69.09,SSJV,West Lindsay
2011,6,3,Strathmore,0,0,0,0.01,61.39,49.86,4.02,69.49,SSJV,Strathmore
2011,6,3,Porterville,0,0,0,0.01,61.43,54.29,5.94,69.09,SSJV,Porterville
2011,6,3,Terra Bella,0,0,0,0.01,61.43,54.29,5.94,69.09,SSJV,Terra Bella
2011,6,3,City of Visalia,0,0,0,0.01,61.43,54.29,5.94,69.09,SSJV,City of Visalia
2011,6,10,Woodlake,0,2,2,0.22,66.8,67.71,4.3,69.97,SSJV,Woodlake
2011,6,10,Ivanhoe,0,0,0,0.22,66.8,67.71,4.3,69.97,SSJV,Ivanhoe
2011,6,10,Exeter,0,0,0,0.22,66.8,67.71,4.3,69.97,SSJV,Exeter
2011,6,10,South Exeter,0,0,0,0.07,66.94,61,3.39,71.51,SSJV,South Exeter
2011,6,10,Tonyville,0,0,0,0.22,66.8,67.71,4.3,69.97,SSJV,Tonyville
2011,6,10,West Lindsay,0,0,0,0.22,66.8,67.71,4.3,69.97,SSJV,West Lindsay
2011,6,10,Strathmore,0,0,0,0.07,66.94,61,3.39,71.51,SSJV,Strathmore
2011,6,10,Porterville,0,0,0,0.22,66.8,67.71,4.3,69.97,SSJV,Porterville
2011,6,10,Terra Bella,0,0,0,0.22,66.8,67.71,4.3,69.97,SSJV,Terra Bella
2011,6,10,City of Visalia,0,0,0,0.22,66.8,67.71,4.3,69.97,SSJV,City of Visalia
2011,6,17,Woodlake,0,1,1,0,74.56,54.29,4.5,76.01,SSJV,Woodlake
2011,6,17,Ivanhoe,0,1,1,0,74.56,54.29,4.5,76.01,SSJV,Ivanhoe
2011,6,17,Exeter,0,0,0,0,74.56,54.29,4.5,76.01,SSJV,Exeter
2011,6,17,South Exeter,0,0,0,0,75.27,48.29,3.1,78.11,SSJV,South Exeter
2011,6,17,Tonyville,1,0,1,0,74.56,54.29,4.5,76.01,SSJV,Tonyville
2011,6,17,West Lindsay,0,1,1,0,74.56,54.29,4.5,76.01,SSJV,West Lindsay
2011,6,17,Strathmore,0,0,0,0,75.27,48.29,3.1,78.11,SSJV,Strathmore
2011,6,17,Porterville,0,0,0,0,74.56,54.29,4.5,76.01,SSJV,Porterville
2011,6,17,Terra Bella,2,0,2,0,74.56,54.29,4.5,76.01,SSJV,Terra Bella
2011,6,17,City of Visalia,0,0,0,0,74.56,54.29,4.5,76.01,SSJV,City of Visalia
2011,6,24,Woodlake,0,0,0,0,79.94,45.86,4.2,78.09,SSJV,Woodlake
2011,6,24,Ivanhoe,0,2,2,0,79.94,45.86,4.2,78.09,SSJV,Ivanhoe
2011,6,24,Exeter,0,0,0,0,79.94,45.86,4.2,78.09,SSJV,Exeter
2011,6,24,South Exeter,0,0,0,0,79.91,44.29,2.87,81.09,SSJV,South Exeter
2011,6,24,Tonyville,0,1,1,0,79.94,45.86,4.2,78.09,SSJV,Tonyville
2011,6,24,West Lindsay,0,0,0,0,79.94,45.86,4.2,78.09,SSJV,West Lindsay
2011,6,24,Strathmore,0,0,0,0,79.91,44.29,2.87,81.09,SSJV,Strathmore
2011,6,24,Porterville,0,0,0,0,79.94,45.86,4.2,78.09,SSJV,Porterville
2011,6,24,Terra Bella,0,0,0,0,79.94,45.86,4.2,78.09,SSJV,Terra Bella
2011,6,24,City of Visalia,0,0,0,0,79.94,45.86,4.2,78.09,SSJV,City of Visalia
2011,7,1,Woodlake,0,1,1,0.02,74.07,56,4.57,77.46,SSJV,Woodlake
2011,7,1,Ivanhoe,1,1,2,0.02,74.07,56,4.57,77.46,SSJV,Ivanhoe
2011,7,1,Exeter,1,2,3,0.02,74.07,56,4.57,77.46,SSJV,Exeter
2011,7,1,South Exeter,0,0,0,0,74.13,52.29,3.34,78.43,SSJV,South Exeter
2011,7,1,Tonyville,0,0,0,0.02,74.07,56,4.57,77.46,SSJV,Tonyville
2011,7,1,West Lindsay,0,0,0,0.02,74.07,56,4.57,77.46,SSJV,West Lindsay
2011,7,1,Strathmore,1,0,1,0,74.13,52.29,3.34,78.43,SSJV,Strathmore
2011,7,1,Porterville,0,1,1,0.02,74.07,56,4.57,77.46,SSJV,Porterville
2011,7,1,Terra Bella,1,1,2,0.02,74.07,56,4.57,77.46,SSJV,Terra Bella
2011,7,1,City of Visalia,0,0,0,0.02,74.07,56,4.57,77.46,SSJV,City of Visalia
2011,7,8,Woodlake,0,1,1,0,84.54,52.43,4.13,80.53,SSJV,Woodlake
2011,7,8,Ivanhoe,1,0,1,0,84.54,52.43,4.13,80.53,SSJV,Ivanhoe
2011,7,8,Exeter,0,2,2,0,84.54,52.43,4.13,80.53,SSJV,Exeter
2011,7,8,South Exeter,0,0,0,0,85.02,47.5,3,83.17,SSJV,South Exeter
2011,7,8,Tonyville,0,1,1,0,84.54,52.43,4.13,80.53,SSJV,Tonyville
2011,7,8,West Lindsay,0,0,0,0,84.54,52.43,4.13,80.53,SSJV,West Lindsay
2011,7,8,Strathmore,0,0,0,0,85.02,47.5,3,83.17,SSJV,Strathmore
2011,7,8,Porterville,0,0,0,0,84.54,52.43,4.13,80.53,SSJV,Porterville
2011,7,8,Terra Bella,0,0,0,0,84.54,52.43,4.13,80.53,SSJV,Terra Bella
2011,7,8,City of Visalia,0,0,0,0,84.54,52.43,4.13,80.53,SSJV,City of Visalia
2011,7,15,Woodlake,0,0,0,0,74.64,51,5.04,79.41,SSJV,Woodlake
2011,7,15,Ivanhoe,1,1,2,0,74.64,51,5.04,79.41,SSJV,Ivanhoe
2011,7,15,Exeter,2,2,4,0,74.64,51,5.04,79.41,SSJV,Exeter
2011,7,15,South Exeter,1,0,1,0,76.01,48.71,3.21,81,SSJV,South Exeter
2011,7,15,Tonyville,0,0,0,0,74.64,51,5.04,79.41,SSJV,Tonyville
2011,7,15,West Lindsay,0,0,0,0,74.64,51,5.04,79.41,SSJV,West Lindsay
2011,7,15,Strathmore,0,0,0,0,76.01,48.71,3.21,81,SSJV,Strathmore
2011,7,15,Porterville,0,0,0,0,74.64,51,5.04,79.41,SSJV,Porterville
2011,7,15,Terra Bella,0,0,0,0,74.64,51,5.04,79.41,SSJV,Terra Bella
2011,7,15,City of Visalia,0,0,0,0,74.64,51,5.04,79.41,SSJV,City of Visalia
2011,7,22,Woodlake,0,3,3,0,76.64,54.86,4.47,77.2,SSJV,Woodlake
2011,7,22,Ivanhoe,3,4,7,0,76.64,54.86,4.47,77.2,SSJV,Ivanhoe
2011,7,22,Exeter,2,1,3,0,76.64,54.86,4.47,77.2,SSJV,Exeter
2011,7,22,South Exeter,2,1,3,0,76.19,52.83,3.22,79.43,SSJV,South Exeter
2011,7,22,Tonyville,7,1,8,0,76.64,54.86,4.47,77.2,SSJV,Tonyville
2011,7,22,West Lindsay,0,0,0,0,76.64,54.86,4.47,77.2,SSJV,West Lindsay
2011,7,22,Strathmore,1,0,1,0,76.19,52.83,3.22,79.43,SSJV,Strathmore
2011,7,22,Porterville,0,0,0,0,76.64,54.86,4.47,77.2,SSJV,Porterville
2011,7,22,Terra Bella,2,1,3,0,76.64,54.86,4.47,77.2,SSJV,Terra Bella
2011,7,22,City of Visalia,2,1,3,0,76.64,54.86,4.47,77.2,SSJV,City of Visalia
2011,7,29,Woodlake,1,0,1,0,79.69,52.86,4.07,81.46,SSJV,Woodlake
2011,7,29,Ivanhoe,2,3,5,0,79.69,52.86,4.07,81.46,SSJV,Ivanhoe
2011,7,29,Exeter,1,0,1,0,79.69,52.86,4.07,81.46,SSJV,Exeter
2011,7,29,South Exeter,1,2,3,0,79.5,46.43,3.19,80.66,SSJV,South Exeter
2011,7,29,Tonyville,5,1,6,0,79.69,52.86,4.07,81.46,SSJV,Tonyville
2011,7,29,West Lindsay,0,0,0,0,79.69,52.86,4.07,81.46,SSJV,West Lindsay
2011,7,29,Strathmore,1,0,1,0,79.5,46.43,3.19,80.66,SSJV,Strathmore
2011,7,29,Porterville,0,0,0,0,79.69,52.86,4.07,81.46,SSJV,Porterville
2011,7,29,Terra Bella,2,2,4,0,79.69,52.86,4.07,81.46,SSJV,Terra Bella
2011,7,29,City of Visalia,0,0,0,0,79.69,52.86,4.07,81.46,SSJV,City of Visalia
2011,8,5,Woodlake,1,0,1,0.02,78.8,58.14,3.66,80.01,SSJV,Woodlake
2011,8,5,Ivanhoe,1,0,1,0.02,78.8,58.14,3.66,80.01,SSJV,Ivanhoe
2011,8,5,Exeter,0,0,0,0.02,78.8,58.14,3.66,80.01,SSJV,Exeter
2011,8,5,South Exeter,0,0,0,0,78.51,51.57,3.13,81.17,SSJV,South Exeter
2011,8,5,Tonyville,1,0,1,0.02,78.8,58.14,3.66,80.01,SSJV,Tonyville
2011,8,5,West Lindsay,1,0,1,0.02,78.8,58.14,3.66,80.01,SSJV,West Lindsay
2011,8,5,Strathmore,3,0,3,0,78.51,51.57,3.13,81.17,SSJV,Strathmore
2011,8,5,Porterville,0,0,0,0.02,78.8,58.14,3.66,80.01,SSJV,Porterville
2011,8,5,Terra Bella,2,2,4,0.02,78.8,58.14,3.66,80.01,SSJV,Terra Bella
2011,8,5,City of Visalia,0,0,0,0.02,78.8,58.14,3.66,80.01,SSJV,City of Visalia
2011,8,12,Woodlake,0,0,0,0,77.04,54.14,3.81,79.09,SSJV,Woodlake
2011,8,12,Ivanhoe,1,1,2,0,77.04,54.14,3.81,79.09,SSJV,Ivanhoe
2011,8,12,Exeter,1,0,1,0,77.04,54.14,3.81,79.09,SSJV,Exeter
2011,8,12,South Exeter,0,0,0,0,77.27,50.14,2.83,79.71,SSJV,South Exeter
2011,8,12,Tonyville,1,0,1,0,77.04,54.14,3.81,79.09,SSJV,Tonyville
2011,8,12,West Lindsay,0,1,1,0,77.04,54.14,3.81,79.09,SSJV,West Lindsay
2011,8,12,Strathmore,3,0,3,0,77.27,50.14,2.83,79.71,SSJV,Strathmore
2011,8,12,Porterville,0,0,0,0,77.04,54.14,3.81,79.09,SSJV,Porterville
2011,8,12,Terra Bella,2,0,2,0,77.04,54.14,3.81,79.09,SSJV,Terra Bella
2011,8,12,City of Visalia,1,0,1,0,77.04,54.14,3.81,79.09,SSJV,City of Visalia
2011,8,19,Woodlake,0,0,0,0,78.64,48.43,3.63,77.87,SSJV,Woodlake
2011,8,19,Ivanhoe,0,0,0,0,78.64,48.43,3.63,77.87,SSJV,Ivanhoe
2011,8,19,Exeter,0,0,0,0,78.64,48.43,3.63,77.87,SSJV,Exeter
2011,8,19,South Exeter,0,0,0,0,77.29,46.43,2.88,78.67,SSJV,South Exeter
2011,8,19,Tonyville,0,0,0,0,78.64,48.43,3.63,77.87,SSJV,Tonyville
2011,8,19,West Lindsay,0,0,0,0,78.64,48.43,3.63,77.87,SSJV,West Lindsay
2011,8,19,Strathmore,0,0,0,0,77.29,46.43,2.88,78.67,SSJV,Strathmore
2011,8,19,Porterville,0,0,0,0,78.64,48.43,3.63,77.87,SSJV,Porterville
2011,8,19,Terra Bella,2,0,2,0,78.64,48.43,3.63,77.87,SSJV,Terra Bella
2011,8,19,City of Visalia,0,0,0,0,78.64,48.43,3.63,77.87,SSJV,City of Visalia
2011,8,26,Woodlake,0,0,0,0,77.7,55.71,3.49,77.79,SSJV,Woodlake
2011,8,26,Ivanhoe,0,0,0,0,77.7,55.71,3.49,77.79,SSJV,Ivanhoe
2011,8,26,Exeter,0,0,0,0,77.7,55.71,3.49,77.79,SSJV,Exeter
2011,8,26,South Exeter,0,0,0,0,77.37,49.14,3,77.87,SSJV,South Exeter
2011,8,26,Tonyville,0,0,0,0,77.7,55.71,3.49,77.79,SSJV,Tonyville
2011,8,26,West Lindsay,0,0,0,0,77.7,55.71,3.49,77.79,SSJV,West Lindsay
2011,8,26,Strathmore,0,0,0,0,77.37,49.14,3,77.87,SSJV,Strathmore
2011,8,26,Porterville,0,0,0,0,77.7,55.71,3.49,77.79,SSJV,Porterville
2011,8,26,Terra Bella,2,0,2,0,77.7,55.71,3.49,77.79,SSJV,Terra Bella
2011,8,26,City of Visalia,0,0,0,0,77.7,55.71,3.49,77.79,SSJV,City of Visalia
2011,9,2,Woodlake,0,0,0,0,78.36,54.43,3.27,78.97,SSJV,Woodlake
2011,9,2,Ivanhoe,0,0,0,0,78.36,54.43,3.27,78.97,SSJV,Ivanhoe
2011,9,2,Exeter,0,1,1,0,78.36,54.43,3.27,78.97,SSJV,Exeter
2011,9,2,South Exeter,0,0,0,0,78.67,46.71,3.03,78.73,SSJV,South Exeter
2011,9,2,Tonyville,0,0,0,0,78.36,54.43,3.27,78.97,SSJV,Tonyville
2011,9,2,West Lindsay,0,0,0,0,78.36,54.43,3.27,78.97,SSJV,West Lindsay
2011,9,2,Strathmore,0,0,0,0,78.67,46.71,3.03,78.73,SSJV,Strathmore
2011,9,2,Porterville,0,0,0,0,78.36,54.43,3.27,78.97,SSJV,Porterville
2011,9,2,Terra Bella,1,1,2,0,78.36,54.43,3.27,78.97,SSJV,Terra Bella
2011,9,2,City of Visalia,0,0,0,0,78.36,54.43,3.27,78.97,SSJV,City of Visalia
2011,9,9,Woodlake,0,0,0,0,77.43,52.29,3.46,79.34,SSJV,Woodlake
2011,9,9,Ivanhoe,0,0,0,0,77.43,52.29,3.46,79.34,SSJV,Ivanhoe
2011,9,9,Exeter,0,0,0,0,77.43,52.29,3.46,79.34,SSJV,Exeter
2011,9,9,South Exeter,0,0,0,0,78.01,44.86,2.97,76.97,SSJV,South Exeter
2011,9,9,Tonyville,0,0,0,0,77.43,52.29,3.46,79.34,SSJV,Tonyville
2011,9,9,West Lindsay,0,0,0,0,77.43,52.29,3.46,79.34,SSJV,West Lindsay
2011,9,9,Strathmore,0,0,0,0,78.01,44.86,2.97,76.97,SSJV,Strathmore
2011,9,9,Porterville,0,0,0,0,77.43,52.29,3.46,79.34,SSJV,Porterville
2011,9,9,Terra Bella,0,0,0,0,77.43,52.29,3.46,79.34,SSJV,Terra Bella
2011,9,9,City of Visalia,0,1,1,0,77.43,52.29,3.46,79.34,SSJV,City of Visalia
2011,9,16,Woodlake,0,0,0,0,75.64,58.43,3.94,75.97,SSJV,Woodlake
2011,9,16,Ivanhoe,0,0,0,0,75.64,58.43,3.94,75.97,SSJV,Ivanhoe
2011,9,16,Exeter,0,3,3,0,75.64,58.43,3.94,75.97,SSJV,Exeter
2011,9,16,South Exeter,0,0,0,0.01,75.27,53.71,3.4,75.91,SSJV,South Exeter
2011,9,16,Tonyville,0,0,0,0,75.64,58.43,3.94,75.97,SSJV,Tonyville
2011,9,16,West Lindsay,0,0,0,0,75.64,58.43,3.94,75.97,SSJV,West Lindsay
2011,9,16,Strathmore,0,0,0,0.01,75.27,53.71,3.4,75.91,SSJV,Strathmore
2011,9,16,Porterville,3,1,4,0,75.64,58.43,3.94,75.97,SSJV,Porterville
2011,9,16,Terra Bella,2,1,3,0,75.64,58.43,3.94,75.97,SSJV,Terra Bella
2011,9,16,City of Visalia,0,1,1,0,75.64,58.43,3.94,75.97,SSJV,City of Visalia
2011,9,23,Woodlake,0,0,0,0,76.47,55.86,3.19,76.23,SSJV,Woodlake
2011,9,23,Ivanhoe,0,0,0,0,76.47,55.86,3.19,76.23,SSJV,Ivanhoe
2011,9,23,Exeter,0,1,1,0,76.47,55.86,3.19,76.23,SSJV,Exeter
2011,9,23,South Exeter,0,0,0,0,76.66,49.57,2.8,75.09,SSJV,South Exeter
2011,9,23,Tonyville,0,0,0,0,76.47,55.86,3.19,76.23,SSJV,Tonyville
2011,9,23,West Lindsay,0,0,0,0,76.47,55.86,3.19,76.23,SSJV,West Lindsay
2011,9,23,Strathmore,0,0,0,0,76.66,49.57,2.8,75.09,SSJV,Strathmore
2011,9,23,Porterville,2,1,3,0,76.47,55.86,3.19,76.23,SSJV,Porterville
2011,9,23,Terra Bella,1,0,1,0,76.47,55.86,3.19,76.23,SSJV,Terra Bella
2011,9,23,City of Visalia,4,1,5,0,76.47,55.86,3.19,76.23,SSJV,City of Visalia
2011,9,30,Woodlake,0,0,0,0,73.31,62.57,3.49,75.74,SSJV,Woodlake
2011,9,30,Ivanhoe,0,0,0,0,73.31,62.57,3.49,75.74,SSJV,Ivanhoe
2011,9,30,Exeter,2,0,2,0,73.31,62.57,3.49,75.74,SSJV,Exeter
2011,9,30,South Exeter,0,0,0,0,73.81,54,3.16,74.64,SSJV,South Exeter
2011,9,30,Tonyville,0,0,0,0,73.31,62.57,3.49,75.74,SSJV,Tonyville
2011,9,30,West Lindsay,0,0,0,0,73.31,62.57,3.49,75.74,SSJV,West Lindsay
2011,9,30,Strathmore,0,0,0,0,73.81,54,3.16,74.64,SSJV,Strathmore
2011,9,30,Porterville,0,0,0,0,73.31,62.57,3.49,75.74,SSJV,Porterville
2011,9,30,Terra Bella,2,1,3,0,73.31,62.57,3.49,75.74,SSJV,Terra Bella
2011,9,30,City of Visalia,2,3,5,0,73.31,62.57,3.49,75.74,SSJV,City of Visalia
2011,10,7,Woodlake,0,0,0,0.12,62.8,70.14,3.71,70.31,SSJV,Woodlake
2011,10,7,Ivanhoe,0,0,0,0.12,62.8,70.14,3.71,70.31,SSJV,Ivanhoe
2011,10,7,Exeter,1,2,3,0.12,62.8,70.14,3.71,70.31,SSJV,Exeter
2011,10,7,South Exeter,0,0,0,0.04,61.27,67.83,3.43,70.18,SSJV,South Exeter
2011,10,7,Tonyville,0,1,1,0.12,62.8,70.14,3.71,70.31,SSJV,Tonyville
2011,10,7,West Lindsay,0,0,0,0.12,62.8,70.14,3.71,70.31,SSJV,West Lindsay
2011,10,7,Strathmore,0,0,0,0.04,61.27,67.83,3.43,70.18,SSJV,Strathmore
2011,10,7,Porterville,1,0,1,0.12,62.8,70.14,3.71,70.31,SSJV,Porterville
2011,10,7,Terra Bella,2,3,5,0.12,62.8,70.14,3.71,70.31,SSJV,Terra Bella
2011,10,7,City of Visalia,4,0,4,0.12,62.8,70.14,3.71,70.31,SSJV,City of Visalia
2011,10,14,Woodlake,34,10,44,0,66.14,74.71,2.67,69,SSJV,Woodlake
2011,10,14,Ivanhoe,17,5,22,0,66.14,74.71,2.67,69,SSJV,Ivanhoe
2011,10,14,Exeter,14,6,20,0,66.14,74.71,2.67,69,SSJV,Exeter
2011,10,14,South Exeter,4,0,4,0,65.77,69.43,2.4,68.49,SSJV,South Exeter
2011,10,14,Tonyville,3,0,3,0,66.14,74.71,2.67,69,SSJV,Tonyville
2011,10,14,West Lindsay,6,2,8,0,66.14,74.71,2.67,69,SSJV,West Lindsay
2011,10,14,Strathmore,3,1,4,0,65.77,69.43,2.4,68.49,SSJV,Strathmore
2011,10,14,Porterville,1,1,2,0,66.14,74.71,2.67,69,SSJV,Porterville
2011,10,14,Terra Bella,2,5,7,0,66.14,74.71,2.67,69,SSJV,Terra Bella
2011,10,14,City of Visalia,25,10,35,0,66.14,74.71,2.67,69,SSJV,City of Visalia
2011,10,21,Woodlake,15,11,26,0,68.26,73.86,2.66,71.96,SSJV,Woodlake
2011,10,21,Ivanhoe,6,5,11,0,68.26,73.86,2.66,71.96,SSJV,Ivanhoe
2011,10,21,Exeter,9,4,13,0,68.26,73.86,2.66,71.96,SSJV,Exeter
2011,10,21,South Exeter,1,2,3,0,67.7,67.57,2.51,70.29,SSJV,South Exeter
2011,10,21,Tonyville,1,0,1,0,68.26,73.86,2.66,71.96,SSJV,Tonyville
2011,10,21,West Lindsay,0,1,1,0,68.26,73.86,2.66,71.96,SSJV,West Lindsay
2011,10,21,Strathmore,1,0,1,0,67.7,67.57,2.51,70.29,SSJV,Strathmore
2011,10,21,Porterville,0,0,0,0,68.26,73.86,2.66,71.96,SSJV,Porterville
2011,10,21,Terra Bella,4,0,4,0,68.26,73.86,2.66,71.96,SSJV,Terra Bella
2011,10,21,City of Visalia,19,20,39,0,68.26,73.86,2.66,71.96,SSJV,City of Visalia
2011,10,28,Woodlake,10,14,24,0,61.34,71.57,2.4,67.43,SSJV,Woodlake
2011,10,28,Ivanhoe,11,7,18,0,61.34,71.57,2.4,67.43,SSJV,Ivanhoe
2011,10,28,Exeter,2,5,7,0,61.34,71.57,2.4,67.43,SSJV,Exeter
2011,10,28,South Exeter,1,0,1,0,61.27,63.14,2.57,66.97,SSJV,South Exeter
2011,10,28,Tonyville,2,1,3,0,61.34,71.57,2.4,67.43,SSJV,Tonyville
2011,10,28,West Lindsay,3,3,6,0,61.34,71.57,2.4,67.43,SSJV,West Lindsay
2011,10,28,Strathmore,0,0,0,0,61.27,63.14,2.57,66.97,SSJV,Strathmore
2011,10,28,Porterville,0,0,0,0,61.34,71.57,2.4,67.43,SSJV,Porterville
2011,10,28,Terra Bella,4,3,7,0,61.34,71.57,2.4,67.43,SSJV,Terra Bella
2011,10,28,City of Visalia,16,7,23,0,61.34,71.57,2.4,67.43,SSJV,City of Visalia
2011,11,4,Woodlake,8,2,10,0.02,55.99,67,3.09,61.89,SSJV,Woodlake
2011,11,4,Ivanhoe,3,3,6,0.02,55.99,67,3.09,61.89,SSJV,Ivanhoe
2011,11,4,Exeter,2,0,2,0.02,55.99,67,3.09,61.89,SSJV,Exeter
2011,11,4,South Exeter,0,0,0,0.01,56.33,61.14,2.76,61.9,SSJV,South Exeter
2011,11,4,Tonyville,0,0,0,0.02,55.99,67,3.09,61.89,SSJV,Tonyville
2011,11,4,West Lindsay,0,0,0,0.02,55.99,67,3.09,61.89,SSJV,West Lindsay
2011,11,4,Strathmore,1,1,2,0.01,56.33,61.14,2.76,61.9,SSJV,Strathmore
2011,11,4,Porterville,0,0,0,0.02,55.99,67,3.09,61.89,SSJV,Porterville
2011,11,4,Terra Bella,2,0,2,0.02,55.99,67,3.09,61.89,SSJV,Terra Bella
2011,11,4,City of Visalia,11,10,21,0.02,55.99,67,3.09,61.89,SSJV,City of Visalia
2011,11,11,Woodlake,1,3,4,0.02,48.49,75.29,2.67,55.77,SSJV,Woodlake
2011,11,11,Ivanhoe,4,2,6,0.02,48.49,75.29,2.67,55.77,SSJV,Ivanhoe
2011,11,11,Exeter,1,1,2,0.02,48.49,75.29,2.67,55.77,SSJV,Exeter
2011,11,11,South Exeter,0,0,0,0.04,48.56,72.57,2.66,56.6,SSJV,South Exeter
2011,11,11,Tonyville,5,1,6,0.02,48.49,75.29,2.67,55.77,SSJV,Tonyville
2011,11,11,West Lindsay,4,2,6,0.02,48.49,75.29,2.67,55.77,SSJV,West Lindsay
2011,11,11,Strathmore,3,0,3,0.04,48.56,72.57,2.66,56.6,SSJV,Strathmore
2011,11,11,Porterville,2,4,6,0.02,48.49,75.29,2.67,55.77,SSJV,Porterville
2011,11,11,Terra Bella,21,11,32,0.02,48.49,75.29,2.67,55.77,SSJV,Terra Bella
2011,11,11,City of Visalia,5,4,9,0.02,48.49,75.29,2.67,55.77,SSJV,City of Visalia
2011,11,18,Woodlake,5,4,9,0.01,52.79,84.29,2.74,57.56,SSJV,Woodlake
2011,11,18,Ivanhoe,30,18,48,0.01,52.79,84.29,2.74,57.56,SSJV,Ivanhoe
2011,11,18,Exeter,0,2,2,0.01,52.79,84.29,2.74,57.56,SSJV,Exeter
2011,11,18,South Exeter,0,0,0,0.01,52.51,80.86,2.54,57.09,SSJV,South Exeter
2011,11,18,Tonyville,11,10,21,0.01,52.79,84.29,2.74,57.56,SSJV,Tonyville
2011,11,18,West Lindsay,1,1,2,0.01,52.79,84.29,2.74,57.56,SSJV,West Lindsay
2011,11,18,Strathmore,3,1,4,0.01,52.51,80.86,2.54,57.09,SSJV,Strathmore
2011,11,18,Porterville,5,2,7,0.01,52.79,84.29,2.74,57.56,SSJV,Porterville
2011,11,18,Terra Bella,7,5,12,0.01,52.79,84.29,2.74,57.56,SSJV,Terra Bella
2011,11,18,City of Visalia,2,1,3,0.01,52.79,84.29,2.74,57.56,SSJV,City of Visalia
2011,11,25,Woodlake,2,0,2,0.01,47.61,85.29,2.79,53.97,SSJV,Woodlake
2011,11,25,Ivanhoe,6,4,10,0.01,47.61,85.29,2.79,53.97,SSJV,Ivanhoe
2011,11,25,Exeter,0,0,0,0.01,47.61,85.29,2.79,53.97,SSJV,Exeter
2011,11,25,South Exeter,0,0,0,0.03,48.27,83.29,2.59,54.51,SSJV,South Exeter
2011,11,25,Tonyville,7,4,11,0.01,47.61,85.29,2.79,53.97,SSJV,Tonyville
2011,11,25,West Lindsay,0,1,1,0.01,47.61,85.29,2.79,53.97,SSJV,West Lindsay
2011,11,25,Strathmore,0,0,0,0.03,48.27,83.29,2.59,54.51,SSJV,Strathmore
2011,11,25,Porterville,0,0,0,0.01,47.61,85.29,2.79,53.97,SSJV,Porterville
2011,11,25,Terra Bella,3,6,9,0.01,47.61,85.29,2.79,53.97,SSJV,Terra Bella
2011,11,25,City of Visalia,2,0,2,0.01,47.61,85.29,2.79,53.97,SSJV,City of Visalia
2012,4,2,Woodlake,0,0,0,0.04,55.76,72.71,4.69,58,SSJV,Woodlake
2012,4,2,Ivanhoe,0,0,0,0.04,55.76,72.71,4.69,58,SSJV,Ivanhoe
2012,4,2,Exeter,0,0,0,0.04,55.76,72.71,4.69,58,SSJV,Exeter
2012,4,2,South Exeter,0,0,0,0,55.96,67,3.87,59.37,SSJV,South Exeter
2012,4,2,Tonyville,0,0,0,0.04,55.76,72.71,4.69,58,SSJV,Tonyville
2012,4,2,West Lindsay,0,0,0,0.04,55.76,72.71,4.69,58,SSJV,West Lindsay
2012,4,2,Strathmore,0,0,0,0,55.96,67,3.87,59.37,SSJV,Strathmore
2012,4,2,Porterville,0,0,0,0.04,55.76,72.71,4.69,58,SSJV,Porterville
2012,4,2,Terra Bella,0,0,0,0.04,55.76,72.71,4.69,58,SSJV,Terra Bella
2012,4,2,City of Visalia,0,0,0,0.04,55.76,72.71,4.69,58,SSJV,City of Visalia
2012,4,5,Woodlake,24,15,39,0.04,54.24,67.43,5.77,57.59,SSJV,Woodlake
2012,4,5,Ivanhoe,16,5,21,0.04,54.24,67.43,5.77,57.59,SSJV,Ivanhoe
2012,4,5,Exeter,9,5,14,0.04,54.24,67.43,5.77,57.59,SSJV,Exeter
2012,4,5,South Exeter,0,1,1,0,54.37,63.43,4.13,59.17,SSJV,South Exeter
2012,4,5,Tonyville,25,5,30,0.04,54.24,67.43,5.77,57.59,SSJV,Tonyville
2012,4,5,West Lindsay,2,0,2,0.04,54.24,67.43,5.77,57.59,SSJV,West Lindsay
2012,4,5,Strathmore,3,0,3,0,54.37,63.43,4.13,59.17,SSJV,Strathmore
2012,4,5,Porterville,8,0,8,0.04,54.24,67.43,5.77,57.59,SSJV,Porterville
2012,4,5,Terra Bella,35,5,40,0.04,54.24,67.43,5.77,57.59,SSJV,Terra Bella
2012,4,5,City of Visalia,18,9,27,0.04,54.24,67.43,5.77,57.59,SSJV,City of Visalia
2012,4,12,Woodlake,6,5,11,0.11,55.9,59.71,3.97,57.99,SSJV,Woodlake
2012,4,12,Ivanhoe,5,11,16,0.11,55.9,59.71,3.97,57.99,SSJV,Ivanhoe
2012,4,12,Exeter,6,1,7,0.11,55.9,59.71,3.97,57.99,SSJV,Exeter
2012,4,12,South Exeter,0,1,1,0.06,56.54,53.86,3.61,59.64,SSJV,South Exeter
2012,4,12,Tonyville,7,3,10,0.11,55.9,59.71,3.97,57.99,SSJV,Tonyville
2012,4,12,West Lindsay,6,1,7,0.11,55.9,59.71,3.97,57.99,SSJV,West Lindsay
2012,4,12,Strathmore,0,2,2,0.06,56.54,53.86,3.61,59.64,SSJV,Strathmore
2012,4,12,Porterville,3,2,5,0.11,55.9,59.71,3.97,57.99,SSJV,Porterville
2012,4,12,Terra Bella,32,11,43,0.11,55.9,59.71,3.97,57.99,SSJV,Terra Bella
2012,4,12,City of Visalia,22,12,34,0.11,55.9,59.71,3.97,57.99,SSJV,City of Visalia
2012,4,19,Woodlake,13,18,31,0.16,58.76,74.29,3.91,59.51,SSJV,Woodlake
2012,4,19,Ivanhoe,3,2,5,0.16,58.76,74.29,3.91,59.51,SSJV,Ivanhoe
2012,4,19,Exeter,5,2,7,0.16,58.76,74.29,3.91,59.51,SSJV,Exeter
2012,4,19,South Exeter,2,2,4,0.16,57.99,71.57,3.41,60.99,SSJV,South Exeter
2012,4,19,Tonyville,12,4,16,0.16,58.76,74.29,3.91,59.51,SSJV,Tonyville
2012,4,19,West Lindsay,7,0,7,0.16,58.76,74.29,3.91,59.51,SSJV,West Lindsay
2012,4,19,Strathmore,3,1,4,0.16,57.99,71.57,3.41,60.99,SSJV,Strathmore
2012,4,19,Porterville,6,1,7,0.16,58.76,74.29,3.91,59.51,SSJV,Porterville
2012,4,19,Terra Bella,21,12,33,0.16,58.76,74.29,3.91,59.51,SSJV,Terra Bella
2012,4,19,City of Visalia,15,5,20,0.16,58.76,74.29,3.91,59.51,SSJV,City of Visalia
2012,4,26,Woodlake,13,16,29,0.04,70,73,4.07,69.54,SSJV,Woodlake
2012,4,26,Ivanhoe,1,2,3,0.04,70,73,4.07,69.54,SSJV,Ivanhoe
2012,4,26,Exeter,9,8,17,0.04,70,73,4.07,69.54,SSJV,Exeter
2012,4,26,South Exeter,2,4,6,0.11,69.79,62.33,4.14,69.66,SSJV,South Exeter
2012,4,26,Tonyville,9,2,11,0.04,70,73,4.07,69.54,SSJV,Tonyville
2012,4,26,West Lindsay,5,1,6,0.04,70,73,4.07,69.54,SSJV,West Lindsay
2012,4,26,Strathmore,1,1,2,0.11,69.79,62.33,4.14,69.66,SSJV,Strathmore
2012,4,26,Porterville,3,2,5,0.04,70,73,4.07,69.54,SSJV,Porterville
2012,4,26,Terra Bella,8,5,13,0.04,70,73,4.07,69.54,SSJV,Terra Bella
2012,4,26,City of Visalia,8,3,11,0.04,70,73,4.07,69.54,SSJV,City of Visalia
2012,5,3,Woodlake,2,4,6,0,65.33,57.86,4.21,66.81,SSJV,Woodlake
2012,5,3,Ivanhoe,1,2,3,0,65.33,57.86,4.21,66.81,SSJV,Ivanhoe
2012,5,3,Exeter,5,3,8,0,65.33,57.86,4.21,66.81,SSJV,Exeter
2012,5,3,South Exeter,3,4,7,0,65.09,57,3.04,69.51,SSJV,South Exeter
2012,5,3,Tonyville,10,2,12,0,65.33,57.86,4.21,66.81,SSJV,Tonyville
2012,5,3,West Lindsay,5,1,6,0,65.33,57.86,4.21,66.81,SSJV,West Lindsay
2012,5,3,Strathmore,4,0,4,0,65.09,57,3.04,69.51,SSJV,Strathmore
2012,5,3,Porterville,7,3,10,0,65.33,57.86,4.21,66.81,SSJV,Porterville
2012,5,3,Terra Bella,4,2,6,0,65.33,57.86,4.21,66.81,SSJV,Terra Bella
2012,5,3,City of Visalia,15,5,20,0,65.33,57.86,4.21,66.81,SSJV,City of Visalia
2012,5,10,Woodlake,3,8,11,0,68.86,48.43,4.17,68.9,SSJV,Woodlake
2012,5,10,Ivanhoe,2,8,10,0,68.86,48.43,4.17,68.9,SSJV,Ivanhoe
2012,5,10,Exeter,3,4,7,0,68.86,48.43,4.17,68.9,SSJV,Exeter
2012,5,10,South Exeter,0,2,2,0,68.71,46.86,3.07,70.67,SSJV,South Exeter
2012,5,10,Tonyville,4,1,5,0,68.86,48.43,4.17,68.9,SSJV,Tonyville
2012,5,10,West Lindsay,4,1,5,0,68.86,48.43,4.17,68.9,SSJV,West Lindsay
2012,5,10,Strathmore,3,1,4,0,68.71,46.86,3.07,70.67,SSJV,Strathmore
2012,5,10,Porterville,5,0,5,0,68.86,48.43,4.17,68.9,SSJV,Porterville
2012,5,10,Terra Bella,17,6,23,0,68.86,48.43,4.17,68.9,SSJV,Terra Bella
2012,5,10,City of Visalia,8,6,14,0,68.86,48.43,4.17,68.9,SSJV,City of Visalia
2012,5,17,Woodlake,0,1,1,0,71.96,48.71,4.4,74.43,SSJV,Woodlake
2012,5,17,Ivanhoe,0,1,1,0,71.96,48.71,4.4,74.43,SSJV,Ivanhoe
2012,5,17,Exeter,0,1,1,0,71.96,48.71,4.4,74.43,SSJV,Exeter
2012,5,17,South Exeter,0,1,1,0,71.79,44.14,3.46,73.31,SSJV,South Exeter
2012,5,17,Tonyville,0,2,2,0,71.96,48.71,4.4,74.43,SSJV,Tonyville
2012,5,17,West Lindsay,1,0,1,0,71.96,48.71,4.4,74.43,SSJV,West Lindsay
2012,5,17,Strathmore,0,0,0,0,71.79,44.14,3.46,73.31,SSJV,Strathmore
2012,5,17,Porterville,1,1,2,0,71.96,48.71,4.4,74.43,SSJV,Porterville
2012,5,17,Terra Bella,1,1,2,0,71.96,48.71,4.4,74.43,SSJV,Terra Bella
2012,5,17,City of Visalia,1,1,2,0,71.96,48.71,4.4,74.43,SSJV,City of Visalia
2012,5,24,Woodlake,0,0,0,0,71.27,47.86,5.64,74.34,SSJV,Woodlake
2012,5,24,Ivanhoe,0,0,0,0,71.27,47.86,5.64,74.34,SSJV,Ivanhoe
2012,5,24,Exeter,0,0,0,0,71.27,47.86,5.64,74.34,SSJV,Exeter
2012,5,24,South Exeter,0,0,0,0,70.69,46.29,3.64,73.56,SSJV,South Exeter
2012,5,24,Tonyville,2,1,3,0,71.27,47.86,5.64,74.34,SSJV,Tonyville
2012,5,24,West Lindsay,1,1,2,0,71.27,47.86,5.64,74.34,SSJV,West Lindsay
2012,5,24,Strathmore,1,0,1,0,70.69,46.29,3.64,73.56,SSJV,Strathmore
2012,5,24,Porterville,0,0,0,0,71.27,47.86,5.64,74.34,SSJV,Porterville
2012,5,24,Terra Bella,1,0,1,0,71.27,47.86,5.64,74.34,SSJV,Terra Bella
2012,5,24,City of Visalia,9,3,12,0,71.27,47.86,5.64,74.34,SSJV,City of Visalia
2012,5,31,Woodlake,1,3,4,0,67.53,51.43,4.64,70.23,SSJV,Woodlake
2012,5,31,Ivanhoe,0,1,1,0,67.53,51.43,4.64,70.23,SSJV,Ivanhoe
2012,5,31,Exeter,1,1,2,0,67.53,51.43,4.64,70.23,SSJV,Exeter
2012,5,31,South Exeter,1,0,1,0,67.01,48.71,3.26,71.23,SSJV,South Exeter
2012,5,31,Tonyville,2,1,3,0,67.53,51.43,4.64,70.23,SSJV,Tonyville
2012,5,31,West Lindsay,0,0,0,0,67.53,51.43,4.64,70.23,SSJV,West Lindsay
2012,5,31,Strathmore,0,0,0,0,67.01,48.71,3.26,71.23,SSJV,Strathmore
2012,5,31,Porterville,0,0,0,0,67.53,51.43,4.64,70.23,SSJV,Porterville
2012,5,31,Terra Bella,2,2,4,0,67.53,51.43,4.64,70.23,SSJV,Terra Bella
2012,5,31,City of Visalia,7,8,15,0,67.53,51.43,4.64,70.23,SSJV,City of Visalia
2012,6,6,Woodlake,0,0,0,0,72.83,49.14,6.06,73.5,SSJV,Woodlake
2012,6,6,Ivanhoe,0,0,0,0,72.83,49.14,6.06,73.5,SSJV,Ivanhoe
2012,6,6,Exeter,0,2,2,0,72.83,49.14,6.06,73.5,SSJV,Exeter
2012,6,6,South Exeter,0,0,0,0,72.21,44.86,4.14,74.81,SSJV,South Exeter
2012,6,6,Tonyville,0,0,0,0,72.83,49.14,6.06,73.5,SSJV,Tonyville
2012,6,6,West Lindsay,0,0,0,0,72.83,49.14,6.06,73.5,SSJV,West Lindsay
2012,6,6,Strathmore,0,0,0,0,72.21,44.86,4.14,74.81,SSJV,Strathmore
2012,6,6,Porterville,0,0,0,0,72.83,49.14,6.06,73.5,SSJV,Porterville
2012,6,6,Terra Bella,0,0,0,0,72.83,49.14,6.06,73.5,SSJV,Terra Bella
2012,6,6,City of Visalia,13,16,29,0,72.83,49.14,6.06,73.5,SSJV,City of Visalia
2012,6,13,Woodlake,0,0,0,0,73.17,44.14,5.04,72.11,SSJV,Woodlake
2012,6,13,Ivanhoe,0,0,0,0,73.17,44.14,5.04,72.11,SSJV,Ivanhoe
2012,6,13,Exeter,0,0,0,0,73.17,44.14,5.04,72.11,SSJV,Exeter
2012,6,13,South Exeter,1,0,1,0,73.51,40.71,3.16,74.13,SSJV,South Exeter
2012,6,13,Tonyville,2,2,4,0,73.17,44.14,5.04,72.11,SSJV,Tonyville
2012,6,13,West Lindsay,0,0,0,0,73.17,44.14,5.04,72.11,SSJV,West Lindsay
2012,6,13,Strathmore,0,0,0,0,73.51,40.71,3.16,74.13,SSJV,Strathmore
2012,6,13,Porterville,0,0,0,0,73.17,44.14,5.04,72.11,SSJV,Porterville
2012,6,13,Terra Bella,1,0,1,0,73.17,44.14,5.04,72.11,SSJV,Terra Bella
2012,6,13,City of Visalia,8,4,12,0,73.17,44.14,5.04,72.11,SSJV,City of Visalia
2012,6,20,Woodlake,0,1,1,0,80.14,46.14,4.41,75.56,SSJV,Woodlake
2012,6,20,Ivanhoe,0,0,0,0,80.14,46.14,4.41,75.56,SSJV,Ivanhoe
2012,6,20,Exeter,0,0,0,0,80.14,46.14,4.41,75.56,SSJV,Exeter
2012,6,20,South Exeter,0,0,0,0,81.4,35.86,3.37,78.94,SSJV,South Exeter
2012,6,20,Tonyville,0,0,0,0,80.14,46.14,4.41,75.56,SSJV,Tonyville
2012,6,20,West Lindsay,0,0,0,0,80.14,46.14,4.41,75.56,SSJV,West Lindsay
2012,6,20,Strathmore,1,0,1,0,81.4,35.86,3.37,78.94,SSJV,Strathmore
2012,6,20,Porterville,0,0,0,0,80.14,46.14,4.41,75.56,SSJV,Porterville
2012,6,20,Terra Bella,0,0,0,0,80.14,46.14,4.41,75.56,SSJV,Terra Bella
2012,6,20,City of Visalia,4,2,6,0,80.14,46.14,4.41,75.56,SSJV,City of Visalia
2012,6,27,Woodlake,0,0,0,0,71.03,49.14,5.66,72.94,SSJV,Woodlake
2012,6,27,Ivanhoe,3,2,5,0,71.03,49.14,5.66,72.94,SSJV,Ivanhoe
2012,6,27,Exeter,0,0,0,0,71.03,49.14,5.66,72.94,SSJV,Exeter
2012,6,27,South Exeter,0,2,2,0,71.66,45.29,3.56,79.21,SSJV,South Exeter
2012,6,27,Tonyville,0,0,0,0,71.03,49.14,5.66,72.94,SSJV,Tonyville
2012,6,27,West Lindsay,0,0,0,0,71.03,49.14,5.66,72.94,SSJV,West Lindsay
2012,6,27,Strathmore,2,2,4,0,71.66,45.29,3.56,79.21,SSJV,Strathmore
2012,6,27,Porterville,1,0,1,0,71.03,49.14,5.66,72.94,SSJV,Porterville
2012,6,27,Terra Bella,10,3,13,0,71.03,49.14,5.66,72.94,SSJV,Terra Bella
2012,6,27,City of Visalia,17,12,29,0,71.03,49.14,5.66,72.94,SSJV,City of Visalia
2012,7,6,Woodlake,0,1,1,0,78.86,49,4.96,79.29,SSJV,Woodlake
2012,7,6,Ivanhoe,0,0,0,0,78.86,49,4.96,79.29,SSJV,Ivanhoe
2012,7,6,Exeter,0,0,0,0,78.86,49,4.96,79.29,SSJV,Exeter
2012,7,6,South Exeter,0,2,2,0,77.97,45.57,3.46,80.63,SSJV,South Exeter
2012,7,6,Tonyville,0,0,0,0,78.86,49,4.96,79.29,SSJV,Tonyville
2012,7,6,West Lindsay,1,0,1,0,78.86,49,4.96,79.29,SSJV,West Lindsay
2012,7,6,Strathmore,4,1,5,0,77.97,45.57,3.46,80.63,SSJV,Strathmore
2012,7,6,Porterville,0,0,0,0,78.86,49,4.96,79.29,SSJV,Porterville
2012,7,6,Terra Bella,1,1,2,0,78.86,49,4.96,79.29,SSJV,Terra Bella
2012,7,6,City of Visalia,9,14,23,0,78.86,49,4.96,79.29,SSJV,City of Visalia
2012,7,13,Woodlake,0,0,0,0,82.29,49.57,3.84,79.04,SSJV,Woodlake
2012,7,13,Ivanhoe,0,0,0,0,82.29,49.57,3.84,79.04,SSJV,Ivanhoe
2012,7,13,Exeter,0,0,0,0,82.29,49.57,3.84,79.04,SSJV,Exeter
2012,7,13,South Exeter,0,0,0,0,84.39,37.29,3.19,80.56,SSJV,South Exeter
2012,7,13,Tonyville,0,0,0,0,82.29,49.57,3.84,79.04,SSJV,Tonyville
2012,7,13,West Lindsay,0,0,0,0,82.29,49.57,3.84,79.04,SSJV,West Lindsay
2012,7,13,Strathmore,0,0,0,0,84.39,37.29,3.19,80.56,SSJV,Strathmore
2012,7,13,Porterville,0,0,0,0,82.29,49.57,3.84,79.04,SSJV,Porterville
2012,7,13,Terra Bella,0,0,0,0,82.29,49.57,3.84,79.04,SSJV,Terra Bella
2012,7,13,City of Visalia,1,0,1,0,82.29,49.57,3.84,79.04,SSJV,City of Visalia
2012,7,20,Woodlake,0,0,0,0,75.43,54.43,4.03,77.74,SSJV,Woodlake
2012,7,20,Ivanhoe,0,0,0,0,75.43,54.43,4.03,77.74,SSJV,Ivanhoe
2012,7,20,Exeter,1,0,1,0,75.43,54.43,4.03,77.74,SSJV,Exeter
2012,7,20,South Exeter,0,0,0,0,75.59,48.57,3.77,78.09,SSJV,South Exeter
2012,7,20,Tonyville,1,0,1,0,75.43,54.43,4.03,77.74,SSJV,Tonyville
2012,7,20,West Lindsay,1,0,1,0,75.43,54.43,4.03,77.74,SSJV,West Lindsay
2012,7,20,Strathmore,2,0,2,0,75.59,48.57,3.77,78.09,SSJV,Strathmore
2012,7,20,Porterville,0,0,0,0,75.43,54.43,4.03,77.74,SSJV,Porterville
2012,7,20,Terra Bella,1,1,2,0,75.43,54.43,4.03,77.74,SSJV,Terra Bella
2012,7,20,City of Visalia,0,0,0,0,75.43,54.43,4.03,77.74,SSJV,City of Visalia
2012,7,27,Woodlake,0,0,0,0,79.09,49.29,3.74,79.14,SSJV,Woodlake
2012,7,27,Ivanhoe,1,0,1,0,79.09,49.29,3.74,79.14,SSJV,Ivanhoe
2012,7,27,Exeter,1,0,1,0,79.09,49.29,3.74,79.14,SSJV,Exeter
2012,7,27,South Exeter,0,0,0,0,80.2,35.57,3.44,80.81,SSJV,South Exeter
2012,7,27,Tonyville,1,0,1,0,79.09,49.29,3.74,79.14,SSJV,Tonyville
2012,7,27,West Lindsay,0,0,0,0,79.09,49.29,3.74,79.14,SSJV,West Lindsay
2012,7,27,Strathmore,0,0,0,0,80.2,35.57,3.44,80.81,SSJV,Strathmore
2012,7,27,Porterville,0,0,0,0,79.09,49.29,3.74,79.14,SSJV,Porterville
2012,7,27,Terra Bella,0,0,0,0,79.09,49.29,3.74,79.14,SSJV,Terra Bella
2012,7,27,City of Visalia,3,0,3,0,79.09,49.29,3.74,79.14,SSJV,City of Visalia
2012,8,3,Woodlake,0,0,0,0,78.59,48.14,3.7,79.97,SSJV,Woodlake
2012,8,3,Ivanhoe,0,0,0,0,78.59,48.14,3.7,79.97,SSJV,Ivanhoe
2012,8,3,Exeter,0,0,0,0,78.59,48.14,3.7,79.97,SSJV,Exeter
2012,8,3,South Exeter,0,0,0,0,81.74,38.29,3.16,81.89,SSJV,South Exeter
2012,8,3,Tonyville,0,0,0,0,78.59,48.14,3.7,79.97,SSJV,Tonyville
2012,8,3,West Lindsay,1,0,1,0,78.59,48.14,3.7,79.97,SSJV,West Lindsay
2012,8,3,Strathmore,0,0,0,0,81.74,38.29,3.16,81.89,SSJV,Strathmore
2012,8,3,Porterville,0,0,0,0,78.59,48.14,3.7,79.97,SSJV,Porterville
2012,8,3,Terra Bella,0,0,0,0,78.59,48.14,3.7,79.97,SSJV,Terra Bella
2012,8,3,City of Visalia,1,1,2,0,78.59,48.14,3.7,79.97,SSJV,City of Visalia
2012,8,10,Woodlake,0,0,0,0,80.9,51,3.84,79.33,SSJV,Woodlake
2012,8,10,Ivanhoe,0,0,0,0,80.9,51,3.84,79.33,SSJV,Ivanhoe
2012,8,10,Exeter,0,0,0,0,80.9,51,3.84,79.33,SSJV,Exeter
2012,8,10,South Exeter,0,0,0,0,83.07,42.71,3.13,83.51,SSJV,South Exeter
2012,8,10,Tonyville,0,0,0,0,80.9,51,3.84,79.33,SSJV,Tonyville
2012,8,10,West Lindsay,1,0,1,0,80.9,51,3.84,79.33,SSJV,West Lindsay
2012,8,10,Strathmore,1,0,1,0,83.07,42.71,3.13,83.51,SSJV,Strathmore
2012,8,10,Porterville,0,0,0,0,80.9,51,3.84,79.33,SSJV,Porterville
2012,8,10,Terra Bella,0,0,0,0,80.9,51,3.84,79.33,SSJV,Terra Bella
2012,8,10,City of Visalia,5,1,6,0,80.9,51,3.84,79.33,SSJV,City of Visalia
2012,8,17,Woodlake,0,0,0,0,84.87,50.86,3.57,82.44,SSJV,Woodlake
2012,8,17,Ivanhoe,0,0,0,0,84.87,50.86,3.57,82.44,SSJV,Ivanhoe
2012,8,17,Exeter,0,0,0,0,84.87,50.86,3.57,82.44,SSJV,Exeter
2012,8,17,South Exeter,0,0,0,0,87.17,35.86,3.33,85.56,SSJV,South Exeter
2012,8,17,Tonyville,3,1,4,0,84.87,50.86,3.57,82.44,SSJV,Tonyville
2012,8,17,West Lindsay,0,0,0,0,84.87,50.86,3.57,82.44,SSJV,West Lindsay
2012,8,17,Strathmore,0,0,0,0,87.17,35.86,3.33,85.56,SSJV,Strathmore
2012,8,17,Porterville,0,0,0,0,84.87,50.86,3.57,82.44,SSJV,Porterville
2012,8,17,Terra Bella,0,0,0,0,84.87,50.86,3.57,82.44,SSJV,Terra Bella
2012,8,17,City of Visalia,2,0,2,0,84.87,50.86,3.57,82.44,SSJV,City of Visalia
2012,8,24,Woodlake,0,0,0,0,80.63,45.43,3.73,79.39,SSJV,Woodlake
2012,8,24,Ivanhoe,1,0,1,0,80.63,45.43,3.73,79.39,SSJV,Ivanhoe
2012,8,24,Exeter,0,0,0,0,80.63,45.43,3.73,79.39,SSJV,Exeter
2012,8,24,South Exeter,0,0,0,0,82.14,37.29,3.09,83.96,SSJV,South Exeter
2012,8,24,Tonyville,5,0,5,0,80.63,45.43,3.73,79.39,SSJV,Tonyville
2012,8,24,West Lindsay,0,0,0,0,80.63,45.43,3.73,79.39,SSJV,West Lindsay
2012,8,24,Strathmore,0,0,0,0,82.14,37.29,3.09,83.96,SSJV,Strathmore
2012,8,24,Porterville,0,0,0,0,80.63,45.43,3.73,79.39,SSJV,Porterville
2012,8,24,Terra Bella,0,0,0,0,80.63,45.43,3.73,79.39,SSJV,Terra Bella
2012,8,24,City of Visalia,0,0,0,0,80.63,45.43,3.73,79.39,SSJV,City of Visalia
2012,8,31,Woodlake,0,0,0,0,76.34,50.29,3.53,77.84,SSJV,Woodlake
2012,8,31,Ivanhoe,0,0,0,0,76.34,50.29,3.53,77.84,SSJV,Ivanhoe
2012,8,31,Exeter,0,0,0,0,76.34,50.29,3.53,77.84,SSJV,Exeter
2012,8,31,South Exeter,0,0,0,0,77.5,39.14,3.36,81.99,SSJV,South Exeter
2012,8,31,Tonyville,0,0,0,0,76.34,50.29,3.53,77.84,SSJV,Tonyville
2012,8,31,West Lindsay,1,0,1,0,76.34,50.29,3.53,77.84,SSJV,West Lindsay
2012,8,31,Strathmore,0,0,0,0,77.5,39.14,3.36,81.99,SSJV,Strathmore
2012,8,31,Porterville,0,0,0,0,76.34,50.29,3.53,77.84,SSJV,Porterville
2012,8,31,Terra Bella,0,0,0,0,76.34,50.29,3.53,77.84,SSJV,Terra Bella
2012,8,31,City of Visalia,0,0,0,0,76.34,50.29,3.53,77.84,SSJV,City of Visalia
2012,9,7,Woodlake,0,0,0,0,75.09,52.43,3.03,76.2,SSJV,Woodlake
2012,9,7,Ivanhoe,0,0,0,0,75.09,52.43,3.03,76.2,SSJV,Ivanhoe
2012,9,7,Exeter,0,0,0,0,75.09,52.43,3.03,76.2,SSJV,Exeter
2012,9,7,South Exeter,0,0,0,0,75.39,46.43,2.97,78.36,SSJV,South Exeter
2012,9,7,Tonyville,4,0,4,0,75.09,52.43,3.03,76.2,SSJV,Tonyville
2012,9,7,West Lindsay,0,0,0,0,75.09,52.43,3.03,76.2,SSJV,West Lindsay
2012,9,7,Strathmore,1,0,1,0,75.39,46.43,2.97,78.36,SSJV,Strathmore
2012,9,7,Porterville,0,0,0,0,75.09,52.43,3.03,76.2,SSJV,Porterville
2012,9,7,Terra Bella,0,1,1,0,75.09,52.43,3.03,76.2,SSJV,Terra Bella
2012,9,7,City of Visalia,0,0,0,0,75.09,52.43,3.03,76.2,SSJV,City of Visalia
2012,9,14,Woodlake,0,0,0,0,77.83,49.86,3.19,77.01,SSJV,Woodlake
2012,9,14,Ivanhoe,0,0,0,0,77.83,49.86,3.19,77.01,SSJV,Ivanhoe
2012,9,14,Exeter,0,0,0,0,77.83,49.86,3.19,77.01,SSJV,Exeter
2012,9,14,South Exeter,0,0,0,0,79.2,43.86,2.97,78.07,SSJV,South Exeter
2012,9,14,Tonyville,1,0,1,0,77.83,49.86,3.19,77.01,SSJV,Tonyville
2012,9,14,West Lindsay,0,0,0,0,77.83,49.86,3.19,77.01,SSJV,West Lindsay
2012,9,14,Strathmore,0,0,0,0,79.2,43.86,2.97,78.07,SSJV,Strathmore
2012,9,14,Porterville,0,0,0,0,77.83,49.86,3.19,77.01,SSJV,Porterville
2012,9,14,Terra Bella,0,0,0,0,77.83,49.86,3.19,77.01,SSJV,Terra Bella
2012,9,14,City of Visalia,1,0,1,0,77.83,49.86,3.19,77.01,SSJV,City of Visalia
2012,9,21,Woodlake,0,0,0,0,75.73,52.14,3.1,76.59,SSJV,Woodlake
2012,9,21,Ivanhoe,0,0,0,0,75.73,52.14,3.1,76.59,SSJV,Ivanhoe
2012,9,21,Exeter,0,0,0,0,75.73,52.14,3.1,76.59,SSJV,Exeter
2012,9,21,South Exeter,0,0,0,0,76.2,44.86,2.91,76.7,SSJV,South Exeter
2012,9,21,Tonyville,0,0,0,0,75.73,52.14,3.1,76.59,SSJV,Tonyville
2012,9,21,West Lindsay,0,0,0,0,75.73,52.14,3.1,76.59,SSJV,West Lindsay
2012,9,21,Strathmore,0,0,0,0,76.2,44.86,2.91,76.7,SSJV,Strathmore
2012,9,21,Porterville,0,0,0,0,75.73,52.14,3.1,76.59,SSJV,Porterville
2012,9,21,Terra Bella,0,0,0,0,75.73,52.14,3.1,76.59,SSJV,Terra Bella
2012,9,21,City of Visalia,0,0,0,0,75.73,52.14,3.1,76.59,SSJV,City of Visalia
2012,9,28,Woodlake,0,0,0,0,74.54,52.43,3.11,74.46,SSJV,Woodlake
2012,9,28,Ivanhoe,0,0,0,0,74.54,52.43,3.11,74.46,SSJV,Ivanhoe
2012,9,28,Exeter,0,0,0,0,74.54,52.43,3.11,74.46,SSJV,Exeter
2012,9,28,South Exeter,0,0,0,0,75.41,43.43,3.06,73.97,SSJV,South Exeter
2012,9,28,Tonyville,0,0,0,0,74.54,52.43,3.11,74.46,SSJV,Tonyville
2012,9,28,West Lindsay,0,0,0,0,74.54,52.43,3.11,74.46,SSJV,West Lindsay
2012,9,28,Strathmore,0,0,0,0,75.41,43.43,3.06,73.97,SSJV,Strathmore
2012,9,28,Porterville,0,0,0,0,74.54,52.43,3.11,74.46,SSJV,Porterville
2012,9,28,Terra Bella,0,0,0,0,74.54,52.43,3.11,74.46,SSJV,Terra Bella
2012,9,28,City of Visalia,0,0,0,0,74.54,52.43,3.11,74.46,SSJV,City of Visalia
2012,10,5,Woodlake,0,1,1,0,74.59,56.71,2.73,74.84,SSJV,Woodlake
2012,10,5,Ivanhoe,0,0,0,0,74.59,56.71,2.73,74.84,SSJV,Ivanhoe
2012,10,5,Exeter,0,0,0,0,74.59,56.71,2.73,74.84,SSJV,Exeter
2012,10,5,South Exeter,0,0,0,0,74.79,47.43,2.7,73.97,SSJV,South Exeter
2012,10,5,Tonyville,0,0,0,0,74.59,56.71,2.73,74.84,SSJV,Tonyville
2012,10,5,West Lindsay,0,0,0,0,74.59,56.71,2.73,74.84,SSJV,West Lindsay
2012,10,5,Strathmore,0,0,0,0,74.79,47.43,2.7,73.97,SSJV,Strathmore
2012,10,5,Porterville,0,0,0,0,74.59,56.71,2.73,74.84,SSJV,Porterville
2012,10,5,Terra Bella,0,0,0,0,74.59,56.71,2.73,74.84,SSJV,Terra Bella
2012,10,5,City of Visalia,0,0,0,0,74.59,56.71,2.73,74.84,SSJV,City of Visalia
2012,10,12,Woodlake,0,0,0,0,63.83,67.43,3.41,70.17,SSJV,Woodlake
2012,10,12,Ivanhoe,0,0,0,0,63.83,67.43,3.41,70.17,SSJV,Ivanhoe
2012,10,12,Exeter,0,0,0,0,63.83,67.43,3.41,70.17,SSJV,Exeter
2012,10,12,South Exeter,0,0,0,0,63.41,64.43,3.03,69.67,SSJV,South Exeter
2012,10,12,Tonyville,1,0,1,0,63.83,67.43,3.41,70.17,SSJV,Tonyville
2012,10,12,West Lindsay,0,0,0,0,63.83,67.43,3.41,70.17,SSJV,West Lindsay
2012,10,12,Strathmore,0,0,0,0,63.41,64.43,3.03,69.67,SSJV,Strathmore
2012,10,12,Porterville,0,0,0,0,63.83,67.43,3.41,70.17,SSJV,Porterville
2012,10,12,Terra Bella,0,0,0,0,63.83,67.43,3.41,70.17,SSJV,Terra Bella
2012,10,12,City of Visalia,0,0,0,0,63.83,67.43,3.41,70.17,SSJV,City of Visalia
2012,10,19,Woodlake,0,0,0,0,65.53,71.43,2.64,68.16,SSJV,Woodlake
2012,10,19,Ivanhoe,0,0,0,0,65.53,71.43,2.64,68.16,SSJV,Ivanhoe
2012,10,19,Exeter,0,0,0,0,65.53,71.43,2.64,68.16,SSJV,Exeter
2012,10,19,South Exeter,0,0,0,0,66,64,2.61,67.71,SSJV,South Exeter
2012,10,19,Tonyville,0,0,0,0,65.53,71.43,2.64,68.16,SSJV,Tonyville
2012,10,19,West Lindsay,0,0,0,0,65.53,71.43,2.64,68.16,SSJV,West Lindsay
2012,10,19,Strathmore,0,0,0,0,66,64,2.61,67.71,SSJV,Strathmore
2012,10,19,Porterville,0,0,0,0,65.53,71.43,2.64,68.16,SSJV,Porterville
2012,10,19,Terra Bella,0,0,0,0,65.53,71.43,2.64,68.16,SSJV,Terra Bella
2012,10,19,City of Visalia,0,0,0,0,65.53,71.43,2.64,68.16,SSJV,City of Visalia
2012,10,26,Woodlake,0,0,0,0,57.64,71,3.53,64.96,SSJV,Woodlake
2012,10,26,Ivanhoe,0,0,0,0,57.64,71,3.53,64.96,SSJV,Ivanhoe
2012,10,26,Exeter,0,0,0,0,57.64,71,3.53,64.96,SSJV,Exeter
2012,10,26,South Exeter,0,0,0,0,58.71,61,3.03,65.67,SSJV,South Exeter
2012,10,26,Tonyville,2,0,2,0,57.64,71,3.53,64.96,SSJV,Tonyville
2012,10,26,West Lindsay,0,0,0,0,57.64,71,3.53,64.96,SSJV,West Lindsay
2012,10,26,Strathmore,0,0,0,0,58.71,61,3.03,65.67,SSJV,Strathmore
2012,10,26,Porterville,0,0,0,0,57.64,71,3.53,64.96,SSJV,Porterville
2012,10,26,Terra Bella,0,0,0,0,57.64,71,3.53,64.96,SSJV,Terra Bella
2012,10,26,City of Visalia,0,0,0,0,57.64,71,3.53,64.96,SSJV,City of Visalia
2012,11,2,Woodlake,3,1,4,0,59.81,74.14,2.47,63.63,SSJV,Woodlake
2012,11,2,Ivanhoe,0,0,0,0,59.81,74.14,2.47,63.63,SSJV,Ivanhoe
2012,11,2,Exeter,0,0,0,0,59.81,74.14,2.47,63.63,SSJV,Exeter
2012,11,2,South Exeter,0,0,0,0,60.21,62.57,2.66,63.53,SSJV,South Exeter
2012,11,2,Tonyville,4,0,4,0,59.81,74.14,2.47,63.63,SSJV,Tonyville
2012,11,2,West Lindsay,0,0,0,0,59.81,74.14,2.47,63.63,SSJV,West Lindsay
2012,11,2,Strathmore,0,0,0,0,60.21,62.57,2.66,63.53,SSJV,Strathmore
2012,11,2,Porterville,0,0,0,0,59.81,74.14,2.47,63.63,SSJV,Porterville
2012,11,2,Terra Bella,0,0,0,0,59.81,74.14,2.47,63.63,SSJV,Terra Bella
2012,11,2,City of Visalia,0,0,0,0,59.81,74.14,2.47,63.63,SSJV,City of Visalia
2012,11,9,Woodlake,0,1,1,0.01,58.03,75,2.91,62.86,SSJV,Woodlake
2012,11,9,Ivanhoe,0,0,0,0.01,58.03,75,2.91,62.86,SSJV,Ivanhoe
2012,11,9,Exeter,1,0,1,0.01,58.03,75,2.91,62.86,SSJV,Exeter
2012,11,9,South Exeter,0,0,0,0,58.47,66.57,2.51,62.9,SSJV,South Exeter
2012,11,9,Tonyville,2,2,4,0.01,58.03,75,2.91,62.86,SSJV,Tonyville
2012,11,9,West Lindsay,0,0,0,0.01,58.03,75,2.91,62.86,SSJV,West Lindsay
2012,11,9,Strathmore,0,0,0,0,58.47,66.57,2.51,62.9,SSJV,Strathmore
2012,11,9,Porterville,0,0,0,0.01,58.03,75,2.91,62.86,SSJV,Porterville
2012,11,9,Terra Bella,0,0,0,0.01,58.03,75,2.91,62.86,SSJV,Terra Bella
2012,11,9,City of Visalia,0,0,0,0.01,58.03,75,2.91,62.86,SSJV,City of Visalia
2012,11,16,Woodlake,0,0,0,0,48.57,69.43,2.61,56.13,SSJV,Woodlake
2012,11,16,Ivanhoe,0,0,0,0,48.57,69.43,2.61,56.13,SSJV,Ivanhoe
2012,11,16,Exeter,0,0,0,0,48.57,69.43,2.61,56.13,SSJV,Exeter
2012,11,16,South Exeter,0,0,0,0.01,47.89,66.71,2.57,55.16,SSJV,South Exeter
2012,11,16,Tonyville,3,0,3,0,48.57,69.43,2.61,56.13,SSJV,Tonyville
2012,11,16,West Lindsay,0,0,0,0,48.57,69.43,2.61,56.13,SSJV,West Lindsay
2012,11,16,Strathmore,1,2,3,0.01,47.89,66.71,2.57,55.16,SSJV,Strathmore
2012,11,16,Porterville,0,0,0,0,48.57,69.43,2.61,56.13,SSJV,Porterville
2012,11,16,Terra Bella,2,0,2,0,48.57,69.43,2.61,56.13,SSJV,Terra Bella
2012,11,16,City of Visalia,0,0,0,0,48.57,69.43,2.61,56.13,SSJV,City of Visalia
2012,11,23,Woodlake,2,0,2,0.03,54,85,2.81,58.23,SSJV,Woodlake
2012,11,23,Ivanhoe,0,0,0,0.03,54,85,2.81,58.23,SSJV,Ivanhoe
2012,11,23,Exeter,0,0,0,0.03,54,85,2.81,58.23,SSJV,Exeter
2012,11,23,South Exeter,0,0,0,0.01,54.74,74.86,2.6,57.11,SSJV,South Exeter
2012,11,23,Tonyville,2,0,2,0.03,54,85,2.81,58.23,SSJV,Tonyville
2012,11,23,West Lindsay,0,0,0,0.03,54,85,2.81,58.23,SSJV,West Lindsay
2012,11,23,Strathmore,0,0,0,0.01,54.74,74.86,2.6,57.11,SSJV,Strathmore
2012,11,23,Porterville,1,0,1,0.03,54,85,2.81,58.23,SSJV,Porterville
2012,11,23,Terra Bella,10,5,15,0.03,54,85,2.81,58.23,SSJV,Terra Bella
2012,11,23,City of Visalia,0,0,0,0.03,54,85,2.81,58.23,SSJV,City of Visalia
2012,11,30,Woodlake,0,0,0,0.07,53.5,86.86,2.86,56.61,SSJV,Woodlake
2012,11,30,Ivanhoe,0,0,0,0.07,53.5,86.86,2.86,56.61,SSJV,Ivanhoe
2012,11,30,Exeter,0,0,0,0.07,53.5,86.86,2.86,56.61,SSJV,Exeter
2012,11,30,South Exeter,0,0,0,0.02,53.16,79.86,2.11,54.7,SSJV,South Exeter
2012,11,30,Tonyville,2,0,2,0.07,53.5,86.86,2.86,56.61,SSJV,Tonyville
2012,11,30,West Lindsay,0,0,0,0.07,53.5,86.86,2.86,56.61,SSJV,West Lindsay
2012,11,30,Strathmore,0,0,0,0.02,53.16,79.86,2.11,54.7,SSJV,Strathmore
2012,11,30,Porterville,1,0,1,0.07,53.5,86.86,2.86,56.61,SSJV,Porterville
2012,11,30,Terra Bella,1,1,2,0.07,53.5,86.86,2.86,56.61,SSJV,Terra Bella
2012,11,30,City of Visalia,0,0,0,0.07,53.5,86.86,2.86,56.61,SSJV,City of Visalia
2013,3,28,Woodlake,0,0,0,0,58.17,79,3.3,61.63,SSJV,Woodlake
2013,3,28,Ivanhoe,0,0,0,0,58.17,79,3.3,61.63,SSJV,Ivanhoe
2013,3,28,Exeter,0,0,0,0,58.17,79,3.3,61.63,SSJV,Exeter
2013,3,28,South Exeter,0,0,0,0,57.64,56.43,3.26,58.07,SSJV,South Exeter
2013,3,28,Tonyville,0,0,0,0,58.17,79,3.3,61.63,SSJV,Tonyville
2013,3,28,West Lindsay,0,0,0,0,58.17,79,3.3,61.63,SSJV,West Lindsay
2013,3,28,Strathmore,0,0,0,0,57.64,56.43,3.26,58.07,SSJV,Strathmore
2013,3,28,Porterville,0,0,0,0,58.17,79,3.3,61.63,SSJV,Porterville
2013,3,28,Terra Bella,0,0,0,0,58.17,79,3.3,61.63,SSJV,Terra Bella
2013,3,28,City of Visalia,0,0,0,0,58.17,79,3.3,61.63,SSJV,City of Visalia
2013,4,4,Woodlake,21,3,24,0.01,62.89,80.43,3.87,64.54,SSJV,Woodlake
2013,4,4,Ivanhoe,2,2,4,0.01,62.89,80.43,3.87,64.54,SSJV,Ivanhoe
2013,4,4,Exeter,2,0,2,0.01,62.89,80.43,3.87,64.54,SSJV,Exeter
2013,4,4,South Exeter,0,1,1,0,63.33,59.71,3.64,61.43,SSJV,South Exeter
2013,4,4,Tonyville,6,3,9,0.01,62.89,80.43,3.87,64.54,SSJV,Tonyville
2013,4,4,West Lindsay,1,0,1,0.01,62.89,80.43,3.87,64.54,SSJV,West Lindsay
2013,4,4,Strathmore,2,1,3,0,63.33,59.71,3.64,61.43,SSJV,Strathmore
2013,4,4,Porterville,4,2,6,0.01,62.89,80.43,3.87,64.54,SSJV,Porterville
2013,4,4,Terra Bella,21,6,27,0.01,62.89,80.43,3.87,64.54,SSJV,Terra Bella
2013,4,4,City of Visalia,1,0,1,0.01,62.89,80.43,3.87,64.54,SSJV,City of Visalia
2013,4,11,Woodlake,19,8,27,0,60.67,78.14,5.09,63.14,SSJV,Woodlake
2013,4,11,Ivanhoe,2,0,2,0,60.67,78.14,5.09,63.14,SSJV,Ivanhoe
2013,4,11,Exeter,2,0,2,0,60.67,78.14,5.09,63.14,SSJV,Exeter
2013,4,11,South Exeter,0,0,0,0.01,59.81,56.43,4,61.27,SSJV,South Exeter
2013,4,11,Tonyville,2,2,4,0,60.67,78.14,5.09,63.14,SSJV,Tonyville
2013,4,11,West Lindsay,3,0,3,0,60.67,78.14,5.09,63.14,SSJV,West Lindsay
2013,4,11,Strathmore,2,1,3,0.01,59.81,56.43,4,61.27,SSJV,Strathmore
2013,4,11,Porterville,5,0,5,0,60.67,78.14,5.09,63.14,SSJV,Porterville
2013,4,11,Terra Bella,13,3,16,0,60.67,78.14,5.09,63.14,SSJV,Terra Bella
2013,4,11,City of Visalia,0,0,0,0,60.67,78.14,5.09,63.14,SSJV,City of Visalia
2013,4,18,Woodlake,20,7,27,0,59.56,72.71,4.6,63,SSJV,Woodlake
2013,4,18,Ivanhoe,1,0,1,0,59.56,72.71,4.6,63,SSJV,Ivanhoe
2013,4,18,Exeter,5,1,6,0,59.56,72.71,4.6,63,SSJV,Exeter
2013,4,18,South Exeter,0,0,0,0,60.8,45.57,3.9,61.39,SSJV,South Exeter
2013,4,18,Tonyville,9,3,12,0,59.56,72.71,4.6,63,SSJV,Tonyville
2013,4,18,West Lindsay,0,0,0,0,59.56,72.71,4.6,63,SSJV,West Lindsay
2013,4,18,Strathmore,0,0,0,0,60.8,45.57,3.9,61.39,SSJV,Strathmore
2013,4,18,Porterville,0,0,0,0,59.56,72.71,4.6,63,SSJV,Porterville
2013,4,18,Terra Bella,6,3,9,0,59.56,72.71,4.6,63,SSJV,Terra Bella
2013,4,18,City of Visalia,1,1,2,0,59.56,72.71,4.6,63,SSJV,City of Visalia
2013,4,25,Woodlake,12,2,14,0,67.46,71.14,3.44,67.89,SSJV,Woodlake
2013,4,25,Ivanhoe,0,0,0,0,67.46,71.14,3.44,67.89,SSJV,Ivanhoe
2013,4,25,Exeter,1,0,1,0,67.46,71.14,3.44,67.89,SSJV,Exeter
2013,4,25,South Exeter,0,0,0,0,67.61,43.86,3.59,62.06,SSJV,South Exeter
2013,4,25,Tonyville,3,0,3,0,67.46,71.14,3.44,67.89,SSJV,Tonyville
2013,4,25,West Lindsay,0,0,0,0,67.46,71.14,3.44,67.89,SSJV,West Lindsay
2013,4,25,Strathmore,0,0,0,0,67.61,43.86,3.59,62.06,SSJV,Strathmore
2013,4,25,Porterville,8,4,12,0,67.46,71.14,3.44,67.89,SSJV,Porterville
2013,4,25,Terra Bella,3,0,3,0,67.46,71.14,3.44,67.89,SSJV,Terra Bella
2013,4,25,City of Visalia,1,0,1,0,67.46,71.14,3.44,67.89,SSJV,City of Visalia
2013,5,2,Woodlake,4,0,4,0,70.99,69.5,3.81,68.81,SSJV,Woodlake
2013,5,2,Ivanhoe,0,0,0,0,70.99,69.5,3.81,68.81,SSJV,Ivanhoe
2013,5,2,Exeter,0,1,1,0,70.99,69.5,3.81,68.81,SSJV,Exeter
2013,5,2,South Exeter,0,0,0,0,70.93,43.57,3.29,64.07,SSJV,South Exeter
2013,5,2,Tonyville,8,1,9,0,70.99,69.5,3.81,68.81,SSJV,Tonyville
2013,5,2,West Lindsay,2,1,3,0,70.99,69.5,3.81,68.81,SSJV,West Lindsay
2013,5,2,Strathmore,1,0,1,0,70.93,43.57,3.29,64.07,SSJV,Strathmore
2013,5,2,Porterville,2,1,3,0,70.99,69.5,3.81,68.81,SSJV,Porterville
2013,5,2,Terra Bella,3,0,3,0,70.99,69.5,3.81,68.81,SSJV,Terra Bella
2013,5,2,City of Visalia,0,0,0,0,70.99,69.5,3.81,68.81,SSJV,City of Visalia
2013,5,9,Woodlake,2,0,2,0.08,67.39,70.57,4.3,69.97,SSJV,Woodlake
2013,5,9,Ivanhoe,1,0,1,0.08,67.39,70.57,4.3,69.97,SSJV,Ivanhoe
2013,5,9,Exeter,0,0,0,0.08,67.39,70.57,4.3,69.97,SSJV,Exeter
2013,5,9,South Exeter,0,0,0,0.08,66.79,53,3.93,63.06,SSJV,South Exeter
2013,5,9,Tonyville,3,0,3,0.08,67.39,70.57,4.3,69.97,SSJV,Tonyville
2013,5,9,West Lindsay,1,0,1,0.08,67.39,70.57,4.3,69.97,SSJV,West Lindsay
2013,5,9,Strathmore,0,0,0,0.08,66.79,53,3.93,63.06,SSJV,Strathmore
2013,5,9,Porterville,0,0,0,0.08,67.39,70.57,4.3,69.97,SSJV,Porterville
2013,5,9,Terra Bella,2,1,3,0.08,67.39,70.57,4.3,69.97,SSJV,Terra Bella
2013,5,9,City of Visalia,0,0,0,0.08,67.39,70.57,4.3,69.97,SSJV,City of Visalia
2013,5,16,Woodlake,0,0,0,0,74.87,69,4.6,74.07,SSJV,Woodlake
2013,5,16,Ivanhoe,0,0,0,0,74.87,69,4.6,74.07,SSJV,Ivanhoe
2013,5,16,Exeter,0,0,0,0,74.87,69,4.6,74.07,SSJV,Exeter
2013,5,16,South Exeter,0,0,0,0,74.71,47.57,3.36,67.21,SSJV,South Exeter
2013,5,16,Tonyville,0,0,0,0,74.87,69,4.6,74.07,SSJV,Tonyville
2013,5,16,West Lindsay,0,0,0,0,74.87,69,4.6,74.07,SSJV,West Lindsay
2013,5,16,Strathmore,1,0,1,0,74.71,47.57,3.36,67.21,SSJV,Strathmore
2013,5,16,Porterville,2,0,2,0,74.87,69,4.6,74.07,SSJV,Porterville
2013,5,16,Terra Bella,2,1,3,0,74.87,69,4.6,74.07,SSJV,Terra Bella
2013,5,16,City of Visalia,4,1,5,0,74.87,69,4.6,74.07,SSJV,City of Visalia
2013,5,24,Woodlake,1,0,1,0,67.1,66.43,5.13,69.84,SSJV,Woodlake
2013,5,24,Ivanhoe,0,0,0,0,67.1,66.43,5.13,69.84,SSJV,Ivanhoe
2013,5,24,Exeter,1,0,1,0,67.1,66.43,5.13,69.84,SSJV,Exeter
2013,5,24,South Exeter,0,0,0,0,67.84,39.29,3.77,64.73,SSJV,South Exeter
2013,5,24,Tonyville,2,0,2,0,67.1,66.43,5.13,69.84,SSJV,Tonyville
2013,5,24,West Lindsay,0,0,0,0,67.1,66.43,5.13,69.84,SSJV,West Lindsay
2013,5,24,Strathmore,0,0,0,0,67.84,39.29,3.77,64.73,SSJV,Strathmore
2013,5,24,Porterville,0,0,0,0,67.1,66.43,5.13,69.84,SSJV,Porterville
2013,5,24,Terra Bella,1,0,1,0,67.1,66.43,5.13,69.84,SSJV,Terra Bella
2013,5,24,City of Visalia,0,2,2,0,67.1,66.43,5.13,69.84,SSJV,City of Visalia
2013,5,31,Woodlake,1,0,1,0,69.04,67.29,5.86,71.57,SSJV,Woodlake
2013,5,31,Ivanhoe,0,0,0,0,69.04,67.29,5.86,71.57,SSJV,Ivanhoe
2013,5,31,Exeter,0,0,0,0,69.04,67.29,5.86,71.57,SSJV,Exeter
2013,5,31,South Exeter,0,0,0,0,68.69,46.29,3.81,64.69,SSJV,South Exeter
2013,5,31,Tonyville,0,0,0,0,69.04,67.29,5.86,71.57,SSJV,Tonyville
2013,5,31,West Lindsay,1,0,1,0,69.04,67.29,5.86,71.57,SSJV,West Lindsay
2013,5,31,Strathmore,0,0,0,0,68.69,46.29,3.81,64.69,SSJV,Strathmore
2013,5,31,Porterville,0,0,0,0,69.04,67.29,5.86,71.57,SSJV,Porterville
2013,5,31,Terra Bella,1,0,1,0,69.04,67.29,5.86,71.57,SSJV,Terra Bella
2013,5,31,City of Visalia,6,3,9,0,69.04,67.29,5.86,71.57,SSJV,City of Visalia
2013,6,6,Woodlake,0,0,0,0,78.39,63.33,3.96,75.39,SSJV,Woodlake
2013,6,6,Ivanhoe,2,0,2,0,78.39,63.33,3.96,75.39,SSJV,Ivanhoe
2013,6,6,Exeter,0,0,0,0,78.39,63.33,3.96,75.39,SSJV,Exeter
2013,6,6,South Exeter,0,0,0,0,76.63,43.43,3.51,68.41,SSJV,South Exeter
2013,6,6,Tonyville,2,0,2,0,78.39,63.33,3.96,75.39,SSJV,Tonyville
2013,6,6,West Lindsay,0,0,0,0,78.39,63.33,3.96,75.39,SSJV,West Lindsay
2013,6,6,Strathmore,0,0,0,0,76.63,43.43,3.51,68.41,SSJV,Strathmore
2013,6,6,Porterville,0,0,0,0,78.39,63.33,3.96,75.39,SSJV,Porterville
2013,6,6,Terra Bella,1,0,1,0,78.39,63.33,3.96,75.39,SSJV,Terra Bella
2013,6,6,City of Visalia,5,1,6,0,78.39,63.33,3.96,75.39,SSJV,City of Visalia
2013,6,13,Woodlake,0,0,0,0.01,78.6,47.71,4.63,77.57,SSJV,Woodlake
2013,6,13,Ivanhoe,0,0,0,0.01,78.6,47.71,4.63,77.57,SSJV,Ivanhoe
2013,6,13,Exeter,0,0,0,0.01,78.6,47.71,4.63,77.57,SSJV,Exeter
2013,6,13,South Exeter,0,0,0,0,77.23,44.14,3.57,71.36,SSJV,South Exeter
2013,6,13,Tonyville,0,0,0,0.01,78.6,47.71,4.63,77.57,SSJV,Tonyville
2013,6,13,West Lindsay,0,0,0,0.01,78.6,47.71,4.63,77.57,SSJV,West Lindsay
2013,6,13,Strathmore,1,0,1,0,77.23,44.14,3.57,71.36,SSJV,Strathmore
2013,6,13,Porterville,0,0,0,0.01,78.6,47.71,4.63,77.57,SSJV,Porterville
2013,6,13,Terra Bella,1,0,1,0.01,78.6,47.71,4.63,77.57,SSJV,Terra Bella
2013,6,13,City of Visalia,3,1,4,0.01,78.6,47.71,4.63,77.57,SSJV,City of Visalia
2013,6,20,Woodlake,0,1,1,0,72.8,39.86,5.76,73.47,SSJV,Woodlake
2013,6,20,Ivanhoe,0,1,1,0,72.8,39.86,5.76,73.47,SSJV,Ivanhoe
2013,6,20,Exeter,0,0,0,0,72.8,39.86,5.76,73.47,SSJV,Exeter
2013,6,20,South Exeter,0,1,1,0,72.54,38.29,3.59,68.07,SSJV,South Exeter
2013,6,20,Tonyville,0,0,0,0,72.8,39.86,5.76,73.47,SSJV,Tonyville
2013,6,20,West Lindsay,1,0,1,0,72.8,39.86,5.76,73.47,SSJV,West Lindsay
2013,6,20,Strathmore,1,0,1,0,72.54,38.29,3.59,68.07,SSJV,Strathmore
2013,6,20,Porterville,0,0,0,0,72.8,39.86,5.76,73.47,SSJV,Porterville
2013,6,20,Terra Bella,3,2,5,0,72.8,39.86,5.76,73.47,SSJV,Terra Bella
2013,6,20,City of Visalia,3,3,6,0,72.8,39.86,5.76,73.47,SSJV,City of Visalia
2013,6,27,Woodlake,0,1,1,0,76.97,49.14,4.96,74.77,SSJV,Woodlake
2013,6,27,Ivanhoe,0,0,0,0,76.97,49.14,4.96,74.77,SSJV,Ivanhoe
2013,6,27,Exeter,1,2,3,0,76.97,49.14,4.96,74.77,SSJV,Exeter
2013,6,27,South Exeter,1,0,1,0,76.69,47.71,3.29,68.23,SSJV,South Exeter
2013,6,27,Tonyville,0,0,0,0,76.97,49.14,4.96,74.77,SSJV,Tonyville
2013,6,27,West Lindsay,0,0,0,0,76.97,49.14,4.96,74.77,SSJV,West Lindsay
2013,6,27,Strathmore,1,0,1,0,76.69,47.71,3.29,68.23,SSJV,Strathmore
2013,6,27,Porterville,1,0,1,0,76.97,49.14,4.96,74.77,SSJV,Porterville
2013,6,27,Terra Bella,2,2,4,0,76.97,49.14,4.96,74.77,SSJV,Terra Bella
2013,6,27,City of Visalia,6,6,12,0,76.97,49.14,4.96,74.77,SSJV,City of Visalia
2013,7,4,Woodlake,0,0,0,0,87.01,50,3.49,80.9,SSJV,Woodlake
2013,7,4,Ivanhoe,0,0,0,0,87.01,50,3.49,80.9,SSJV,Ivanhoe
2013,7,4,Exeter,0,1,1,0,87.01,50,3.49,80.9,SSJV,Exeter
2013,7,4,South Exeter,0,0,0,0,87.89,42.14,3.06,73.76,SSJV,South Exeter
2013,7,4,Tonyville,0,0,0,0,87.01,50,3.49,80.9,SSJV,Tonyville
2013,7,4,West Lindsay,0,0,0,0,87.01,50,3.49,80.9,SSJV,West Lindsay
2013,7,4,Strathmore,0,0,0,0,87.89,42.14,3.06,73.76,SSJV,Strathmore
2013,7,4,Porterville,0,0,0,0,87.01,50,3.49,80.9,SSJV,Porterville
2013,7,4,Terra Bella,0,0,0,0,87.01,50,3.49,80.9,SSJV,Terra Bella
2013,7,4,City of Visalia,6,1,7,0,87.01,50,3.49,80.9,SSJV,City of Visalia
2013,7,11,Woodlake,0,0,0,0,82.71,44.57,3.47,80.11,SSJV,Woodlake
2013,7,11,Ivanhoe,0,2,2,0,82.71,44.57,3.47,80.11,SSJV,Ivanhoe
2013,7,11,Exeter,0,0,0,0,82.71,44.57,3.47,80.11,SSJV,Exeter
2013,7,11,South Exeter,1,1,2,0,82.83,35.57,3.4,77.86,SSJV,South Exeter
2013,7,11,Tonyville,0,0,0,0,82.71,44.57,3.47,80.11,SSJV,Tonyville
2013,7,11,West Lindsay,0,0,0,0,82.71,44.57,3.47,80.11,SSJV,West Lindsay
2013,7,11,Strathmore,0,0,0,0,82.83,35.57,3.4,77.86,SSJV,Strathmore
2013,7,11,Porterville,0,0,0,0,82.71,44.57,3.47,80.11,SSJV,Porterville
2013,7,11,Terra Bella,0,0,0,0,82.71,44.57,3.47,80.11,SSJV,Terra Bella
2013,7,11,City of Visalia,1,3,4,0,82.71,44.57,3.47,80.11,SSJV,City of Visalia
2013,7,18,Woodlake,0,0,0,0,78.83,43.29,3.9,78.06,SSJV,Woodlake
2013,7,18,Ivanhoe,0,1,1,0,78.83,43.29,3.9,78.06,SSJV,Ivanhoe
2013,7,18,Exeter,0,1,1,0,78.83,43.29,3.9,78.06,SSJV,Exeter
2013,7,18,South Exeter,0,0,0,0,77.9,37.86,3.46,80.01,SSJV,South Exeter
2013,7,18,Tonyville,2,0,2,0,78.83,43.29,3.9,78.06,SSJV,Tonyville
2013,7,18,West Lindsay,1,0,1,0,78.83,43.29,3.9,78.06,SSJV,West Lindsay
2013,7,18,Strathmore,1,0,1,0,77.9,37.86,3.46,80.01,SSJV,Strathmore
2013,7,18,Porterville,1,0,1,0,78.83,43.29,3.9,78.06,SSJV,Porterville
2013,7,18,Terra Bella,1,0,1,0,78.83,43.29,3.9,78.06,SSJV,Terra Bella
2013,7,18,City of Visalia,0,0,0,0,78.83,43.29,3.9,78.06,SSJV,City of Visalia
2013,7,25,Woodlake,0,0,0,0,83.2,46,3.66,79.5,SSJV,Woodlake
2013,7,25,Ivanhoe,0,0,0,0,83.2,46,3.66,79.5,SSJV,Ivanhoe
2013,7,25,Exeter,0,1,1,0,83.2,46,3.66,79.5,SSJV,Exeter
2013,7,25,South Exeter,0,0,0,0,81.3,42.86,3.17,80.93,SSJV,South Exeter
2013,7,25,Tonyville,1,0,1,0,83.2,46,3.66,79.5,SSJV,Tonyville
2013,7,25,West Lindsay,0,0,0,0,83.2,46,3.66,79.5,SSJV,West Lindsay
2013,7,25,Strathmore,0,0,0,0,81.3,42.86,3.17,80.93,SSJV,Strathmore
2013,7,25,Porterville,1,0,1,0,83.2,46,3.66,79.5,SSJV,Porterville
2013,7,25,Terra Bella,1,0,1,0,83.2,46,3.66,79.5,SSJV,Terra Bella
2013,7,25,City of Visalia,0,2,2,0,83.2,46,3.66,79.5,SSJV,City of Visalia
2013,8,1,Woodlake,0,0,0,0,80.91,43.86,4.23,79.4,SSJV,Woodlake
2013,8,1,Ivanhoe,0,0,0,0,80.91,43.86,4.23,79.4,SSJV,Ivanhoe
2013,8,1,Exeter,1,0,1,0,80.91,43.86,4.23,79.4,SSJV,Exeter
2013,8,1,South Exeter,0,2,2,0,79.5,40.57,3.26,81.34,SSJV,South Exeter
2013,8,1,Tonyville,0,0,0,0,80.91,43.86,4.23,79.4,SSJV,Tonyville
2013,8,1,West Lindsay,1,0,1,0,80.91,43.86,4.23,79.4,SSJV,West Lindsay
2013,8,1,Strathmore,0,0,0,0,79.5,40.57,3.26,81.34,SSJV,Strathmore
2013,8,1,Porterville,0,0,0,0,80.91,43.86,4.23,79.4,SSJV,Porterville
2013,8,1,Terra Bella,0,0,0,0,80.91,43.86,4.23,79.4,SSJV,Terra Bella
2013,8,1,City of Visalia,0,0,0,0,80.91,43.86,4.23,79.4,SSJV,City of Visalia
2013,8,8,Woodlake,1,0,1,0,75.33,47,3.8,77.54,SSJV,Woodlake
2013,8,8,Ivanhoe,0,0,0,0,75.33,47,3.8,77.54,SSJV,Ivanhoe
2013,8,8,Exeter,0,0,0,0,75.33,47,3.8,77.54,SSJV,Exeter
2013,8,8,South Exeter,0,0,0,0,75.11,43,3.29,78.91,SSJV,South Exeter
2013,8,8,Tonyville,0,0,0,0,75.33,47,3.8,77.54,SSJV,Tonyville
2013,8,8,West Lindsay,0,0,0,0,75.33,47,3.8,77.54,SSJV,West Lindsay
2013,8,8,Strathmore,0,0,0,0,75.11,43,3.29,78.91,SSJV,Strathmore
2013,8,8,Porterville,0,0,0,0,75.33,47,3.8,77.54,SSJV,Porterville
2013,8,8,Terra Bella,1,0,1,0,75.33,47,3.8,77.54,SSJV,Terra Bella
2013,8,8,City of Visalia,0,0,0,0,75.33,47,3.8,77.54,SSJV,City of Visalia
2013,8,15,Woodlake,0,1,1,0,77.44,44.86,3.81,76.89,SSJV,Woodlake
2013,8,15,Ivanhoe,0,0,0,0,77.44,44.86,3.81,76.89,SSJV,Ivanhoe
2013,8,15,Exeter,0,2,2,0,77.44,44.86,3.81,76.89,SSJV,Exeter
2013,8,15,South Exeter,1,0,1,0,74.83,49,3.17,76.94,SSJV,South Exeter
2013,8,15,Tonyville,0,0,0,0,77.44,44.86,3.81,76.89,SSJV,Tonyville
2013,8,15,West Lindsay,0,0,0,0,77.44,44.86,3.81,76.89,SSJV,West Lindsay
2013,8,15,Strathmore,0,0,0,0,74.83,49,3.17,76.94,SSJV,Strathmore
2013,8,15,Porterville,0,0,0,0,77.44,44.86,3.81,76.89,SSJV,Porterville
2013,8,15,Terra Bella,0,0,0,0,77.44,44.86,3.81,76.89,SSJV,Terra Bella
2013,8,15,City of Visalia,0,0,0,0,77.44,44.86,3.81,76.89,SSJV,City of Visalia
2013,8,22,Woodlake,0,0,0,0,81.79,45.57,3.69,79.3,SSJV,Woodlake
2013,8,22,Ivanhoe,0,0,0,0,81.79,45.57,3.69,79.3,SSJV,Ivanhoe
2013,8,22,Exeter,0,2,2,0,81.79,45.57,3.69,79.3,SSJV,Exeter
2013,8,22,South Exeter,0,0,0,0,80.4,43.71,3.57,77.63,SSJV,South Exeter
2013,8,22,Tonyville,1,0,1,0,81.79,45.57,3.69,79.3,SSJV,Tonyville
2013,8,22,West Lindsay,0,0,0,0,81.79,45.57,3.69,79.3,SSJV,West Lindsay
2013,8,22,Strathmore,0,0,0,0,80.4,43.71,3.57,77.63,SSJV,Strathmore
2013,8,22,Porterville,0,0,0,0,81.79,45.57,3.69,79.3,SSJV,Porterville
2013,8,22,Terra Bella,0,0,0,0,81.79,45.57,3.69,79.3,SSJV,Terra Bella
2013,8,22,City of Visalia,1,0,1,0,81.79,45.57,3.69,79.3,SSJV,City of Visalia
2013,8,29,Woodlake,0,0,0,0,78.07,47.86,3.64,78.81,SSJV,Woodlake
2013,8,29,Ivanhoe,0,0,0,0,78.07,47.86,3.64,78.81,SSJV,Ivanhoe
2013,8,29,Exeter,1,2,3,0,78.07,47.86,3.64,78.81,SSJV,Exeter
2013,8,29,South Exeter,0,0,0,0,77.44,47.29,3.19,77.03,SSJV,South Exeter
2013,8,29,Tonyville,0,0,0,0,78.07,47.86,3.64,78.81,SSJV,Tonyville
2013,8,29,West Lindsay,0,0,0,0,78.07,47.86,3.64,78.81,SSJV,West Lindsay
2013,8,29,Strathmore,0,0,0,0,77.44,47.29,3.19,77.03,SSJV,Strathmore
2013,8,29,Porterville,0,0,0,0,78.07,47.86,3.64,78.81,SSJV,Porterville
2013,8,29,Terra Bella,0,0,0,0,78.07,47.86,3.64,78.81,SSJV,Terra Bella
2013,8,29,City of Visalia,0,0,0,0,78.07,47.86,3.64,78.81,SSJV,City of Visalia
2013,9,5,Woodlake,0,1,1,0,80.36,50,3.69,80,SSJV,Woodlake
2013,9,5,Ivanhoe,0,0,0,0,80.36,50,3.69,80,SSJV,Ivanhoe
2013,9,5,Exeter,0,0,0,0,80.36,50,3.69,80,SSJV,Exeter
2013,9,5,South Exeter,0,0,0,0,80.04,48.86,3.5,78.56,SSJV,South Exeter
2013,9,5,Tonyville,1,0,1,0,80.36,50,3.69,80,SSJV,Tonyville
2013,9,5,West Lindsay,0,0,0,0,80.36,50,3.69,80,SSJV,West Lindsay
2013,9,5,Strathmore,1,0,1,0,80.04,48.86,3.5,78.56,SSJV,Strathmore
2013,9,5,Porterville,0,0,0,0,80.36,50,3.69,80,SSJV,Porterville
2013,9,5,Terra Bella,1,0,1,0,80.36,50,3.69,80,SSJV,Terra Bella
2013,9,5,City of Visalia,0,3,3,0,80.36,50,3.69,80,SSJV,City of Visalia
2013,9,12,Woodlake,0,0,0,0,76.86,52.29,2.67,77.4,SSJV,Woodlake
2013,9,12,Ivanhoe,0,0,0,0,76.86,52.29,2.67,77.4,SSJV,Ivanhoe
2013,9,12,Exeter,0,0,0,0,76.86,52.29,2.67,77.4,SSJV,Exeter
2013,9,12,South Exeter,0,0,0,0,78.16,46.86,2.89,77.63,SSJV,South Exeter
2013,9,12,Tonyville,0,0,0,0,76.86,52.29,2.67,77.4,SSJV,Tonyville
2013,9,12,West Lindsay,0,0,0,0,76.86,52.29,2.67,77.4,SSJV,West Lindsay
2013,9,12,Strathmore,0,0,0,0,78.16,46.86,2.89,77.63,SSJV,Strathmore
2013,9,12,Porterville,0,0,0,0,76.86,52.29,2.67,77.4,SSJV,Porterville
2013,9,12,Terra Bella,0,0,0,0,76.86,52.29,2.67,77.4,SSJV,Terra Bella
2013,9,12,City of Visalia,0,0,0,0,76.86,52.29,2.67,77.4,SSJV,City of Visalia
2013,9,19,Woodlake,0,0,0,0,73.91,52.29,3.57,75.81,SSJV,Woodlake
2013,9,19,Ivanhoe,0,0,0,0,73.91,52.29,3.57,75.81,SSJV,Ivanhoe
2013,9,19,Exeter,0,0,0,0,73.91,52.29,3.57,75.81,SSJV,Exeter
2013,9,19,South Exeter,0,0,0,0,73.69,50.29,2.89,75.79,SSJV,South Exeter
2013,9,19,Tonyville,0,0,0,0,73.91,52.29,3.57,75.81,SSJV,Tonyville
2013,9,19,West Lindsay,0,0,0,0,73.91,52.29,3.57,75.81,SSJV,West Lindsay
2013,9,19,Strathmore,0,0,0,0,73.69,50.29,2.89,75.79,SSJV,Strathmore
2013,9,19,Porterville,0,0,0,0,73.91,52.29,3.57,75.81,SSJV,Porterville
2013,9,19,Terra Bella,1,0,1,0,73.91,52.29,3.57,75.81,SSJV,Terra Bella
2013,9,19,City of Visalia,1,1,2,0,73.91,52.29,3.57,75.81,SSJV,City of Visalia
2013,9,26,Woodlake,0,1,1,0,66.11,55.86,4.77,71.23,SSJV,Woodlake
2013,9,26,Ivanhoe,0,0,0,0,66.11,55.86,4.77,71.23,SSJV,Ivanhoe
2013,9,26,Exeter,2,0,2,0,66.11,55.86,4.77,71.23,SSJV,Exeter
2013,9,26,South Exeter,0,1,1,0,65.91,53.29,3.61,71.56,SSJV,South Exeter
2013,9,26,Tonyville,0,0,0,0,66.11,55.86,4.77,71.23,SSJV,Tonyville
2013,9,26,West Lindsay,0,0,0,0,66.11,55.86,4.77,71.23,SSJV,West Lindsay
2013,9,26,Strathmore,0,0,0,0,65.91,53.29,3.61,71.56,SSJV,Strathmore
2013,9,26,Porterville,0,0,0,0,66.11,55.86,4.77,71.23,SSJV,Porterville
2013,9,26,Terra Bella,3,1,4,0,66.11,55.86,4.77,71.23,SSJV,Terra Bella
2013,9,26,City of Visalia,1,1,2,0,66.11,55.86,4.77,71.23,SSJV,City of Visalia
2013,10,3,Woodlake,0,1,1,0,63.99,52.43,3.16,69.99,SSJV,Woodlake
2013,10,3,Ivanhoe,1,0,1,0,63.99,52.43,3.16,69.99,SSJV,Ivanhoe
2013,10,3,Exeter,0,0,0,0,63.99,52.43,3.16,69.99,SSJV,Exeter
2013,10,3,South Exeter,1,0,1,0,64.34,50.86,2.76,68.31,SSJV,South Exeter
2013,10,3,Tonyville,1,0,1,0,63.99,52.43,3.16,69.99,SSJV,Tonyville
2013,10,3,West Lindsay,0,0,0,0,63.99,52.43,3.16,69.99,SSJV,West Lindsay
2013,10,3,Strathmore,0,0,0,0,64.34,50.86,2.76,68.31,SSJV,Strathmore
2013,10,3,Porterville,0,0,0,0,63.99,52.43,3.16,69.99,SSJV,Porterville
2013,10,3,Terra Bella,0,0,0,0,63.99,52.43,3.16,69.99,SSJV,Terra Bella
2013,10,3,City of Visalia,2,0,2,0,63.99,52.43,3.16,69.99,SSJV,City of Visalia
2013,10,10,Woodlake,0,1,1,0,60.99,51.43,3.07,68.2,SSJV,Woodlake
2013,10,10,Ivanhoe,2,3,5,0,60.99,51.43,3.07,68.2,SSJV,Ivanhoe
2013,10,10,Exeter,0,0,0,0,60.99,51.43,3.07,68.2,SSJV,Exeter
2013,10,10,South Exeter,0,0,0,0,61.64,47.29,3.41,65.63,SSJV,South Exeter
2013,10,10,Tonyville,0,0,0,0,60.99,51.43,3.07,68.2,SSJV,Tonyville
2013,10,10,West Lindsay,0,0,0,0,60.99,51.43,3.07,68.2,SSJV,West Lindsay
2013,10,10,Strathmore,0,0,0,0,61.64,47.29,3.41,65.63,SSJV,Strathmore
2013,10,10,Porterville,0,0,0,0,60.99,51.43,3.07,68.2,SSJV,Porterville
2013,10,10,Terra Bella,0,1,1,0,60.99,51.43,3.07,68.2,SSJV,Terra Bella
2013,10,10,City of Visalia,1,0,1,0,60.99,51.43,3.07,68.2,SSJV,City of Visalia
2013,10,17,Woodlake,1,0,1,0,60.07,57.57,2.63,66.3,SSJV,Woodlake
2013,10,17,Ivanhoe,1,0,1,0,60.07,57.57,2.63,66.3,SSJV,Ivanhoe
2013,10,17,Exeter,1,1,2,0,60.07,57.57,2.63,66.3,SSJV,Exeter
2013,10,17,South Exeter,0,0,0,0,59.96,54,2.74,63.8,SSJV,South Exeter
2013,10,17,Tonyville,1,0,1,0,60.07,57.57,2.63,66.3,SSJV,Tonyville
2013,10,17,West Lindsay,0,0,0,0,60.07,57.57,2.63,66.3,SSJV,West Lindsay
2013,10,17,Strathmore,0,0,0,0,59.96,54,2.74,63.8,SSJV,Strathmore
2013,10,17,Porterville,0,0,0,0,60.07,57.57,2.63,66.3,SSJV,Porterville
2013,10,17,Terra Bella,1,0,1,0,60.07,57.57,2.63,66.3,SSJV,Terra Bella
2013,10,17,City of Visalia,0,0,0,0,60.07,57.57,2.63,66.3,SSJV,City of Visalia
2013,10,24,Woodlake,0,1,1,0,62.69,53.71,2.01,64.74,SSJV,Woodlake
2013,10,24,Ivanhoe,0,0,0,0,62.69,53.71,2.01,64.74,SSJV,Ivanhoe
2013,10,24,Exeter,0,0,0,0,62.69,53.71,2.01,64.74,SSJV,Exeter
2013,10,24,South Exeter,0,0,0,0,61.66,53.14,2.36,63.26,SSJV,South Exeter
2013,10,24,Tonyville,2,0,2,0,62.69,53.71,2.01,64.74,SSJV,Tonyville
2013,10,24,West Lindsay,0,0,0,0,62.69,53.71,2.01,64.74,SSJV,West Lindsay
2013,10,24,Strathmore,0,0,0,0,61.66,53.14,2.36,63.26,SSJV,Strathmore
2013,10,24,Porterville,0,0,0,0,62.69,53.71,2.01,64.74,SSJV,Porterville
2013,10,24,Terra Bella,1,0,1,0,62.69,53.71,2.01,64.74,SSJV,Terra Bella
2013,10,24,City of Visalia,0,0,0,0,62.69,53.71,2.01,64.74,SSJV,City of Visalia
2013,10,31,Woodlake,0,0,0,0,56.19,65.57,2.83,61.99,SSJV,Woodlake
2013,10,31,Ivanhoe,0,2,2,0,56.19,65.57,2.83,61.99,SSJV,Ivanhoe
2013,10,31,Exeter,0,0,0,0,56.19,65.57,2.83,61.99,SSJV,Exeter
2013,10,31,South Exeter,0,0,0,0.03,56.23,65.43,3.04,60.91,SSJV,South Exeter
2013,10,31,Tonyville,5,0,5,0,56.19,65.57,2.83,61.99,SSJV,Tonyville
2013,10,31,West Lindsay,0,0,0,0,56.19,65.57,2.83,61.99,SSJV,West Lindsay
2013,10,31,Strathmore,1,0,1,0.03,56.23,65.43,3.04,60.91,SSJV,Strathmore
2013,10,31,Porterville,0,1,1,0,56.19,65.57,2.83,61.99,SSJV,Porterville
2013,10,31,Terra Bella,4,0,4,0,56.19,65.57,2.83,61.99,SSJV,Terra Bella
2013,10,31,City of Visalia,0,0,0,0,56.19,65.57,2.83,61.99,SSJV,City of Visalia
2013,11,7,Woodlake,0,0,0,0,54.01,57.86,2.51,59.39,SSJV,Woodlake
2013,11,7,Ivanhoe,6,2,8,0,54.01,57.86,2.51,59.39,SSJV,Ivanhoe
2013,11,7,Exeter,0,0,0,0,54.01,57.86,2.51,59.39,SSJV,Exeter
2013,11,7,South Exeter,0,0,0,0,53.37,58.86,2.34,57.8,SSJV,South Exeter
2013,11,7,Tonyville,2,1,3,0,54.01,57.86,2.51,59.39,SSJV,Tonyville
2013,11,7,West Lindsay,1,0,1,0,54.01,57.86,2.51,59.39,SSJV,West Lindsay
2013,11,7,Strathmore,0,1,1,0,53.37,58.86,2.34,57.8,SSJV,Strathmore
2013,11,7,Porterville,0,0,0,0,54.01,57.86,2.51,59.39,SSJV,Porterville
2013,11,7,Terra Bella,1,2,3,0,54.01,57.86,2.51,59.39,SSJV,Terra Bella
2013,11,7,City of Visalia,0,0,0,0,54.01,57.86,2.51,59.39,SSJV,City of Visalia
2013,11,14,Woodlake,0,0,0,0,55.09,66.71,2.13,58.7,SSJV,Woodlake
2013,11,14,Ivanhoe,7,0,7,0,55.09,66.71,2.13,58.7,SSJV,Ivanhoe
2013,11,14,Exeter,1,1,2,0,55.09,66.71,2.13,58.7,SSJV,Exeter
2013,11,14,South Exeter,0,0,0,0,55.54,57.71,2.51,56.46,SSJV,South Exeter
2013,11,14,Tonyville,4,2,6,0,55.09,66.71,2.13,58.7,SSJV,Tonyville
2013,11,14,West Lindsay,0,0,0,0,55.09,66.71,2.13,58.7,SSJV,West Lindsay
2013,11,14,Strathmore,0,0,0,0,55.54,57.71,2.51,56.46,SSJV,Strathmore
2013,11,14,Porterville,0,0,0,0,55.09,66.71,2.13,58.7,SSJV,Porterville
2013,11,14,Terra Bella,0,0,0,0,55.09,66.71,2.13,58.7,SSJV,Terra Bella
2013,11,14,City of Visalia,2,0,2,0,55.09,66.71,2.13,58.7,SSJV,City of Visalia
2013,11,21,Woodlake,1,1,2,0.09,52.43,97.67,2.84,57.99,SSJV,Woodlake
2013,11,21,Ivanhoe,5,0,5,0.09,52.43,97.67,2.84,57.99,SSJV,Ivanhoe
2013,11,21,Exeter,0,0,0,0.09,52.43,97.67,2.84,57.99,SSJV,Exeter
2013,11,21,South Exeter,0,0,0,0.11,52.19,70.43,2.69,55.54,SSJV,South Exeter
2013,11,21,Tonyville,2,3,5,0.09,52.43,97.67,2.84,57.99,SSJV,Tonyville
2013,11,21,West Lindsay,0,0,0,0.09,52.43,97.67,2.84,57.99,SSJV,West Lindsay
2013,11,21,Strathmore,0,1,1,0.11,52.19,70.43,2.69,55.54,SSJV,Strathmore
2013,11,21,Porterville,1,0,1,0.09,52.43,97.67,2.84,57.99,SSJV,Porterville
2014,4,3,Woodlake,7,2,9,0.1,55.83,65.86,4.53,61.24,SSJV,Woodlake
2014,4,3,Ivanhoe,26,9,35,0.1,55.83,65.86,4.53,61.24,SSJV,Ivanhoe
2014,4,3,Exeter,13,7,20,0.1,55.83,65.86,4.53,61.24,SSJV,Exeter
2014,4,3,South Exeter,7,3,10,0.1,55.83,65.86,4.53,61.24,SSJV,South Exeter
2014,4,3,Tonyville,26,3,29,0.1,55.83,65.86,4.53,61.24,SSJV,Tonyville
2014,4,3,West Lindsay,5,2,7,0.1,55.83,65.86,4.53,61.24,SSJV,West Lindsay
2014,4,3,Strathmore,3,1,4,0.1,55.83,65.86,4.53,61.24,SSJV,Strathmore
2014,4,3,Porterville,1,1,2,0,56.64,73.86,3.19,57.34,SSJV,Porterville
2014,4,3,Terra Bella,10,0,10,0,56.64,73.86,3.19,57.34,SSJV,Terra Bella
2014,4,3,City of Visalia,3,0,3,0.1,55.83,65.86,4.53,61.24,SSJV,City of Visalia
2014,4,10,Woodlake,0,0,0,0,63.41,55.57,3.23,63.37,SSJV,Woodlake
2014,4,10,Ivanhoe,15,6,21,0,63.41,55.57,3.23,63.37,SSJV,Ivanhoe
2014,4,10,Exeter,20,6,26,0,63.41,55.57,3.23,63.37,SSJV,Exeter
2014,4,10,South Exeter,1,0,1,0,63.41,55.57,3.23,63.37,SSJV,South Exeter
2014,4,10,Tonyville,22,1,23,0,63.41,55.57,3.23,63.37,SSJV,Tonyville
2014,4,10,West Lindsay,1,1,2,0,63.41,55.57,3.23,63.37,SSJV,West Lindsay
2014,4,10,Strathmore,6,0,6,0,63.41,55.57,3.23,63.37,SSJV,Strathmore
2014,4,10,Porterville,2,1,3,0,58.26,57,3.16,56.5,SSJV,Porterville
2014,4,10,Terra Bella,12,5,17,0,58.26,57,3.16,56.5,SSJV,Terra Bella
2014,4,10,City of Visalia,1,0,1,0,63.41,55.57,3.23,63.37,SSJV,City of Visalia
2014,4,17,Woodlake,2,1,3,0,69.16,48.86,3.71,69.39,SSJV,Woodlake
2014,4,17,Ivanhoe,9,4,13,0,69.16,48.86,3.71,69.39,SSJV,Ivanhoe
2014,4,17,Exeter,4,1,5,0,69.16,48.86,3.71,69.39,SSJV,Exeter
2014,4,17,South Exeter,3,0,3,0,69.16,48.86,3.71,69.39,SSJV,South Exeter
2014,4,17,Tonyville,7,2,9,0,69.16,48.86,3.71,69.39,SSJV,Tonyville
2014,4,17,West Lindsay,0,0,0,0,69.16,48.86,3.71,69.39,SSJV,West Lindsay
2014,4,17,Strathmore,2,1,3,0,69.16,48.86,3.71,69.39,SSJV,Strathmore
2014,4,17,Porterville,3,1,4,0,60.81,48.43,3.14,57.97,SSJV,Porterville
2014,4,17,Terra Bella,12,6,18,0,60.81,48.43,3.14,57.97,SSJV,Terra Bella
2014,4,17,City of Visalia,6,1,7,0,69.16,48.86,3.71,69.39,SSJV,City of Visalia
2014,4,24,Woodlake,2,0,2,0,66.4,45.14,4.73,68.33,SSJV,Woodlake
2014,4,24,Ivanhoe,3,1,4,0,66.4,45.14,4.73,68.33,SSJV,Ivanhoe
2014,4,24,Exeter,3,1,4,0,66.4,45.14,4.73,68.33,SSJV,Exeter
2014,4,24,South Exeter,1,0,1,0,66.4,45.14,4.73,68.33,SSJV,South Exeter
2014,4,24,Tonyville,4,1,5,0,66.4,45.14,4.73,68.33,SSJV,Tonyville
2014,4,24,West Lindsay,1,0,1,0,66.4,45.14,4.73,68.33,SSJV,West Lindsay
2014,4,24,Strathmore,0,0,0,0,66.4,45.14,4.73,68.33,SSJV,Strathmore
2014,4,24,Porterville,1,1,2,0.04,59.17,56.29,3.76,59.09,SSJV,Porterville
2014,4,24,Terra Bella,6,2,8,0.04,59.17,56.29,3.76,59.09,SSJV,Terra Bella
2014,4,24,City of Visalia,3,2,5,0,66.4,45.14,4.73,68.33,SSJV,City of Visalia
2014,5,1,Woodlake,2,1,3,0.09,62.34,49.57,4.49,65.33,SSJV,Woodlake
2014,5,1,Ivanhoe,1,1,2,0.09,62.34,49.57,4.49,65.33,SSJV,Ivanhoe
2014,5,1,Exeter,1,4,5,0.09,62.34,49.57,4.49,65.33,SSJV,Exeter
2014,5,1,South Exeter,1,1,2,0.09,62.34,49.57,4.49,65.33,SSJV,South Exeter
2014,5,1,Tonyville,1,3,4,0.09,62.34,49.57,4.49,65.33,SSJV,Tonyville
2014,5,1,West Lindsay,3,1,4,0.09,62.34,49.57,4.49,65.33,SSJV,West Lindsay
2014,5,1,Strathmore,1,0,1,0.09,62.34,49.57,4.49,65.33,SSJV,Strathmore
2014,5,1,Porterville,4,2,6,0.1,55.71,63.43,3.9,55.81,SSJV,Porterville
2014,5,1,Terra Bella,6,1,7,0.1,55.71,63.43,3.9,55.81,SSJV,Terra Bella
2014,5,1,City of Visalia,1,1,2,0.09,62.34,49.57,4.49,65.33,SSJV,City of Visalia
2014,5,8,Woodlake,0,1,1,0.02,67.19,49,4.76,69.8,SSJV,Woodlake
2014,5,8,Ivanhoe,2,0,2,0.02,67.19,49,4.76,69.8,SSJV,Ivanhoe
2014,5,8,Exeter,1,2,3,0.02,67.19,49,4.76,69.8,SSJV,Exeter
2014,5,8,South Exeter,0,0,0,0.02,67.19,49,4.76,69.8,SSJV,South Exeter
2014,5,8,Tonyville,2,1,3,0.02,67.19,49,4.76,69.8,SSJV,Tonyville
2014,5,8,West Lindsay,0,0,0,0.02,67.19,49,4.76,69.8,SSJV,West Lindsay
2014,5,8,Strathmore,2,0,2,0.02,67.19,49,4.76,69.8,SSJV,Strathmore
2014,5,8,Porterville,2,0,2,0,66.04,51,2.99,56.07,SSJV,Porterville
2014,5,8,Terra Bella,4,4,8,0,66.04,51,2.99,56.07,SSJV,Terra Bella
2014,5,8,City of Visalia,9,3,12,0.02,67.19,49,4.76,69.8,SSJV,City of Visalia
2014,5,15,Woodlake,1,4,5,0,68.34,41,4.79,69.09,SSJV,Woodlake
2014,5,15,Ivanhoe,1,2,3,0,68.34,41,4.79,69.09,SSJV,Ivanhoe
2014,5,15,Exeter,0,0,0,0,68.34,41,4.79,69.09,SSJV,Exeter
2014,5,15,South Exeter,0,0,0,0,68.34,41,4.79,69.09,SSJV,South Exeter
2014,5,15,Tonyville,2,0,2,0,68.34,41,4.79,69.09,SSJV,Tonyville
2014,5,15,West Lindsay,0,0,0,0,68.34,41,4.79,69.09,SSJV,West Lindsay
2014,5,15,Strathmore,1,0,1,0,68.34,41,4.79,69.09,SSJV,Strathmore
2014,5,15,Porterville,0,0,0,0,67.96,47.71,3.04,48.37,SSJV,Porterville
2014,5,15,Terra Bella,3,0,3,0,67.96,47.71,3.04,48.37,SSJV,Terra Bella
2014,5,15,City of Visalia,9,6,15,0,68.34,41,4.79,69.09,SSJV,City of Visalia
2014,5,22,Woodlake,0,0,0,0,71.61,38.57,5.1,72.36,SSJV,Woodlake
2014,5,22,Ivanhoe,0,0,0,0,71.61,38.57,5.1,72.36,SSJV,Ivanhoe
2014,5,22,Exeter,1,0,1,0,71.61,38.57,5.1,72.36,SSJV,Exeter
2014,5,22,South Exeter,0,0,0,0,71.61,38.57,5.1,72.36,SSJV,South Exeter
2014,5,22,Tonyville,0,1,1,0,71.61,38.57,5.1,72.36,SSJV,Tonyville
2014,5,22,West Lindsay,0,0,0,0,71.61,38.57,5.1,72.36,SSJV,West Lindsay
2014,5,22,Strathmore,0,0,0,0,71.61,38.57,5.1,72.36,SSJV,Strathmore
2014,5,22,Porterville,0,0,0,0.03,63.24,50.71,3.56,48.6,SSJV,Porterville
2014,5,22,Terra Bella,3,0,3,0.03,63.24,50.71,3.56,48.6,SSJV,Terra Bella
2014,5,22,City of Visalia,3,10,13,0,71.61,38.57,5.1,72.36,SSJV,City of Visalia
2014,5,29,Woodlake,0,1,1,0,75.9,37.57,4.71,75.84,SSJV,Woodlake
2014,5,29,Ivanhoe,1,3,4,0,75.9,37.57,4.71,75.84,SSJV,Ivanhoe
2014,5,29,Exeter,0,0,0,0,75.9,37.57,4.71,75.84,SSJV,Exeter
2014,5,29,South Exeter,0,0,0,0,75.9,37.57,4.71,75.84,SSJV,South Exeter
2014,5,29,Tonyville,0,0,0,0,75.9,37.57,4.71,75.84,SSJV,Tonyville
2014,5,29,West Lindsay,1,0,1,0,75.9,37.57,4.71,75.84,SSJV,West Lindsay
2014,5,29,Strathmore,0,0,0,0,75.9,37.57,4.71,75.84,SSJV,Strathmore
2014,5,29,Porterville,0,0,0,0,65.49,48.71,3,53.47,SSJV,Porterville
2014,5,29,Terra Bella,1,2,3,0,65.49,48.71,3,53.47,SSJV,Terra Bella
2014,5,29,City of Visalia,7,3,10,0,75.9,37.57,4.71,75.84,SSJV,City of Visalia
2014,6,5,Woodlake,0,0,0,0,72.16,36,3.83,73.73,SSJV,Woodlake
2014,6,5,Ivanhoe,1,1,2,0,72.16,36,3.83,73.73,SSJV,Ivanhoe
2014,6,5,Exeter,0,0,0,0,72.16,36,3.83,73.73,SSJV,Exeter
2014,6,5,South Exeter,1,1,2,0,72.16,36,3.83,73.73,SSJV,South Exeter
2014,6,5,Tonyville,1,0,1,0,72.16,36,3.83,73.73,SSJV,Tonyville
2014,6,5,West Lindsay,1,1,2,0,72.16,36,3.83,73.73,SSJV,West Lindsay
2014,6,5,Strathmore,1,0,1,0,72.16,36,3.83,73.73,SSJV,Strathmore
2014,6,5,Porterville,0,0,0,0.01,65.89,47.86,3.97,54.1,SSJV,Porterville
2014,6,5,Terra Bella,1,1,2,0.01,65.89,47.86,3.97,54.1,SSJV,Terra Bella
2014,6,5,City of Visalia,10,9,19,0,72.16,36,3.83,73.73,SSJV,City of Visalia
2014,6,12,Woodlake,0,0,0,0,81.37,37,4.14,79.17,SSJV,Woodlake
2014,6,12,Ivanhoe,2,1,3,0,81.37,37,4.14,79.17,SSJV,Ivanhoe
2014,6,12,Exeter,0,0,0,0,81.37,37,4.14,79.17,SSJV,Exeter
2014,6,12,South Exeter,0,0,0,0,81.37,37,4.14,79.17,SSJV,South Exeter
2014,6,12,Tonyville,0,1,1,0,81.37,37,4.14,79.17,SSJV,Tonyville
2014,6,12,West Lindsay,1,0,1,0,81.37,37,4.14,79.17,SSJV,West Lindsay
2014,6,12,Strathmore,0,0,0,0,81.37,37,4.14,79.17,SSJV,Strathmore
2014,6,12,Porterville,0,0,0,0,71.93,33,3.33,55.81,SSJV,Porterville
2014,6,12,Terra Bella,1,0,1,0,71.93,33,3.33,55.81,SSJV,Terra Bella
2014,6,12,City of Visalia,0,3,3,0,81.37,37,4.14,79.17,SSJV,City of Visalia
2014,6,19,Woodlake,0,0,0,0,72.97,35.43,4.81,76.4,SSJV,Woodlake
2014,6,19,Ivanhoe,0,0,0,0,72.97,35.43,4.81,76.4,SSJV,Ivanhoe
2014,6,19,Exeter,0,0,0,0,72.97,35.43,4.81,76.4,SSJV,Exeter
2014,6,19,South Exeter,0,0,0,0,72.97,35.43,4.81,76.4,SSJV,South Exeter
2014,6,19,Tonyville,0,1,1,0,72.97,35.43,4.81,76.4,SSJV,Tonyville
2014,6,19,West Lindsay,0,0,0,0,72.97,35.43,4.81,76.4,SSJV,West Lindsay
2014,6,19,Strathmore,1,0,1,0,72.97,35.43,4.81,76.4,SSJV,Strathmore
2014,6,19,Porterville,0,0,0,0,68.91,42.43,3.56,57.31,SSJV,Porterville
2014,6,19,Terra Bella,1,2,3,0,68.91,42.43,3.56,57.31,SSJV,Terra Bella
2014,6,19,City of Visalia,2,1,3,0,72.97,35.43,4.81,76.4,SSJV,City of Visalia
2014,6,26,Woodlake,0,0,0,0,77.43,34.14,4.67,76.2,SSJV,Woodlake
2014,6,26,Ivanhoe,2,2,4,0,77.43,34.14,4.67,76.2,SSJV,Ivanhoe
2014,6,26,Exeter,0,0,0,0,77.43,34.14,4.67,76.2,SSJV,Exeter
2014,6,26,South Exeter,0,0,0,0,77.43,34.14,4.67,76.2,SSJV,South Exeter
2014,6,26,Tonyville,0,0,0,0,77.43,34.14,4.67,76.2,SSJV,Tonyville
2014,6,26,West Lindsay,6,3,9,0,77.43,34.14,4.67,76.2,SSJV,West Lindsay
2014,6,26,Strathmore,1,0,1,0,77.43,34.14,4.67,76.2,SSJV,Strathmore
2014,6,26,Porterville,0,0,0,0,75.37,34.86,3.11,59.53,SSJV,Porterville
2014,6,26,Terra Bella,2,0,2,0,75.37,34.86,3.11,59.53,SSJV,Terra Bella
2014,6,26,City of Visalia,1,,1,0,77.43,34.14,4.67,76.2,SSJV,City of Visalia
2014,7,3,Woodlake,2,0,2,0,80.29,41.14,4.9,79.2,SSJV,Woodlake
2014,7,3,Ivanhoe,2,0,2,0,80.29,41.14,4.9,79.2,SSJV,Ivanhoe
2014,7,3,Exeter,0,0,0,0,80.29,41.14,4.9,79.2,SSJV,Exeter
2014,7,3,South Exeter,0,0,0,0,80.29,41.14,4.9,79.2,SSJV,South Exeter
2014,7,3,Tonyville,0,0,0,0,80.29,41.14,4.9,79.2,SSJV,Tonyville
2014,7,3,West Lindsay,3,1,4,0,80.29,41.14,4.9,79.2,SSJV,West Lindsay
2014,7,3,Strathmore,4,0,4,0,80.29,41.14,4.9,79.2,SSJV,Strathmore
2014,7,3,Porterville,3,0,3,0,75.49,31,3.27,59.9,SSJV,Porterville
2014,7,3,Terra Bella,3,1,4,0,75.49,31,3.27,59.9,SSJV,Terra Bella
2014,7,3,City of Visalia,2,1,3,0,80.29,41.14,4.9,79.2,SSJV,City of Visalia
2014,7,10,Woodlake,0,0,0,0,83.01,38.43,3.71,80,SSJV,Woodlake
2014,7,10,Ivanhoe,0,1,1,0,83.01,38.43,3.71,80,SSJV,Ivanhoe
2014,7,10,Exeter,0,0,0,0,83.01,38.43,3.71,80,SSJV,Exeter
2014,7,10,South Exeter,0,0,0,0,83.01,38.43,3.71,80,SSJV,South Exeter
2014,7,10,Tonyville,0,0,0,0,83.01,38.43,3.71,80,SSJV,Tonyville
2014,7,10,West Lindsay,0,0,0,0,83.01,38.43,3.71,80,SSJV,West Lindsay
2014,7,10,Strathmore,1,0,1,0,83.01,38.43,3.71,80,SSJV,Strathmore
2014,7,10,Porterville,0,0,0,0,80.93,33,3.67,62.96,SSJV,Porterville
2014,7,10,Terra Bella,0,0,0,0,80.93,33,3.67,62.96,SSJV,Terra Bella
2014,7,10,City of Visalia,0,0,0,0,83.01,38.43,3.71,80,SSJV,City of Visalia
2014,7,17,Woodlake,0,0,0,0,81.93,46.14,4.19,80.34,SSJV,Woodlake
2014,7,17,Ivanhoe,0,0,0,0,81.93,46.14,4.19,80.34,SSJV,Ivanhoe
2014,7,17,Exeter,0,0,0,0,81.93,46.14,4.19,80.34,SSJV,Exeter
2014,7,17,South Exeter,0,0,0,0,81.93,46.14,4.19,80.34,SSJV,South Exeter
2014,7,17,Tonyville,1,0,1,0,81.93,46.14,4.19,80.34,SSJV,Tonyville
2014,7,17,West Lindsay,2,0,2,0,81.93,46.14,4.19,80.34,SSJV,West Lindsay
2014,7,17,Strathmore,1,0,1,0,81.93,46.14,4.19,80.34,SSJV,Strathmore
2014,7,17,Porterville,0,0,0,0,74.5,31.14,3.66,63.43,SSJV,Porterville
2014,7,17,Terra Bella,0,0,0,0,74.5,31.14,3.66,63.43,SSJV,Terra Bella
2014,7,17,City of Visalia,0,1,1,0,81.93,46.14,4.19,80.34,SSJV,City of Visalia
2014,7,24,Woodlake,0,0,0,0,79.69,49.14,4.61,79.79,SSJV,Woodlake
2014,7,24,Ivanhoe,0,0,0,0,79.69,49.14,4.61,79.79,SSJV,Ivanhoe
2014,7,24,Exeter,0,0,0,0,79.69,49.14,4.61,79.79,SSJV,Exeter
2014,7,24,South Exeter,0,0,0,0,79.69,49.14,4.61,79.79,SSJV,South Exeter
2014,7,24,Tonyville,0,0,0,0,79.69,49.14,4.61,79.79,SSJV,Tonyville
2014,7,24,West Lindsay,0,0,0,0,79.69,49.14,4.61,79.79,SSJV,West Lindsay
2014,7,24,Strathmore,0,0,0,0,79.69,49.14,4.61,79.79,SSJV,Strathmore
2014,7,24,Porterville,0,1,1,0,78.37,35,3.79,62.32,SSJV,Porterville
2014,7,24,Terra Bella,0,0,0,0,78.37,35,3.79,62.32,SSJV,Terra Bella
2014,7,24,City of Visalia,1,1,2,0,79.69,49.14,4.61,79.79,SSJV,City of Visalia
2014,7,31,Woodlake,2,1,3,0,83.39,42.71,3.4,80.43,SSJV,Woodlake
2014,7,31,Ivanhoe,0,0,0,0,83.39,42.71,3.4,80.43,SSJV,Ivanhoe
2014,7,31,Exeter,3,0,3,0,83.39,42.71,3.4,80.43,SSJV,Exeter
2014,7,31,South Exeter,0,0,0,0,83.39,42.71,3.4,80.43,SSJV,South Exeter
2014,7,31,Tonyville,0,0,0,0,83.39,42.71,3.4,80.43,SSJV,Tonyville
2014,7,31,West Lindsay,0,0,0,0,83.39,42.71,3.4,80.43,SSJV,West Lindsay
2014,7,31,Strathmore,0,0,0,0,83.39,42.71,3.4,80.43,SSJV,Strathmore
2014,7,31,Porterville,0,0,0,0,84.23,33,3.46,66.32,SSJV,Porterville
2014,7,31,Terra Bella,0,0,0,0,84.23,33,3.46,66.32,SSJV,Terra Bella
2014,7,31,City of Visalia,1,1,2,0,83.39,42.71,3.4,80.43,SSJV,City of Visalia
2014,8,7,Woodlake,1,2,3,0,81.33,47.57,3.79,79.57,SSJV,Woodlake
2014,8,7,Ivanhoe,0,0,0,0,81.33,47.57,3.79,79.57,SSJV,Ivanhoe
2014,8,7,Exeter,3,1,4,0,81.33,47.57,3.79,79.57,SSJV,Exeter
2014,8,7,South Exeter,0,0,0,0,81.33,47.57,3.79,79.57,SSJV,South Exeter
2014,8,7,Tonyville,0,0,0,0,81.33,47.57,3.79,79.57,SSJV,Tonyville
2014,8,7,West Lindsay,0,0,0,0,81.33,47.57,3.79,79.57,SSJV,West Lindsay
2014,8,7,Strathmore,1,0,1,0,81.33,47.57,3.79,79.57,SSJV,Strathmore
2014,8,7,Porterville,1,0,1,0,85.2,30,3.64,61.24,SSJV,Porterville
2014,8,7,Terra Bella,0,0,0,0,85.2,30,3.64,61.24,SSJV,Terra Bella
2014,8,7,City of Visalia,2,1,3,0,81.33,47.57,3.79,79.57,SSJV,City of Visalia
2014,8,14,Woodlake,2,2,4,0,82.91,42.14,3.94,80.56,SSJV,Woodlake
2014,8,14,Ivanhoe,1,0,1,0,82.91,42.14,3.94,80.56,SSJV,Ivanhoe
2014,8,14,Exeter,0,0,0,0,82.91,42.14,3.94,80.56,SSJV,Exeter
2014,8,14,South Exeter,0,0,0,0,82.91,42.14,3.94,80.56,SSJV,South Exeter
2014,8,14,Tonyville,0,0,0,0,82.91,42.14,3.94,80.56,SSJV,Tonyville
2014,8,14,West Lindsay,0,0,0,0,82.91,42.14,3.94,80.56,SSJV,West Lindsay
2014,8,14,Strathmore,0,0,0,0,82.91,42.14,3.94,80.56,SSJV,Strathmore
2014,8,14,Porterville,0,0,0,0,82.9,41.29,3.77,64.35,SSJV,Porterville
2014,8,14,Terra Bella,1,1,2,0,82.9,41.29,3.77,64.35,SSJV,Terra Bella
2014,8,14,City of Visalia,0,0,0,0,82.91,42.14,3.94,80.56,SSJV,City of Visalia
2014,8,21,Woodlake,2,0,2,0,78.44,44.29,3.66,80.33,SSJV,Woodlake
2014,8,21,Ivanhoe,0,0,0,0,78.44,44.29,3.66,80.33,SSJV,Ivanhoe
2014,8,21,Exeter,0,0,0,0,78.44,44.29,3.66,80.33,SSJV,Exeter
2014,8,21,South Exeter,0,0,0,0,78.44,44.29,3.66,80.33,SSJV,South Exeter
2014,8,21,Tonyville,0,0,0,0,78.44,44.29,3.66,80.33,SSJV,Tonyville
2014,8,21,West Lindsay,0,0,0,0,78.44,44.29,3.66,80.33,SSJV,West Lindsay
2014,8,21,Strathmore,0,0,0,0,78.44,44.29,3.66,80.33,SSJV,Strathmore
2014,8,21,Porterville,0,0,0,0,80.6,45.14,3.54,71.53,SSJV,Porterville
2014,8,21,Terra Bella,0,0,0,0,80.6,45.14,3.54,71.53,SSJV,Terra Bella
2014,8,21,City of Visalia,0,0,0,0,78.44,44.29,3.66,80.33,SSJV,City of Visalia
2014,8,28,Woodlake,0,0,0,0,76.67,48.43,3.29,81.14,SSJV,Woodlake
2014,8,28,Ivanhoe,0,0,0,0,76.67,48.43,3.29,81.14,SSJV,Ivanhoe
2014,8,28,Exeter,0,0,0,0,76.67,48.43,3.29,81.14,SSJV,Exeter
2014,8,28,South Exeter,0,0,0,0,76.67,48.43,3.29,81.14,SSJV,South Exeter
2014,8,28,Tonyville,0,0,0,0,76.67,48.43,3.29,81.14,SSJV,Tonyville
2014,8,28,West Lindsay,0,0,0,0,76.67,48.43,3.29,81.14,SSJV,West Lindsay
2014,8,28,Strathmore,0,0,0,0,76.67,48.43,3.29,81.14,SSJV,Strathmore
2014,8,28,Porterville,0,0,0,0,86.37,33.43,3.1,74.44,SSJV,Porterville
2014,8,28,Terra Bella,2,0,2,0,86.37,33.43,3.1,74.44,SSJV,Terra Bella
2014,8,28,City of Visalia,0,0,0,0,76.67,48.43,3.29,81.14,SSJV,City of Visalia
2014,9,4,Woodlake,0,1,1,0,78.77,42.14,3.41,78.64,SSJV,Woodlake
2014,9,4,Ivanhoe,0,0,0,0,78.77,42.14,3.41,78.64,SSJV,Ivanhoe
2014,9,4,Exeter,0,1,1,0,78.77,42.14,3.41,78.64,SSJV,Exeter
2014,9,4,South Exeter,0,0,0,0,78.77,42.14,3.41,78.64,SSJV,South Exeter
2014,9,4,Tonyville,0,0,0,0,78.77,42.14,3.41,78.64,SSJV,Tonyville
2014,9,4,West Lindsay,0,0,0,0,78.77,42.14,3.41,78.64,SSJV,West Lindsay
2014,9,4,Strathmore,0,0,0,0,78.77,42.14,3.41,78.64,SSJV,Strathmore
2014,9,4,Porterville,1,0,1,0,82.53,39.86,3.54,71.12,SSJV,Porterville
2014,9,4,Terra Bella,1,0,1,0,82.53,39.86,3.54,71.12,SSJV,Terra Bella
2014,9,4,City of Visalia,0,0,0,0,78.77,42.14,3.41,78.64,SSJV,City of Visalia
2014,9,11,Woodlake,0,0,0,0,76.24,46.86,3.01,76.87,SSJV,Woodlake
2014,9,11,Ivanhoe,0,0,0,0,76.24,46.86,3.01,76.87,SSJV,Ivanhoe
2014,9,11,Exeter,0,0,0,0,76.24,46.86,3.01,76.87,SSJV,Exeter
2014,9,11,South Exeter,0,0,0,0,76.24,46.86,3.01,76.87,SSJV,South Exeter
2014,9,11,Tonyville,0,0,0,0,76.24,46.86,3.01,76.87,SSJV,Tonyville
2014,9,11,West Lindsay,0,0,0,0,76.24,46.86,3.01,76.87,SSJV,West Lindsay
2014,9,11,Strathmore,0,0,0,0,76.24,46.86,3.01,76.87,SSJV,Strathmore
2014,9,11,Porterville,0,0,0,0,83.79,33.57,3.91,69.32,SSJV,Porterville
2014,9,11,Terra Bella,0,0,0,0,83.79,33.57,3.91,69.32,SSJV,Terra Bella
2014,9,11,City of Visalia,0,0,0,0,76.24,46.86,3.01,76.87,SSJV,City of Visalia
2014,9,18,Woodlake,1,3,4,0,80.26,45.43,2.99,78.74,SSJV,Woodlake
2014,9,18,Ivanhoe,0,0,0,0,80.26,45.43,2.99,78.74,SSJV,Ivanhoe
2014,9,18,Exeter,0,0,0,0,80.26,45.43,2.99,78.74,SSJV,Exeter
2014,9,18,South Exeter,0,0,0,0,80.26,45.43,2.99,78.74,SSJV,South Exeter
2014,9,18,Tonyville,0,0,0,0,80.26,45.43,2.99,78.74,SSJV,Tonyville
2014,9,18,West Lindsay,0,0,0,0,80.26,45.43,2.99,78.74,SSJV,West Lindsay
2014,9,18,Strathmore,0,0,0,0,80.26,45.43,2.99,78.74,SSJV,Strathmore
2014,9,18,Porterville,0,0,0,0,79.49,35.29,3.71,72,SSJV,Porterville
2014,9,18,Terra Bella,0,0,0,0,79.49,35.29,3.71,72,SSJV,Terra Bella
2014,9,18,City of Visalia,0,0,0,0,80.26,45.43,2.99,78.74,SSJV,City of Visalia
2014,9,25,Woodlake,1,1,2,0,77.37,55.29,3.27,76.03,SSJV,Woodlake
2014,9,25,Ivanhoe,0,0,0,0,77.37,55.29,3.27,76.03,SSJV,Ivanhoe
2014,9,25,Exeter,5,2,7,0,77.37,55.29,3.27,76.03,SSJV,Exeter
2014,9,25,South Exeter,0,1,1,0,77.37,55.29,3.27,76.03,SSJV,South Exeter
2014,9,25,Tonyville,0,0,0,0,77.37,55.29,3.27,76.03,SSJV,Tonyville
2014,9,25,West Lindsay,0,0,0,0,77.37,55.29,3.27,76.03,SSJV,West Lindsay
2014,9,25,Strathmore,1,0,1,0,77.37,55.29,3.27,76.03,SSJV,Strathmore
2014,9,25,Porterville,0,0,0,0,78.03,37,3.5,73.38,SSJV,Porterville
2014,9,25,Terra Bella,0,0,0,0,78.03,37,3.5,73.38,SSJV,Terra Bella
2014,9,25,City of Visalia,0,1,1,0,77.37,55.29,3.27,76.03,SSJV,City of Visalia
2014,10,2,Woodlake,0,1,1,0.01,74.93,59.57,4.1,73.84,SSJV,Woodlake
2014,10,2,Ivanhoe,0,2,2,0.01,74.93,59.57,4.1,73.84,SSJV,Ivanhoe
2014,10,2,Exeter,1,0,1,0.01,74.93,59.57,4.1,73.84,SSJV,Exeter
2014,10,2,South Exeter,0,0,0,0.01,74.93,59.57,4.1,73.84,SSJV,South Exeter
2014,10,2,Tonyville,0,0,0,0.01,74.93,59.57,4.1,73.84,SSJV,Tonyville
2014,10,2,West Lindsay,0,0,0,0.01,74.93,59.57,4.1,73.84,SSJV,West Lindsay
2014,10,2,Strathmore,1,0,1,0.01,74.93,59.57,4.1,73.84,SSJV,Strathmore
2014,10,2,Porterville,0,0,0,0,79.86,36.29,2.96,75.35,SSJV,Porterville
2014,10,2,Terra Bella,2,0,2,0,79.86,36.29,2.96,75.35,SSJV,Terra Bella
2014,10,2,City of Visalia,0,2,2,0.01,74.93,59.57,4.1,73.84,SSJV,City of Visalia
2014,10,10,Woodlake,0,0,0,0,79,50.71,2.59,72.07,SSJV,Woodlake
2014,10,10,Ivanhoe,0,1,1,0,79,50.71,2.59,72.07,SSJV,Ivanhoe
2014,10,10,Exeter,1,2,3,0,79,50.71,2.59,72.07,SSJV,Exeter
2014,10,10,South Exeter,0,0,0,0,79,50.71,2.59,72.07,SSJV,South Exeter
2014,10,10,Tonyville,0,0,0,0,79,50.71,2.59,72.07,SSJV,Tonyville
2014,10,10,West Lindsay,0,0,0,0,79,50.71,2.59,72.07,SSJV,West Lindsay
2014,10,10,Strathmore,0,0,0,0,79,50.71,2.59,72.07,SSJV,Strathmore
2014,10,10,Porterville,0,0,0,0,78,37.86,2.96,85.05,SSJV,Porterville
2014,10,10,Terra Bella,0,0,0,0,78,37.86,2.96,85.05,SSJV,Terra Bella
2014,10,10,City of Visalia,1,1,2,0,79,50.71,2.59,72.07,SSJV,City of Visalia
2014,10,17,Woodlake,1,0,1,0,74.86,52.43,2.89,70.79,SSJV,Woodlake
2014,10,17,Ivanhoe,2,1,3,0,74.86,52.43,2.89,70.79,SSJV,Ivanhoe
2014,10,17,Exeter,0,2,2,0,74.86,52.43,2.89,70.79,SSJV,Exeter
2014,10,17,South Exeter,0,0,0,0,74.86,52.43,2.89,70.79,SSJV,South Exeter
2014,10,17,Tonyville,1,0,1,0,74.86,52.43,2.89,70.79,SSJV,Tonyville
2014,10,17,West Lindsay,0,0,0,0,74.86,52.43,2.89,70.79,SSJV,West Lindsay
2014,10,17,Strathmore,4,0,4,0,74.86,52.43,2.89,70.79,SSJV,Strathmore
2014,10,17,Porterville,0,0,0,0,80.23,41.43,3.03,66.23,SSJV,Porterville
2014,10,17,Terra Bella,1,0,1,0,80.23,41.43,3.03,66.23,SSJV,Terra Bella
2014,10,17,City of Visalia,1,1,2,0,74.86,52.43,2.89,70.79,SSJV,City of Visalia
2014,10,24,Woodlake,1,0,1,0,63.07,61.43,3.13,67.6,SSJV,Woodlake
2014,10,24,Ivanhoe,4,3,7,0,63.07,61.43,3.13,67.6,SSJV,Ivanhoe
2014,10,24,Exeter,0,0,0,0,63.07,61.43,3.13,67.6,SSJV,Exeter
2014,10,24,South Exeter,0,0,0,0,63.07,61.43,3.13,67.6,SSJV,South Exeter
2014,10,24,Tonyville,0,0,0,0,63.07,61.43,3.13,67.6,SSJV,Tonyville
2014,10,24,West Lindsay,0,0,0,0,63.07,61.43,3.13,67.6,SSJV,West Lindsay
2014,10,24,Strathmore,1,0,1,0,63.07,61.43,3.13,67.6,SSJV,Strathmore
2014,10,24,Porterville,0,0,0,0,74.51,50.43,3.19,82.56,SSJV,Porterville
2014,10,24,Terra Bella,3,0,3,0,74.51,50.43,3.19,82.56,SSJV,Terra Bella
2014,10,24,City of Visalia,1,0,1,0,63.07,61.43,3.13,67.6,SSJV,City of Visalia
2014,10,31,Woodlake,1,0,1,0,59.74,62.29,3.1,65.13,SSJV,Woodlake
2014,10,31,Ivanhoe,0,0,0,0,59.74,62.29,3.1,65.13,SSJV,Ivanhoe
2014,10,31,Exeter,0,0,0,0,59.74,62.29,3.1,65.13,SSJV,Exeter
2014,10,31,South Exeter,0,0,0,0,59.74,62.29,3.1,65.13,SSJV,South Exeter
2014,10,31,Tonyville,0,1,1,0,59.74,62.29,3.1,65.13,SSJV,Tonyville
2014,10,31,West Lindsay,0,0,0,0,59.74,62.29,3.1,65.13,SSJV,West Lindsay
2014,10,31,Strathmore,1,0,1,0,59.74,62.29,3.1,65.13,SSJV,Strathmore
2014,10,31,Porterville,0,0,0,0,69.2,50.14,2.81,78.23,SSJV,Porterville
2014,10,31,Terra Bella,0,0,0,0,69.2,50.14,2.81,78.23,SSJV,Terra Bella
2014,10,31,City of Visalia,0,1,1,0,59.74,62.29,3.1,65.13,SSJV,City of Visalia
2014,11,7,Woodlake,0,1,1,0.12,53.36,77.57,2.81,61.29,SSJV,Woodlake
2014,11,7,Ivanhoe,2,0,2,0.12,53.36,77.57,2.81,61.29,SSJV,Ivanhoe
2014,11,7,Exeter,0,0,0,0.12,53.36,77.57,2.81,61.29,SSJV,Exeter
2014,11,7,South Exeter,0,1,1,0.12,53.36,77.57,2.81,61.29,SSJV,South Exeter
2014,11,7,Tonyville,1,0,1,0.12,53.36,77.57,2.81,61.29,SSJV,Tonyville
2014,11,7,West Lindsay,0,0,0,0.12,53.36,77.57,2.81,61.29,SSJV,West Lindsay
2014,11,7,Strathmore,1,0,1,0.12,53.36,77.57,2.81,61.29,SSJV,Strathmore
2014,11,7,Porterville,0,0,0,0,72.61,41.71,2.6,77.77,SSJV,Porterville
2014,11,7,Terra Bella,1,0,1,0,72.61,41.71,2.6,77.77,SSJV,Terra Bella
2014,11,7,City of Visalia,2,0,2,0.12,53.36,77.57,2.81,61.29,SSJV,City of Visalia
2014,11,14,Woodlake,1,1,2,0.01,54.46,81.86,2.13,61.7,SSJV,Woodlake
2014,11,14,Ivanhoe,1,0,1,0.01,54.46,81.86,2.13,61.7,SSJV,Ivanhoe
2014,11,14,Exeter,0,0,0,0.01,54.46,81.86,2.13,61.7,SSJV,Exeter
2014,11,14,South Exeter,0,0,0,0.01,54.46,81.86,2.13,61.7,SSJV,South Exeter
2014,11,14,Tonyville,2,0,2,0.01,54.46,81.86,2.13,61.7,SSJV,Tonyville
2014,11,14,West Lindsay,0,0,0,0.01,54.46,81.86,2.13,61.7,SSJV,West Lindsay
2014,11,14,Strathmore,0,0,0,0.01,54.46,81.86,2.13,61.7,SSJV,Strathmore
2014,11,14,Porterville,0,0,0,0,67.89,52,2.9,75.63,SSJV,Porterville
2014,11,14,Terra Bella,0,0,0,0,67.89,52,2.9,75.63,SSJV,Terra Bella
2014,11,14,City of Visalia,0,0,0,0.01,54.46,81.86,2.13,61.7,SSJV,City of Visalia
2014,11,21,Woodlake,1,0,1,0,47.44,80.43,2.73,58.64,SSJV,Woodlake
2014,11,21,Ivanhoe,0,0,0,0,47.44,80.43,2.73,58.64,SSJV,Ivanhoe
2014,11,21,Exeter,0,0,0,0,47.44,80.43,2.73,58.64,SSJV,Exeter
2014,11,21,South Exeter,0,0,0,0,47.44,80.43,2.73,58.64,SSJV,South Exeter
2014,11,21,Tonyville,0,0,0,0,47.44,80.43,2.73,58.64,SSJV,Tonyville
2014,11,21,West Lindsay,0,0,0,0,47.44,80.43,2.73,58.64,SSJV,West Lindsay
2014,11,21,Strathmore,0,0,0,0,47.44,80.43,2.73,58.64,SSJV,Strathmore
2014,11,21,Porterville,0,0,0,0,63.06,58.71,2.61,71.7,SSJV,Porterville
2014,11,21,Terra Bella,1,0,1,0,63.06,58.71,2.61,71.7,SSJV,Terra Bella
2014,11,21,City of Visalia,0,0,0,0,47.44,80.43,2.73,58.64,SSJV,City of Visalia
2014,11,28,Woodlake,0,0,0,0,44.01,83.14,2.81,56.39,SSJV,Woodlake
2014,11,28,Ivanhoe,0,0,0,0,44.01,83.14,2.81,56.39,SSJV,Ivanhoe
2014,11,28,Exeter,0,0,0,0,44.01,83.14,2.81,56.39,SSJV,Exeter
2014,11,28,South Exeter,0,0,0,0,44.01,83.14,2.81,56.39,SSJV,South Exeter
2014,11,28,Tonyville,0,1,1,0,44.01,83.14,2.81,56.39,SSJV,Tonyville
2014,11,28,West Lindsay,0,0,0,0,44.01,83.14,2.81,56.39,SSJV,West Lindsay
2014,11,28,Strathmore,0,0,0,0,44.01,83.14,2.81,56.39,SSJV,Strathmore
2014,11,28,Porterville,0,0,0,0.01,60.9,58.29,2.86,68.97,SSJV,Porterville
2014,11,28,Terra Bella,0,0,0,0.01,60.9,58.29,2.86,68.97,SSJV,Terra Bella
2014,11,28,City of Visalia,0,0,0,0,44.01,83.14,2.81,56.39,SSJV,City of Visalia
2015,4,2,Woodlake,30,7,37,0,64.47,61.14,3.16,63.06,SSJV,Woodlake
2015,4,2,Ivanhoe,17,3,20,0,64.47,61.14,3.16,63.06,SSJV,Ivanhoe
2015,4,2,Exeter,4,0,4,0,64.47,61.14,3.16,63.06,SSJV,Exeter
2015,4,2,South Exeter,0,1,1,0,64.47,61.14,3.16,63.06,SSJV,South Exeter
2015,4,2,Tonyville,2,4,6,0,64.47,61.14,3.16,63.06,SSJV,Tonyville
2015,4,2,West Lindsay,5,22,27,0,64.47,61.14,3.16,63.06,SSJV,West Lindsay
2015,4,2,Strathmore,0,0,0,0,64.47,61.14,3.16,63.06,SSJV,Strathmore
2015,4,2,Porterville,0,0,0,0,53.66,76.29,2.8,58.87,SSJV,Porterville
2015,4,2,Terra Bella,9,2,11,0,53.66,76.29,2.8,58.87,SSJV,Terra Bella
2015,4,2,City of Visalia,3,7,10,0,64.47,61.14,3.16,63.06,SSJV,City of Visalia
2015,4,9,Woodlake,1,4,5,0,62.51,57,4.16,64.26,SSJV,Woodlake
2015,4,9,Ivanhoe,6,3,9,0,62.51,57,4.16,64.26,SSJV,Ivanhoe
2015,4,9,Exeter,0,0,0,0,62.51,57,4.16,64.26,SSJV,Exeter
2015,4,9,South Exeter,0,3,3,0,62.51,57,4.16,64.26,SSJV,South Exeter
2015,4,9,Tonyville,0,0,0,0,62.51,57,4.16,64.26,SSJV,Tonyville
2015,4,9,West Lindsay,10,4,14,0,62.51,57,4.16,64.26,SSJV,West Lindsay
2015,4,9,Strathmore,0,0,0,0,62.51,57,4.16,64.26,SSJV,Strathmore
2015,4,9,Porterville,0,0,0,0.03,49.83,73.14,3.04,56.47,SSJV,Porterville
2015,4,9,Terra Bella,2,0,2,0.03,49.83,73.14,3.04,56.47,SSJV,Terra Bella
2015,4,9,City of Visalia,1,2,3,0,62.51,57,4.16,64.26,SSJV,City of Visalia
2015,4,16,Woodlake,15,7,22,0,66.37,46.71,4.44,65.5,SSJV,Woodlake
2015,4,16,Ivanhoe,1,3,4,0,66.37,46.71,4.44,65.5,SSJV,Ivanhoe
2015,4,16,Exeter,3,3,6,0,66.37,46.71,4.44,65.5,SSJV,Exeter
2015,4,16,South Exeter,0,4,4,0,66.37,46.71,4.44,65.5,SSJV,South Exeter
2015,4,16,Tonyville,3,5,8,0,66.37,46.71,4.44,65.5,SSJV,Tonyville
2015,4,16,West Lindsay,2,3,5,0,66.37,46.71,4.44,65.5,SSJV,West Lindsay
2015,4,16,Strathmore,1,0,1,0,66.37,46.71,4.44,65.5,SSJV,Strathmore
2015,4,16,Porterville,1,0,1,0.02,50.16,67.71,3.19,56.4,SSJV,Porterville
2015,4,16,Terra Bella,2,1,3,0.02,50.16,67.71,3.19,56.4,SSJV,Terra Bella
2015,4,16,City of Visalia,6,3,9,0,66.37,46.71,4.44,65.5,SSJV,City of Visalia
2015,4,23,Woodlake,5,7,12,0.04,56.41,52.43,4.44,62.11,SSJV,Woodlake
2015,4,23,Ivanhoe,2,0,2,0.04,56.41,52.43,4.44,62.11,SSJV,Ivanhoe
2015,4,23,Exeter,0,2,2,0.04,56.41,52.43,4.44,62.11,SSJV,Exeter
2015,4,23,South Exeter,1,0,1,0.04,56.41,52.43,4.44,62.11,SSJV,South Exeter
2015,4,23,Tonyville,4,1,5,0.04,56.41,52.43,4.44,62.11,SSJV,Tonyville
2015,4,23,West Lindsay,5,2,7,0.04,56.41,52.43,4.44,62.11,SSJV,West Lindsay
2015,4,23,Strathmore,12,2,14,0.04,56.41,52.43,4.44,62.11,SSJV,Strathmore
2015,4,23,Porterville,10,1,11,0,59.83,58.14,2.99,62.31,SSJV,Porterville
2015,4,23,Terra Bella,7,1,8,0,59.83,58.14,2.99,62.31,SSJV,Terra Bella
2015,4,23,City of Visalia,2,1,3,0.04,56.41,52.43,4.44,62.11,SSJV,City of Visalia
2015,4,30,Woodlake,4,14,18,0,61.09,49.43,4.5,62.57,SSJV,Woodlake
2015,4,30,Ivanhoe,0,0,0,0,61.09,49.43,4.5,62.57,SSJV,Ivanhoe
2015,4,30,Exeter,0,2,2,0,61.09,49.43,4.5,62.57,SSJV,Exeter
2015,4,30,South Exeter,0,0,0,0,61.09,49.43,4.5,62.57,SSJV,South Exeter
2015,4,30,Tonyville,10,1,11,0,61.09,49.43,4.5,62.57,SSJV,Tonyville
2015,4,30,West Lindsay,1,2,3,0,61.09,49.43,4.5,62.57,SSJV,West Lindsay
2015,4,30,Strathmore,1,1,2,0,61.09,49.43,4.5,62.57,SSJV,Strathmore
2015,4,30,Porterville,1,0,1,0,64.66,52,3.04,68.09,SSJV,Porterville
2015,4,30,Terra Bella,5,1,6,0,64.66,52,3.04,68.09,SSJV,Terra Bella
2015,4,30,City of Visalia,4,2,6,0,61.09,49.43,4.5,62.57,SSJV,City of Visalia
2015,5,7,Woodlake,1,9,10,0,66.57,46.29,3.83,67.29,SSJV,Woodlake
2015,5,7,Ivanhoe,0,1,1,0,66.57,46.29,3.83,67.29,SSJV,Ivanhoe
2015,5,7,Exeter,0,2,2,0,66.57,46.29,3.83,67.29,SSJV,Exeter
2015,5,7,South Exeter,1,1,2,0,66.57,46.29,3.83,67.29,SSJV,South Exeter
2015,5,7,Tonyville,3,1,4,0,66.57,46.29,3.83,67.29,SSJV,Tonyville
2015,5,7,West Lindsay,1,0,1,0,66.57,46.29,3.83,67.29,SSJV,West Lindsay
2015,5,7,Strathmore,2,0,2,0,66.57,46.29,3.83,67.29,SSJV,Strathmore
2015,5,7,Porterville,1,0,1,0,62.7,52.57,3.7,69.15,SSJV,Porterville
2015,5,7,Terra Bella,1,0,1,0,62.7,52.57,3.7,69.15,SSJV,Terra Bella
2015,5,7,City of Visalia,6,2,8,0,66.57,46.29,3.83,67.29,SSJV,City of Visalia
2015,5,14,Woodlake,0,4,4,0.04,65.9,56.29,4.41,67.4,SSJV,Woodlake
2015,5,14,Ivanhoe,3,4,7,0.04,65.9,56.29,4.41,67.4,SSJV,Ivanhoe
2015,5,14,Exeter,0,0,0,0.04,65.9,56.29,4.41,67.4,SSJV,Exeter
2015,5,14,South Exeter,0,1,1,0.04,65.9,56.29,4.41,67.4,SSJV,South Exeter
2015,5,14,Tonyville,1,0,1,0.04,65.9,56.29,4.41,67.4,SSJV,Tonyville
2015,5,14,West Lindsay,0,2,2,0.04,65.9,56.29,4.41,67.4,SSJV,West Lindsay
2015,5,14,Strathmore,0,0,0,0.04,65.9,56.29,4.41,67.4,SSJV,Strathmore
2015,5,14,Porterville,0,0,0,0,62.86,43.43,3.61,69.93,SSJV,Porterville
2015,5,14,Terra Bella,0,0,0,0,62.86,43.43,3.61,69.93,SSJV,Terra Bella
2015,5,14,City of Visalia,4,1,5,0.04,65.9,56.29,4.41,67.4,SSJV,City of Visalia
2015,5,21,Woodlake,2,9,11,0,70,40.57,4.23,70.4,SSJV,Woodlake
2015,5,21,Ivanhoe,1,5,6,0,70,40.57,4.23,70.4,SSJV,Ivanhoe
2015,5,21,Exeter,0,2,2,0,70,40.57,4.23,70.4,SSJV,Exeter
2015,5,21,South Exeter,0,0,0,0,70,40.57,4.23,70.4,SSJV,South Exeter
2015,5,21,Tonyville,0,0,0,0,70,40.57,4.23,70.4,SSJV,Tonyville
2015,5,21,West Lindsay,0,0,0,0,70,40.57,4.23,70.4,SSJV,West Lindsay
2015,5,21,Strathmore,0,0,0,0,70,40.57,4.23,70.4,SSJV,Strathmore
2015,5,21,Porterville,2,5,7,0.02,55.61,53.29,3.79,67.26,SSJV,Porterville
2015,5,21,Terra Bella,1,0,1,0.02,55.61,53.29,3.79,67.26,SSJV,Terra Bella
2015,5,21,City of Visalia,8,4,12,0,70,40.57,4.23,70.4,SSJV,City of Visalia
2015,5,28,Woodlake,2,5,7,0.02,63.26,51.71,4.73,68.49,SSJV,Woodlake
2015,5,28,Ivanhoe,12,5,17,0.02,63.26,51.71,4.73,68.49,SSJV,Ivanhoe
2015,5,28,Exeter,0,0,0,0.02,63.26,51.71,4.73,68.49,SSJV,Exeter
2015,5,28,South Exeter,0,0,0,0.02,63.26,51.71,4.73,68.49,SSJV,South Exeter
2015,5,28,Tonyville,0,0,0,0.02,63.26,51.71,4.73,68.49,SSJV,Tonyville
2015,5,28,West Lindsay,1,0,1,0.02,63.26,51.71,4.73,68.49,SSJV,West Lindsay
2015,5,28,Strathmore,0,0,0,0.02,63.26,51.71,4.73,68.49,SSJV,Strathmore
2015,5,28,Porterville,1,3,4,0,62.07,40,3.79,70.46,SSJV,Porterville
2015,5,28,Terra Bella,3,5,8,0,62.07,40,3.79,70.46,SSJV,Terra Bella
2015,5,28,City of Visalia,10,6,16,0.02,63.26,51.71,4.73,68.49,SSJV,City of Visalia
2015,6,4,Woodlake,1,6,7,0,63.54,56.14,4.94,69.76,SSJV,Woodlake
2015,6,4,Ivanhoe,7,7,14,0,63.54,56.14,4.94,69.76,SSJV,Ivanhoe
2015,6,4,Exeter,0,0,0,0,63.54,56.14,4.94,69.76,SSJV,Exeter
2015,6,4,South Exeter,0,1,1,0,63.54,56.14,4.94,69.76,SSJV,South Exeter
2015,6,4,Tonyville,4,4,8,0,63.54,56.14,4.94,69.76,SSJV,Tonyville
2015,6,4,West Lindsay,1,1,2,0,63.54,56.14,4.94,69.76,SSJV,West Lindsay
2015,6,4,Strathmore,0,0,0,0,63.54,56.14,4.94,69.76,SSJV,Strathmore
2015,6,4,Porterville,1,0,1,0,67.31,42.14,4.73,75.97,SSJV,Porterville
2015,6,4,Terra Bella,2,0,2,0,67.31,42.14,4.73,75.97,SSJV,Terra Bella
2015,6,4,City of Visalia,2,1,3,0,63.54,56.14,4.94,69.76,SSJV,City of Visalia
2015,6,11,Woodlake,3,5,8,0,68.56,54.57,4.59,72.66,SSJV,Woodlake
2015,6,11,Ivanhoe,5,12,17,0,68.56,54.57,4.59,72.66,SSJV,Ivanhoe
2015,6,11,Exeter,0,0,0,0,68.56,54.57,4.59,72.66,SSJV,Exeter
2015,6,11,South Exeter,0,0,0,0,68.56,54.57,4.59,72.66,SSJV,South Exeter
2015,6,11,Tonyville,5,2,7,0,68.56,54.57,4.59,72.66,SSJV,Tonyville
2015,6,11,West Lindsay,0,0,0,0,68.56,54.57,4.59,72.66,SSJV,West Lindsay
2015,6,11,Strathmore,0,0,0,0,68.56,54.57,4.59,72.66,SSJV,Strathmore
2015,6,11,Porterville,0,0,0,0.01,68.8,46.71,3.46,75.96,SSJV,Porterville
2015,6,11,Terra Bella,2,1,3,0.01,68.8,46.71,3.46,75.96,SSJV,Terra Bella
2015,6,11,City of Visalia,4,1,5,0,68.56,54.57,4.59,72.66,SSJV,City of Visalia
2015,6,18,Woodlake,3,0,3,0,74.63,42.71,4.89,75.97,SSJV,Woodlake
2015,6,18,Ivanhoe,1,0,1,0,74.63,42.71,4.89,75.97,SSJV,Ivanhoe
2015,6,18,Exeter,0,0,0,0,74.63,42.71,4.89,75.97,SSJV,Exeter
2015,6,18,South Exeter,2,1,3,0,74.63,42.71,4.89,75.97,SSJV,South Exeter
2015,6,18,Tonyville,5,0,5,0,74.63,42.71,4.89,75.97,SSJV,Tonyville
2015,6,18,West Lindsay,0,1,1,0,74.63,42.71,4.89,75.97,SSJV,West Lindsay
2015,6,18,Strathmore,0,0,0,0,74.63,42.71,4.89,75.97,SSJV,Strathmore
2015,6,18,Porterville,0,0,0,0.03,65.21,41.43,4.81,78.7,SSJV,Porterville
2015,6,18,Terra Bella,1,0,1,0.03,65.21,41.43,4.81,78.7,SSJV,Terra Bella
2015,6,18,City of Visalia,2,5,7,0,74.63,42.71,4.89,75.97,SSJV,City of Visalia
2015,6,25,Woodlake,1,0,1,0,77.13,43.29,4.43,78.8,SSJV,Woodlake
2015,6,25,Ivanhoe,1,2,3,0,77.13,43.29,4.43,78.8,SSJV,Ivanhoe
2015,6,25,Exeter,0,0,0,0,77.13,43.29,4.43,78.8,SSJV,Exeter
2015,6,25,South Exeter,2,3,5,0,77.13,43.29,4.43,78.8,SSJV,South Exeter
2015,6,25,Tonyville,0,0,0,0,77.13,43.29,4.43,78.8,SSJV,Tonyville
2015,6,25,West Lindsay,0,0,0,0,77.13,43.29,4.43,78.8,SSJV,West Lindsay
2015,6,25,Strathmore,1,0,1,0,77.13,43.29,4.43,78.8,SSJV,Strathmore
2015,6,25,Porterville,0,0,0,0.04,63.8,47.57,3.89,76.29,SSJV,Porterville
2015,6,25,Terra Bella,0,0,0,0.04,63.8,47.57,3.89,76.29,SSJV,Terra Bella
2015,6,25,City of Visalia,6,13,19,0,77.13,43.29,4.43,78.8,SSJV,City of Visalia
2015,7,3,Woodlake,1,1,2,0,81.31,40.57,4.1,80.66,SSJV,Woodlake
2015,7,3,Ivanhoe,3,1,4,0,81.31,40.57,4.1,80.66,SSJV,Ivanhoe
2015,7,3,Exeter,0,0,0,0,81.31,40.57,4.1,80.66,SSJV,Exeter
2015,7,3,South Exeter,0,0,0,0,81.31,40.57,4.1,80.66,SSJV,South Exeter
2015,7,3,Tonyville,0,0,0,0,81.31,40.57,4.1,80.66,SSJV,Tonyville
2015,7,3,West Lindsay,2,1,3,0,81.31,40.57,4.1,80.66,SSJV,West Lindsay
2015,7,3,Strathmore,0,0,0,0,81.31,40.57,4.1,80.66,SSJV,Strathmore
2015,7,3,Porterville,0,0,0,0.01,64.04,52.71,4.43,75.44,SSJV,Porterville
2015,7,3,Terra Bella,0,1,1,0.01,64.04,52.71,4.43,75.44,SSJV,Terra Bella
2015,7,3,City of Visalia,4,0,4,0,81.31,40.57,4.1,80.66,SSJV,City of Visalia
2015,7,10,Woodlake,2,4,6,0,79.44,30.57,4.49,79.73,SSJV,Woodlake
2015,7,10,Ivanhoe,2,1,3,0,79.44,30.57,4.49,79.73,SSJV,Ivanhoe
2015,7,10,Exeter,0,0,0,0,79.44,30.57,4.49,79.73,SSJV,Exeter
2015,7,10,South Exeter,0,0,0,0,79.44,30.57,4.49,79.73,SSJV,South Exeter
2015,7,10,Tonyville,0,0,0,0,79.44,30.57,4.49,79.73,SSJV,Tonyville
2015,7,10,West Lindsay,0,0,0,0,79.44,30.57,4.49,79.73,SSJV,West Lindsay
2015,7,10,Strathmore,0,0,0,0,79.44,30.57,4.49,79.73,SSJV,Strathmore
2015,7,10,Porterville,0,0,0,0,71.49,46.57,3.43,81.51,SSJV,Porterville
2015,7,10,Terra Bella,0,0,0,0,71.49,46.57,3.43,81.51,SSJV,Terra Bella
2015,7,10,City of Visalia,3,2,5,0,79.44,30.57,4.49,79.73,SSJV,City of Visalia
2015,7,17,Woodlake,1,3,4,0.01,84.11,43.29,3.96,81.43,SSJV,Woodlake
2015,7,17,Ivanhoe,0,0,0,0.01,84.11,43.29,3.96,81.43,SSJV,Ivanhoe
2015,7,17,Exeter,0,0,0,0.01,84.11,43.29,3.96,81.43,SSJV,Exeter
2015,7,17,South Exeter,1,0,1,0.01,84.11,43.29,3.96,81.43,SSJV,South Exeter
2015,7,17,Tonyville,0,1,1,0.01,84.11,43.29,3.96,81.43,SSJV,Tonyville
2015,7,17,West Lindsay,0,0,0,0.01,84.11,43.29,3.96,81.43,SSJV,West Lindsay
2015,7,17,Strathmore,0,0,0,0.01,84.11,43.29,3.96,81.43,SSJV,Strathmore
2015,7,17,Porterville,0,0,0,0,73.57,38.29,4.19,86.24,SSJV,Porterville
2015,7,17,Terra Bella,0,0,0,0,73.57,38.29,4.19,86.24,SSJV,Terra Bella
2015,7,17,City of Visalia,3,8,11,0.01,84.11,43.29,3.96,81.43,SSJV,City of Visalia
2015,7,24,Woodlake,1,0,1,0.01,83.09,43.86,5.27,81.3,SSJV,Woodlake
2015,7,24,Ivanhoe,1,1,2,0.01,83.09,43.86,5.27,81.3,SSJV,Ivanhoe
2015,7,24,Exeter,0,0,0,0.01,83.09,43.86,5.27,81.3,SSJV,Exeter
2015,7,24,South Exeter,0,2,2,0.01,83.09,43.86,5.27,81.3,SSJV,South Exeter
2015,7,24,Tonyville,0,0,0,0.01,83.09,43.86,5.27,81.3,SSJV,Tonyville
2015,7,24,West Lindsay,0,0,0,0.01,83.09,43.86,5.27,81.3,SSJV,West Lindsay
2015,7,24,Strathmore,0,0,0,0.01,83.09,43.86,5.27,81.3,SSJV,Strathmore
2015,7,24,Porterville,0,0,0,0,79.87,43.43,3.6,89.09,SSJV,Porterville
2015,7,24,Terra Bella,0,0,0,0,79.87,43.43,3.6,89.09,SSJV,Terra Bella
2015,7,24,City of Visalia,0,0,0,0.01,83.09,43.86,5.27,81.3,SSJV,City of Visalia
2015,7,31,Woodlake,0,2,2,0.01,76.54,49.86,4.84,78.07,SSJV,Woodlake
2015,7,31,Ivanhoe,1,3,4,0.01,76.54,49.86,4.84,78.07,SSJV,Ivanhoe
2015,7,31,Exeter,0,0,0,0.01,76.54,49.86,4.84,78.07,SSJV,Exeter
2015,7,31,South Exeter,0,0,0,0.01,76.54,49.86,4.84,78.07,SSJV,South Exeter
2015,7,31,Tonyville,0,0,0,0.01,76.54,49.86,4.84,78.07,SSJV,Tonyville
2015,7,31,West Lindsay,0,0,0,0.01,76.54,49.86,4.84,78.07,SSJV,West Lindsay
2015,7,31,Strathmore,0,0,0,0.01,76.54,49.86,4.84,78.07,SSJV,Strathmore
2015,7,31,Porterville,0,0,0,0,81.97,31.71,3.17,75.23,SSJV,Porterville
2015,7,31,Terra Bella,1,0,1,0,81.97,31.71,3.17,75.23,SSJV,Terra Bella
2015,7,31,City of Visalia,0,2,2,0.01,76.54,49.86,4.84,78.07,SSJV,City of Visalia
2015,8,7,Woodlake,2,0,2,0,81.81,46.86,4.6,80.34,SSJV,Woodlake
2015,8,7,Ivanhoe,1,0,1,0,81.81,46.86,4.6,80.34,SSJV,Ivanhoe
2015,8,7,Exeter,0,0,0,0,81.81,46.86,4.6,80.34,SSJV,Exeter
2015,8,7,South Exeter,0,0,0,0,81.81,46.86,4.6,80.34,SSJV,South Exeter
2015,8,7,Tonyville,2,0,2,0,81.81,46.86,4.6,80.34,SSJV,Tonyville
2015,8,7,West Lindsay,1,0,1,0,81.81,46.86,4.6,80.34,SSJV,West Lindsay
2015,8,7,Strathmore,0,0,0,0,81.81,46.86,4.6,80.34,SSJV,Strathmore
2015,8,7,Porterville,0,0,0,0,81.1,30.57,3.31,92,SSJV,Porterville
2015,8,7,Terra Bella,0,0,0,0,81.1,30.57,3.31,92,SSJV,Terra Bella
2015,8,7,City of Visalia,0,1,1,0,81.81,46.86,4.6,80.34,SSJV,City of Visalia
2015,8,14,Woodlake,0,1,1,0,79.8,37,4.3,78.76,SSJV,Woodlake
2015,8,14,Ivanhoe,1,2,3,0,79.8,37,4.3,78.76,SSJV,Ivanhoe
2015,8,14,Exeter,0,0,0,0,79.8,37,4.3,78.76,SSJV,Exeter
2015,8,14,South Exeter,0,1,1,0,79.8,37,4.3,78.76,SSJV,South Exeter
2015,8,14,Tonyville,0,0,0,0,79.8,37,4.3,78.76,SSJV,Tonyville
2015,8,14,West Lindsay,0,0,0,0,79.8,37,4.3,78.76,SSJV,West Lindsay
2015,8,14,Strathmore,0,0,0,0,79.8,37,4.3,78.76,SSJV,Strathmore
2015,8,14,Porterville,0,0,0,0,85.77,36.57,3.54,83.27,SSJV,Porterville
2015,8,14,Terra Bella,1,1,2,0,85.77,36.57,3.54,83.27,SSJV,Terra Bella
2015,8,14,City of Visalia,0,2,2,0,79.8,37,4.3,78.76,SSJV,City of Visalia
2015,8,21,Woodlake,0,2,2,0,81.37,44.71,4.44,79.69,SSJV,Woodlake
2015,8,21,Ivanhoe,0,0,0,0,81.37,44.71,4.44,79.69,SSJV,Ivanhoe
2015,8,21,Exeter,0,0,0,0,81.37,44.71,4.44,79.69,SSJV,Exeter
2015,8,21,South Exeter,0,0,0,0,81.37,44.71,4.44,79.69,SSJV,South Exeter
2015,8,21,Tonyville,2,1,3,0,81.37,44.71,4.44,79.69,SSJV,Tonyville
2015,8,21,West Lindsay,0,0,0,0,81.37,44.71,4.44,79.69,SSJV,West Lindsay
2015,8,21,Strathmore,1,0,1,0,81.37,44.71,4.44,79.69,SSJV,Strathmore
2015,8,21,Porterville,0,0,0,0,78.97,42.57,4.56,81.66,SSJV,Porterville
2015,8,21,Terra Bella,2,0,2,0,78.97,42.57,4.56,81.66,SSJV,Terra Bella
2015,8,21,City of Visalia,2,0,2,0,81.37,44.71,4.44,79.69,SSJV,City of Visalia
2015,8,28,Woodlake,0,0,0,0,78.27,45.71,4.14,78.31,SSJV,Woodlake
2015,8,28,Ivanhoe,1,1,2,0,78.27,45.71,4.14,78.31,SSJV,Ivanhoe
2015,8,28,Exeter,3,0,3,0,78.27,45.71,4.14,78.31,SSJV,Exeter
2015,8,28,South Exeter,1,0,1,0,78.27,45.71,4.14,78.31,SSJV,South Exeter
2015,8,28,Tonyville,0,1,1,0,78.27,45.71,4.14,78.31,SSJV,Tonyville
2015,8,28,West Lindsay,0,1,1,0,78.27,45.71,4.14,78.31,SSJV,West Lindsay
2015,8,28,Strathmore,0,1,1,0,78.27,45.71,4.14,78.31,SSJV,Strathmore
2015,8,28,Porterville,0,0,0,0,79.6,40.29,3.69,80.25,SSJV,Porterville
2015,8,28,Terra Bella,3,1,4,0,79.6,40.29,3.69,80.25,SSJV,Terra Bella
2015,8,28,City of Visalia,1,1,2,0,78.27,45.71,4.14,78.31,SSJV,City of Visalia
2015,9,4,Woodlake,1,2,3,0,81.09,39.71,3.74,78.84,SSJV,Woodlake
2015,9,4,Ivanhoe,1,1,2,0,81.09,39.71,3.74,78.84,SSJV,Ivanhoe
2015,9,4,Exeter,0,0,0,0,81.09,39.71,3.74,78.84,SSJV,Exeter
2015,9,4,South Exeter,2,0,2,0,81.09,39.71,3.74,78.84,SSJV,South Exeter
2015,9,4,Tonyville,2,1,3,0,81.09,39.71,3.74,78.84,SSJV,Tonyville
2015,9,4,West Lindsay,0,0,0,0,81.09,39.71,3.74,78.84,SSJV,West Lindsay
2015,9,4,Strathmore,1,0,1,0,81.09,39.71,3.74,78.84,SSJV,Strathmore
2015,9,4,Porterville,0,0,0,0,81.27,42.86,4.11,83.27,SSJV,Porterville
2015,9,4,Terra Bella,2,2,4,0,81.27,42.86,4.11,83.27,SSJV,Terra Bella
2015,9,4,City of Visalia,1,1,2,0,81.09,39.71,3.74,78.84,SSJV,City of Visalia
2015,9,11,Woodlake,0,0,0,0,79.37,44.71,3.5,78.46,SSJV,Woodlake
2015,9,11,Ivanhoe,4,1,5,0,79.37,44.71,3.5,78.46,SSJV,Ivanhoe
2015,9,11,Exeter,2,1,3,0,79.37,44.71,3.5,78.46,SSJV,Exeter
2015,9,11,South Exeter,0,1,1,0,79.37,44.71,3.5,78.46,SSJV,South Exeter
2015,9,11,Tonyville,6,1,7,0,79.37,44.71,3.5,78.46,SSJV,Tonyville
2015,9,11,West Lindsay,0,0,0,0,79.37,44.71,3.5,78.46,SSJV,West Lindsay
2015,9,11,Strathmore,0,0,0,0,79.37,44.71,3.5,78.46,SSJV,Strathmore
2015,9,11,Porterville,0,0,0,0,83.99,31,3.69,80.25,SSJV,Porterville
2015,9,11,Terra Bella,1,1,2,0,83.99,31,3.69,80.25,SSJV,Terra Bella
2015,9,11,City of Visalia,2,2,4,0,79.37,44.71,3.5,78.46,SSJV,City of Visalia
2015,9,18,Woodlake,0,3,3,0,79.5,39.86,4.4,77.46,SSJV,Woodlake
2015,9,18,Ivanhoe,3,1,4,0,79.5,39.86,4.4,77.46,SSJV,Ivanhoe
2015,9,18,Exeter,2,0,2,0,79.5,39.86,4.4,77.46,SSJV,Exeter
2015,9,18,South Exeter,0,0,0,0,79.5,39.86,4.4,77.46,SSJV,South Exeter
2015,9,18,Tonyville,1,2,3,0,79.5,39.86,4.4,77.46,SSJV,Tonyville
2015,9,18,West Lindsay,1,0,1,0,79.5,39.86,4.4,77.46,SSJV,West Lindsay
2015,9,18,Strathmore,2,0,2,0,79.5,39.86,4.4,77.46,SSJV,Strathmore
2015,9,18,Porterville,1,0,1,0,79.54,42.43,3.69,81.66,SSJV,Porterville
2015,9,18,Terra Bella,2,3,5,0,79.54,42.43,3.69,81.66,SSJV,Terra Bella
2015,9,18,City of Visalia,3,0,3,0,79.5,39.86,4.4,77.46,SSJV,City of Visalia
2015,9,25,Woodlake,4,4,8,0,72.91,42.29,3.61,73.41,SSJV,Woodlake
2015,9,25,Ivanhoe,1,2,3,0,72.91,42.29,3.61,73.41,SSJV,Ivanhoe
2015,9,25,Exeter,2,4,6,0,72.91,42.29,3.61,73.41,SSJV,Exeter
2015,9,25,South Exeter,1,1,2,0,72.91,42.29,3.61,73.41,SSJV,South Exeter
2015,9,25,Tonyville,2,0,2,0,72.91,42.29,3.61,73.41,SSJV,Tonyville
2015,9,25,West Lindsay,0,0,0,0,72.91,42.29,3.61,73.41,SSJV,West Lindsay
2015,9,25,Strathmore,1,0,1,0,72.91,42.29,3.61,73.41,SSJV,Strathmore
2015,9,25,Porterville,8,3,11,0,78.59,39,3.44,83.27,SSJV,Porterville
2015,9,25,Terra Bella,0,0,0,0,78.59,39,3.44,83.27,SSJV,Terra Bella
2015,9,25,City of Visalia,1,1,2,0,72.91,42.29,3.61,73.41,SSJV,City of Visalia
2015,10,2,Woodlake,14,5,19,0,77,45.86,4.09,75.09,SSJV,Woodlake
2015,10,2,Ivanhoe,1,0,1,0,77,45.86,4.09,75.09,SSJV,Ivanhoe
2015,10,2,Exeter,1,0,1,0,77,45.86,4.09,75.09,SSJV,Exeter
2015,10,2,South Exeter,1,0,1,0,77,45.86,4.09,75.09,SSJV,South Exeter
2015,10,2,Tonyville,3,2,5,0,77,45.86,4.09,75.09,SSJV,Tonyville
2015,10,2,West Lindsay,1,0,1,0,77,45.86,4.09,75.09,SSJV,West Lindsay
2015,10,2,Strathmore,1,0,1,0,77,45.86,4.09,75.09,SSJV,Strathmore
2015,10,2,Porterville,2,0,2,0,82.54,35.14,3.19,79.44,SSJV,Porterville
2015,10,2,Terra Bella,0,1,1,0,82.54,35.14,3.19,79.44,SSJV,Terra Bella
2015,10,2,City of Visalia,2,1,3,0,77,45.86,4.09,75.09,SSJV,City of Visalia
2015,10,9,Woodlake,6,2,8,0,74,44.86,3.4,74.19,SSJV,Woodlake
2015,10,9,Ivanhoe,1,0,1,0,74,44.86,3.4,74.19,SSJV,Ivanhoe
2015,10,9,Exeter,0,0,0,0,74,44.86,3.4,74.19,SSJV,Exeter
2015,10,9,South Exeter,0,0,0,0,74,44.86,3.4,74.19,SSJV,South Exeter
2015,10,9,Tonyville,5,0,5,0,74,44.86,3.4,74.19,SSJV,Tonyville
2015,10,9,West Lindsay,0,0,0,0,74,44.86,3.4,74.19,SSJV,West Lindsay
2015,10,9,Strathmore,2,0,2,0,74,44.86,3.4,74.19,SSJV,Strathmore
2015,10,9,Porterville,0,0,0,0,81.47,38.86,2.94,83.27,SSJV,Porterville
2015,10,9,Terra Bella,0,0,0,0,81.47,38.86,2.94,83.27,SSJV,Terra Bella
2015,10,9,City of Visalia,1,1,2,0,74,44.86,3.4,74.19,SSJV,City of Visalia
2015,10,16,Woodlake,6,3,9,0,73.9,48.71,3.46,73.2,SSJV,Woodlake
2015,10,16,Ivanhoe,2,1,3,0,73.9,48.71,3.46,73.2,SSJV,Ivanhoe
2015,10,16,Exeter,3,0,3,0,73.9,48.71,3.46,73.2,SSJV,Exeter
2015,10,16,South Exeter,3,1,4,0,73.9,48.71,3.46,73.2,SSJV,South Exeter
2015,10,16,Tonyville,3,1,4,0,73.9,48.71,3.46,73.2,SSJV,Tonyville
2015,10,16,West Lindsay,0,0,0,0,73.9,48.71,3.46,73.2,SSJV,West Lindsay
2015,10,16,Strathmore,0,2,2,0,73.9,48.71,3.46,73.2,SSJV,Strathmore
2015,10,16,Porterville,1,0,1,0,76.23,40.29,3.53,87.6,SSJV,Porterville
2015,10,16,Terra Bella,2,3,5,0,76.23,40.29,3.53,87.6,SSJV,Terra Bella
2015,10,16,City of Visalia,13,2,15,0,73.9,48.71,3.46,73.2,SSJV,City of Visalia
2015,10,23,Woodlake,0,4,4,0,67.09,61.57,3.83,70.47,SSJV,Woodlake
2015,10,23,Ivanhoe,0,3,3,0,67.09,61.57,3.83,70.47,SSJV,Ivanhoe
2015,10,23,Exeter,2,7,9,0,67.09,61.57,3.83,70.47,SSJV,Exeter
2015,10,23,South Exeter,6,5,11,0,67.09,61.57,3.83,70.47,SSJV,South Exeter
2015,10,23,Tonyville,7,2,9,0,67.09,61.57,3.83,70.47,SSJV,Tonyville
2015,10,23,West Lindsay,0,0,0,0,67.09,61.57,3.83,70.47,SSJV,West Lindsay
2015,10,23,Strathmore,7,2,9,0,67.09,61.57,3.83,70.47,SSJV,Strathmore
2015,10,23,Porterville,1,0,1,0,79.37,33,2.84,85.53,SSJV,Porterville
2015,10,23,Terra Bella,0,0,0,0,79.37,33,2.84,85.53,SSJV,Terra Bella
2015,10,23,City of Visalia,6,3,9,0,67.09,61.57,3.83,70.47,SSJV,City of Visalia
2015,10,30,Woodlake,1,0,1,0,74.17,55.86,2.83,72.69,SSJV,Woodlake
2015,10,30,Ivanhoe,0,0,0,0,74.17,55.86,2.83,72.69,SSJV,Ivanhoe
2015,10,30,Exeter,1,1,2,0,74.17,55.86,2.83,72.69,SSJV,Exeter
2015,10,30,South Exeter,1,2,3,0,74.17,55.86,2.83,72.69,SSJV,South Exeter
2015,10,30,Tonyville,8,1,9,0,74.17,55.86,2.83,72.69,SSJV,Tonyville
2015,10,30,West Lindsay,0,0,0,0,74.17,55.86,2.83,72.69,SSJV,West Lindsay
2015,10,30,Strathmore,3,1,4,0,74.17,55.86,2.83,72.69,SSJV,Strathmore
2015,10,30,Porterville,0,0,0,0,74.04,44.86,3.3,83.85,SSJV,Porterville
2015,10,30,Terra Bella,2,1,3,0,74.04,44.86,3.3,83.85,SSJV,Terra Bella
2015,10,30,City of Visalia,26,10,36,0,74.17,55.86,2.83,72.69,SSJV,City of Visalia
2015,11,6,Woodlake,1,0,1,0.02,67.31,72.29,3.5,71.81,SSJV,Woodlake
2015,11,6,Ivanhoe,1,0,1,0.02,67.31,72.29,3.5,71.81,SSJV,Ivanhoe
2015,11,6,Exeter,1,1,2,0.02,67.31,72.29,3.5,71.81,SSJV,Exeter
2015,11,6,South Exeter,0,0,0,0.02,67.31,72.29,3.5,71.81,SSJV,South Exeter
2015,11,6,Tonyville,8,3,11,0.02,67.31,72.29,3.5,71.81,SSJV,Tonyville
2015,11,6,West Lindsay,3,1,4,0.02,67.31,72.29,3.5,71.81,SSJV,West Lindsay
2015,11,6,Strathmore,10,1,11,0.02,67.31,72.29,3.5,71.81,SSJV,Strathmore
2015,11,6,Porterville,3,2,5,0,77.89,37.29,2.84,85.18,SSJV,Porterville
2015,11,6,Terra Bella,5,1,6,0,77.89,37.29,2.84,85.18,SSJV,Terra Bella
2015,11,6,City of Visalia,5,5,10,0.02,67.31,72.29,3.5,71.81,SSJV,City of Visalia
2015,11,13,Woodlake,13,7,20,0,65.31,62.57,3.17,67.53,SSJV,Woodlake
2015,11,13,Ivanhoe,7,2,9,0,65.31,62.57,3.17,67.53,SSJV,Ivanhoe
2015,11,13,Exeter,0,0,0,0,65.31,62.57,3.17,67.53,SSJV,Exeter
2015,11,13,South Exeter,0,0,0,0,65.31,62.57,3.17,67.53,SSJV,South Exeter
2015,11,13,Tonyville,4,2,6,0,65.31,62.57,3.17,67.53,SSJV,Tonyville
2015,11,13,West Lindsay,0,0,0,0,65.31,62.57,3.17,67.53,SSJV,West Lindsay
2015,11,13,Strathmore,26,3,29,0,65.31,62.57,3.17,67.53,SSJV,Strathmore
2015,11,13,Porterville,3,0,3,0,72.99,44.29,3.09,83.5,SSJV,Porterville
2015,11,13,Terra Bella,9,3,12,0,72.99,44.29,3.09,83.5,SSJV,Terra Bella
2015,11,13,City of Visalia,2,1,3,0,65.31,62.57,3.17,67.53,SSJV,City of Visalia
2015,11,20,Woodlake,3,8,11,0.09,57.41,74.57,3.01,63.83,SSJV,Woodlake
2015,11,20,Ivanhoe,1,4,5,0.09,57.41,74.57,3.01,63.83,SSJV,Ivanhoe
2015,11,20,Exeter,0,0,0,0.09,57.41,74.57,3.01,63.83,SSJV,Exeter
2015,11,20,South Exeter,0,0,0,0.09,57.41,74.57,3.01,63.83,SSJV,South Exeter
2015,11,20,Tonyville,13,1,14,0.09,57.41,74.57,3.01,63.83,SSJV,Tonyville
2015,11,20,West Lindsay,2,0,2,0.09,57.41,74.57,3.01,63.83,SSJV,West Lindsay
2015,11,20,Strathmore,27,3,30,0.09,57.41,74.57,3.01,63.83,SSJV,Strathmore
2015,11,20,Porterville,3,0,3,0.02,68.79,57,2.94,77.63,SSJV,Porterville
2015,11,20,Terra Bella,9,3,12,0.02,68.79,57,2.94,77.63,SSJV,Terra Bella
2015,11,20,City of Visalia,1,3,4,0.09,57.41,74.57,3.01,63.83,SSJV,City of Visalia
2015,11,27,Woodlake,3,7,10,0.02,50.73,76.71,2.99,58.5,SSJV,Woodlake
2015,11,27,Ivanhoe,2,10,12,0.02,50.73,76.71,2.99,58.5,SSJV,Ivanhoe
2015,11,27,Exeter,0,0,0,0.02,50.73,76.71,2.99,58.5,SSJV,Exeter
2015,11,27,South Exeter,0,0,0,0.02,50.73,76.71,2.99,58.5,SSJV,South Exeter
2015,11,27,Tonyville,11,3,14,0.02,50.73,76.71,2.99,58.5,SSJV,Tonyville
2015,11,27,West Lindsay,7,0,7,0.02,50.73,76.71,2.99,58.5,SSJV,West Lindsay
2015,11,27,Strathmore,29,3,32,0.02,50.73,76.71,2.99,58.5,SSJV,Strathmore
2015,11,27,Porterville,2,1,3,0.14,73.29,59.43,2.44,79.32,SSJV,Porterville
2015,11,27,Terra Bella,11,2,13,0.14,73.29,59.43,2.44,79.32,SSJV,Terra Bella
2015,11,27,City of Visalia,2,7,9,0.02,50.73,76.71,2.99,58.5,SSJV,City of Visalia
2016,4,8,Woodlake,62,22,84,0.22,56.54,77.29,4.39,59.91,SSJV,Woodlake
2016,4,8,Ivanhoe,15,5,20,0.22,56.54,77.29,4.39,59.91,SSJV,Ivanhoe
2016,4,8,Exeter,19,7,26,0.22,56.54,77.29,4.39,59.91,SSJV,Exeter
2016,4,8,South Exeter,35,15,50,0.22,56.54,77.29,4.39,59.91,SSJV,South Exeter
2016,4,8,Tonyville,71,13,84,0.22,56.54,77.29,4.39,59.91,SSJV,Tonyville
2016,4,8,West Lindsay,13,5,18,0.22,56.54,77.29,4.39,59.91,SSJV,West Lindsay
2016,4,8,Strathmore,7,1,8,0.22,56.54,77.29,4.39,59.91,SSJV,Strathmore
2016,4,8,Porterville,6,0,6,0,52.53,76.29,2.71,52.19,SSJV,Porterville
2016,4,8,Terra Bella,6,0,6,0,52.53,76.29,2.71,52.19,SSJV,Terra Bella
2016,4,8,City of Visalia,13,7,20,0.22,56.54,77.29,4.39,59.91,SSJV,City of Visalia
2016,4,15,Woodlake,32,9,41,0.1,55.44,78.14,3.8,59.4,SSJV,Woodlake
2016,4,15,Ivanhoe,13,2,15,0.1,55.44,78.14,3.8,59.4,SSJV,Ivanhoe
2016,4,15,Exeter,26,11,37,0.1,55.44,78.14,3.8,59.4,SSJV,Exeter
2016,4,15,South Exeter,37,5,42,0.1,55.44,78.14,3.8,59.4,SSJV,South Exeter
2016,4,15,Tonyville,52,7,59,0.1,55.44,78.14,3.8,59.4,SSJV,Tonyville
2016,4,15,West Lindsay,25,3,28,0.1,55.44,78.14,3.8,59.4,SSJV,West Lindsay
2016,4,15,Strathmore,17,4,21,0.1,55.44,78.14,3.8,59.4,SSJV,Strathmore
2016,4,15,Porterville,14,2,16,0.01,54.74,72.29,3.24,56.27,SSJV,Porterville
2016,4,15,Terra Bella,16,3,19,0.01,54.74,72.29,3.24,56.27,SSJV,Terra Bella
2016,4,15,City of Visalia,19,1,20,0.1,55.44,78.14,3.8,59.4,SSJV,City of Visalia
2016,4,22,Woodlake,6,3,9,0,59.37,70,4.09,62.63,SSJV,Woodlake
2016,4,22,Ivanhoe,3,2,5,0,59.37,70,4.09,62.63,SSJV,Ivanhoe
2016,4,22,Exeter,10,3,13,0,59.37,70,4.09,62.63,SSJV,Exeter
2016,4,22,South Exeter,28,4,32,0,59.37,70,4.09,62.63,SSJV,South Exeter
2016,4,22,Tonyville,17,3,20,0,59.37,70,4.09,62.63,SSJV,Tonyville
2016,4,22,West Lindsay,8,2,10,0,59.37,70,4.09,62.63,SSJV,West Lindsay
2016,4,22,Strathmore,9,3,12,0,59.37,70,4.09,62.63,SSJV,Strathmore
2016,4,22,Porterville,4,1,5,0,53.54,69.86,2.67,56.8,SSJV,Porterville
2016,4,22,Terra Bella,9,1,10,0,53.54,69.86,2.67,56.8,SSJV,Terra Bella
2016,4,22,City of Visalia,20,10,30,0,59.37,70,4.09,62.63,SSJV,City of Visalia
2016,4,29,Woodlake,8,3,11,0,57.17,61,4.27,62.13,SSJV,Woodlake
2016,4,29,Ivanhoe,4,1,5,0,57.17,61,4.27,62.13,SSJV,Ivanhoe
2016,4,29,Exeter,6,1,7,0,57.17,61,4.27,62.13,SSJV,Exeter
2016,4,29,South Exeter,6,3,9,0,57.17,61,4.27,62.13,SSJV,South Exeter
2016,4,29,Tonyville,6,3,9,0,57.17,61,4.27,62.13,SSJV,Tonyville
2016,4,29,West Lindsay,6,2,8,0,57.17,61,4.27,62.13,SSJV,West Lindsay
2016,4,29,Strathmore,5,1,6,0,57.17,61,4.27,62.13,SSJV,Strathmore
2016,4,29,Porterville,2,2,4,0,58.11,67.86,2.96,61.21,SSJV,Porterville
2016,4,29,Terra Bella,2,1,3,0,58.11,67.86,2.96,61.21,SSJV,Terra Bella
2016,4,29,City of Visalia,10,4,14,0,57.17,61,4.27,62.13,SSJV,City of Visalia
2016,5,6,Woodlake,0,1,1,0,64.84,56.71,3.39,65.81,SSJV,Woodlake
2016,5,6,Ivanhoe,0,1,1,0,64.84,56.71,3.39,65.81,SSJV,Ivanhoe
2016,5,6,Exeter,5,1,6,0,64.84,56.71,3.39,65.81,SSJV,Exeter
2016,5,6,South Exeter,3,1,4,0,64.84,56.71,3.39,65.81,SSJV,South Exeter
2016,5,6,Tonyville,4,2,6,0,64.84,56.71,3.39,65.81,SSJV,Tonyville
2016,5,6,West Lindsay,2,1,3,0,64.84,56.71,3.39,65.81,SSJV,West Lindsay
2016,5,6,Strathmore,5,0,5,0,64.84,56.71,3.39,65.81,SSJV,Strathmore
2016,5,6,Porterville,0,2,2,0.09,55.71,71,3.61,60.83,SSJV,Porterville
2016,5,6,Terra Bella,1,3,4,0.09,55.71,71,3.61,60.83,SSJV,Terra Bella
2016,5,6,City of Visalia,4,2,6,0,64.84,56.71,3.39,65.81,SSJV,City of Visalia
2016,5,13,Woodlake,4,1,5,0.08,63.3,70,4.37,67.46,SSJV,Woodlake
2016,5,13,Ivanhoe,2,0,2,0.08,63.3,70,4.37,67.46,SSJV,Ivanhoe
2016,5,13,Exeter,3,0,3,0.08,63.3,70,4.37,67.46,SSJV,Exeter
2016,5,13,South Exeter,0,0,0,0.08,63.3,70,4.37,67.46,SSJV,South Exeter
2016,5,13,Tonyville,25,9,34,0.08,63.3,70,4.37,67.46,SSJV,Tonyville
2016,5,13,West Lindsay,2,2,4,0.08,63.3,70,4.37,67.46,SSJV,West Lindsay
2016,5,13,Strathmore,1,0,1,0.08,63.3,70,4.37,67.46,SSJV,Strathmore
2016,5,13,Porterville,1,0,1,0.01,56.27,70.71,2.91,60.84,SSJV,Porterville
2016,5,13,Terra Bella,8,5,13,0.01,56.27,70.71,2.91,60.84,SSJV,Terra Bella
2016,5,13,City of Visalia,8,2,10,0.08,63.3,70,4.37,67.46,SSJV,City of Visalia
2016,5,20,Woodlake,2,2,4,0,65.99,46.86,4.33,69.06,SSJV,Woodlake
2016,5,20,Ivanhoe,0,0,0,0,65.99,46.86,4.33,69.06,SSJV,Ivanhoe
2016,5,20,Exeter,6,4,10,0,65.99,46.86,4.33,69.06,SSJV,Exeter
2016,5,20,South Exeter,0,1,1,0,65.99,46.86,4.33,69.06,SSJV,South Exeter
2016,5,20,Tonyville,25,3,28,0,65.99,46.86,4.33,69.06,SSJV,Tonyville
2016,5,20,West Lindsay,2,1,3,0,65.99,46.86,4.33,69.06,SSJV,West Lindsay
2016,5,20,Strathmore,3,3,6,0,65.99,46.86,4.33,69.06,SSJV,Strathmore
2016,5,20,Porterville,3,0,3,0,58.8,62.14,3.79,65.1,SSJV,Porterville
2016,5,20,Terra Bella,7,2,9,0,58.8,62.14,3.79,65.1,SSJV,Terra Bella
2016,5,20,City of Visalia,54,25,79,0,65.99,46.86,4.33,69.06,SSJV,City of Visalia
2016,5,27,Woodlake,11,8,19,0.02,60.37,56.43,5.4,66.86,SSJV,Woodlake
2016,5,27,Ivanhoe,4,2,6,0.02,60.37,56.43,5.4,66.86,SSJV,Ivanhoe
2016,5,27,Exeter,0,1,1,0.02,60.37,56.43,5.4,66.86,SSJV,Exeter
2016,5,27,South Exeter,3,0,3,0.02,60.37,56.43,5.4,66.86,SSJV,South Exeter
2016,5,27,Tonyville,17,7,24,0.02,60.37,56.43,5.4,66.86,SSJV,Tonyville
2016,5,27,West Lindsay,3,2,5,0.02,60.37,56.43,5.4,66.86,SSJV,West Lindsay
2016,5,27,Strathmore,5,0,5,0.02,60.37,56.43,5.4,66.86,SSJV,Strathmore
2016,5,27,Porterville,0,0,0,0,58.13,50.71,3.74,66.21,SSJV,Porterville
2016,5,27,Terra Bella,3,1,4,0,58.13,50.71,3.74,66.21,SSJV,Terra Bella
2016,5,27,City of Visalia,26,7,33,0.02,60.37,56.43,5.4,66.86,SSJV,City of Visalia
2016,6,3,Woodlake,5,2,7,0,66.7,52.14,3.5,67.44,SSJV,Woodlake
2016,6,3,Ivanhoe,2,2,4,0,66.7,52.14,3.5,67.44,SSJV,Ivanhoe
2016,6,3,Exeter,3,0,3,0,66.7,52.14,3.5,67.44,SSJV,Exeter
2016,6,3,South Exeter,8,1,9,0,66.7,52.14,3.5,67.44,SSJV,South Exeter
2016,6,3,Tonyville,10,1,11,0,66.7,52.14,3.5,67.44,SSJV,Tonyville
2016,6,3,West Lindsay,3,5,8,0,66.7,52.14,3.5,67.44,SSJV,West Lindsay
2016,6,3,Strathmore,2,0,2,0,66.7,52.14,3.5,67.44,SSJV,Strathmore
2016,6,3,Porterville,0,0,0,0.04,66.04,53.14,3.41,71.3,SSJV,Porterville
2016,6,3,Terra Bella,3,0,3,0.04,66.04,53.14,3.41,71.3,SSJV,Terra Bella
2016,6,3,City of Visalia,14,6,20,0,66.7,52.14,3.5,67.44,SSJV,City of Visalia
2016,6,10,Woodlake,1,0,1,0.08,66.27,65,3.3,69.3,SSJV,Woodlake
2016,6,10,Ivanhoe,12,7,19,0.08,66.27,65,3.3,69.3,SSJV,Ivanhoe
2016,6,10,Exeter,3,1,4,0.08,66.27,65,3.3,69.3,SSJV,Exeter
2016,6,10,South Exeter,4,3,7,0.08,66.27,65,3.3,69.3,SSJV,South Exeter
2016,6,10,Tonyville,7,1,8,0.08,66.27,65,3.3,69.3,SSJV,Tonyville
2016,6,10,West Lindsay,2,1,3,0.08,66.27,65,3.3,69.3,SSJV,West Lindsay
2016,6,10,Strathmore,3,1,4,0.08,66.27,65,3.3,69.3,SSJV,Strathmore
2016,6,10,Porterville,0,0,0,0.01,61.19,63.86,4.06,70.94,SSJV,Porterville
2016,6,10,Terra Bella,3,1,4,0.01,61.19,63.86,4.06,70.94,SSJV,Terra Bella
2016,6,10,City of Visalia,1,0,1,0.08,66.27,65,3.3,69.3,SSJV,City of Visalia
2016,6,17,Woodlake,13,9,22,0,72.93,46.71,4.53,74.21,SSJV,Woodlake
2016,6,17,Ivanhoe,14,9,23,0,72.93,46.71,4.53,74.21,SSJV,Ivanhoe
2016,6,17,Exeter,16,6,22,0,72.93,46.71,4.53,74.21,SSJV,Exeter
2016,6,17,South Exeter,36,6,42,0,72.93,46.71,4.53,74.21,SSJV,South Exeter
2016,6,17,Tonyville,9,5,14,0,72.93,46.71,4.53,74.21,SSJV,Tonyville
2016,6,17,West Lindsay,14,3,17,0,72.93,46.71,4.53,74.21,SSJV,West Lindsay
2016,6,17,Strathmore,22,4,26,0,72.93,46.71,4.53,74.21,SSJV,Strathmore
2016,6,17,Porterville,1,0,1,0,66,40.57,3.6,73.37,SSJV,Porterville
2016,6,17,Terra Bella,10,2,12,0,66,40.57,3.6,73.37,SSJV,Terra Bella
2016,6,17,City of Visalia,23,5,28,0,72.93,46.71,4.53,74.21,SSJV,City of Visalia
2016,6,24,Woodlake,27,13,40,0,65.04,48,5.01,73.77,SSJV,Woodlake
2016,6,24,Ivanhoe,7,1,8,0,65.04,48,5.01,73.77,SSJV,Ivanhoe
2016,6,24,Exeter,4,3,7,0,65.04,48,5.01,73.77,SSJV,Exeter
2016,6,24,South Exeter,36,5,41,0,65.04,48,5.01,73.77,SSJV,South Exeter
2016,6,24,Tonyville,24,5,29,0,65.04,48,5.01,73.77,SSJV,Tonyville
2016,6,24,West Lindsay,14,2,16,0,65.04,48,5.01,73.77,SSJV,West Lindsay
2016,6,24,Strathmore,23,6,29,0,65.04,48,5.01,73.77,SSJV,Strathmore
2016,6,24,Porterville,16,5,21,0,59.64,50.86,3.2,70.63,SSJV,Porterville
2016,6,24,Terra Bella,16,4,20,0,59.64,50.86,3.2,70.63,SSJV,Terra Bella
2016,6,24,City of Visalia,28,8,36,0,65.04,48,5.01,73.77,SSJV,City of Visalia
2016,7,1,Woodlake,27,1,28,0,77.91,38.86,3.99,78.83,SSJV,Woodlake
2016,7,1,Ivanhoe,7,3,10,0,77.91,38.86,3.99,78.83,SSJV,Ivanhoe
2016,7,1,Exeter,4,0,4,0,77.91,38.86,3.99,78.83,SSJV,Exeter
2016,7,1,South Exeter,36,0,36,0,77.91,38.86,3.99,78.83,SSJV,South Exeter
2016,7,1,Tonyville,24,1,25,0,77.91,38.86,3.99,78.83,SSJV,Tonyville
2016,7,1,West Lindsay,14,1,15,0,77.91,38.86,3.99,78.83,SSJV,West Lindsay
2016,7,1,Strathmore,23,3,26,0,77.91,38.86,3.99,78.83,SSJV,Strathmore
2016,7,1,Porterville,16,1,17,0.05,66.66,50,3.93,74.5,SSJV,Porterville
2016,7,1,Terra Bella,16,0,16,0.05,66.66,50,3.93,74.5,SSJV,Terra Bella
2016,7,1,City of Visalia,28,2,30,0,77.91,38.86,3.99,78.83,SSJV,City of Visalia
2016,7,8,Woodlake,0,1,1,0,81.59,37.43,3.91,78.69,SSJV,Woodlake
2016,7,8,Ivanhoe,1,0,1,0,81.59,37.43,3.91,78.69,SSJV,Ivanhoe
2016,7,8,Exeter,0,0,0,0,81.59,37.43,3.91,78.69,SSJV,Exeter
2016,7,8,South Exeter,0,0,0,0,81.59,37.43,3.91,78.69,SSJV,South Exeter
2016,7,8,Tonyville,1,0,1,0,81.59,37.43,3.91,78.69,SSJV,Tonyville
2016,7,8,West Lindsay,0,0,0,0,81.59,37.43,3.91,78.69,SSJV,West Lindsay
2016,7,8,Strathmore,0,0,0,0,81.59,37.43,3.91,78.69,SSJV,Strathmore
2016,7,8,Porterville,0,0,0,0,70.84,52.29,3.59,77.24,SSJV,Porterville
2016,7,8,Terra Bella,1,0,1,0,70.84,52.29,3.59,77.24,SSJV,Terra Bella
2016,7,8,City of Visalia,2,2,4,0,81.59,37.43,3.91,78.69,SSJV,City of Visalia
2016,7,15,Woodlake,4,3,7,0,72.53,40.86,4.81,76.31,SSJV,Woodlake
2016,7,15,Ivanhoe,4,3,7,0,72.53,40.86,4.81,76.31,SSJV,Ivanhoe
2016,7,15,Exeter,2,0,2,0,72.53,40.86,4.81,76.31,SSJV,Exeter
2016,7,15,South Exeter,0,0,0,0,72.53,40.86,4.81,76.31,SSJV,South Exeter
2016,7,15,Tonyville,2,4,6,0,72.53,40.86,4.81,76.31,SSJV,Tonyville
2016,7,15,West Lindsay,3,0,3,0,72.53,40.86,4.81,76.31,SSJV,West Lindsay
2016,7,15,Strathmore,1,0,1,0,72.53,40.86,4.81,76.31,SSJV,Strathmore
2016,7,15,Porterville,3,0,3,0,70.69,42.71,4.57,79.74,SSJV,Porterville
2016,7,15,Terra Bella,1,0,1,0,70.69,42.71,4.57,79.74,SSJV,Terra Bella
2016,7,15,City of Visalia,9,4,13,0,72.53,40.86,4.81,76.31,SSJV,City of Visalia
2016,7,22,Woodlake,1,2,3,0,76.43,40.57,3.69,75.73,SSJV,Woodlake
2016,7,22,Ivanhoe,0,0,0,0,76.43,40.57,3.69,75.73,SSJV,Ivanhoe
2016,7,22,Exeter,0,0,0,0,76.43,40.57,3.69,75.73,SSJV,Exeter
2016,7,22,South Exeter,0,0,0,0,76.43,40.57,3.69,75.73,SSJV,South Exeter
2016,7,22,Tonyville,1,0,1,0,76.43,40.57,3.69,75.73,SSJV,Tonyville
2016,7,22,West Lindsay,1,0,1,0,76.43,40.57,3.69,75.73,SSJV,West Lindsay
2016,7,22,Strathmore,0,0,0,0,76.43,40.57,3.69,75.73,SSJV,Strathmore
2016,7,22,Porterville,0,0,0,0,66.44,46.57,4.41,76.77,SSJV,Porterville
2016,7,22,Terra Bella,0,0,0,0,66.44,46.57,4.41,76.77,SSJV,Terra Bella
2016,7,22,City of Visalia,1,0,1,0,76.43,40.57,3.69,75.73,SSJV,City of Visalia
2016,7,29,Woodlake,1,0,1,0,82.2,35.86,3.83,79.14,SSJV,Woodlake
2016,7,29,Ivanhoe,0,0,0,0,82.2,35.86,3.83,79.14,SSJV,Ivanhoe
2016,7,29,Exeter,1,0,1,0,82.2,35.86,3.83,79.14,SSJV,Exeter
2016,7,29,South Exeter,0,0,0,0,82.2,35.86,3.83,79.14,SSJV,South Exeter
2016,7,29,Tonyville,0,0,0,0,82.2,35.86,3.83,79.14,SSJV,Tonyville
2016,7,29,West Lindsay,0,0,0,0,82.2,35.86,3.83,79.14,SSJV,West Lindsay
2016,7,29,Strathmore,0,0,0,0,82.2,35.86,3.83,79.14,SSJV,Strathmore
2016,7,29,Porterville,0,0,0,0,79.47,36.29,3.39,83.51,SSJV,Porterville
2016,7,29,Terra Bella,0,0,0,0,79.47,36.29,3.39,83.51,SSJV,Terra Bella
2016,7,29,City of Visalia,0,0,0,0,82.2,35.86,3.83,79.14,SSJV,City of Visalia
2016,8,5,Woodlake,0,0,0,0,81.09,39,3.84,80.01,SSJV,Woodlake
2016,8,5,Ivanhoe,0,0,0,0,81.09,39,3.84,80.01,SSJV,Ivanhoe
2016,8,5,Exeter,0,0,0,0,81.09,39,3.84,80.01,SSJV,Exeter
2016,8,5,South Exeter,0,0,0,0,81.09,39,3.84,80.01,SSJV,South Exeter
2016,8,5,Tonyville,1,0,1,0,81.09,39,3.84,80.01,SSJV,Tonyville
2016,8,5,West Lindsay,5,0,5,0,81.09,39,3.84,80.01,SSJV,West Lindsay
2016,8,5,Strathmore,0,0,0,0,81.09,39,3.84,80.01,SSJV,Strathmore
2016,8,5,Porterville,0,0,0,0,79.91,35.43,3.49,87.73,SSJV,Porterville
2016,8,5,Terra Bella,0,0,0,0,79.91,35.43,3.49,87.73,SSJV,Terra Bella
2016,8,5,City of Visalia,0,0,0,0,81.09,39,3.84,80.01,SSJV,City of Visalia
2016,8,12,Woodlake,5,2,7,0,77.17,38.57,4.17,77.94,SSJV,Woodlake
2016,8,12,Ivanhoe,2,0,2,0,77.17,38.57,4.17,77.94,SSJV,Ivanhoe
2016,8,12,Exeter,0,0,0,0,77.17,38.57,4.17,77.94,SSJV,Exeter
2016,8,12,South Exeter,0,0,0,0,77.17,38.57,4.17,77.94,SSJV,South Exeter
2016,8,12,Tonyville,3,0,3,0,77.17,38.57,4.17,77.94,SSJV,Tonyville
2016,8,12,West Lindsay,3,2,5,0,77.17,38.57,4.17,77.94,SSJV,West Lindsay
2016,8,12,Strathmore,1,0,1,0,77.17,38.57,4.17,77.94,SSJV,Strathmore
2016,8,12,Porterville,0,0,0,0,71.27,39,4.31,84.29,SSJV,Porterville
2016,8,12,Terra Bella,0,0,0,0,71.27,39,4.31,84.29,SSJV,Terra Bella
2016,8,12,City of Visalia,0,0,0,0,77.17,38.57,4.17,77.94,SSJV,City of Visalia
2016,8,19,Woodlake,0,0,0,0,79.97,38,3.67,78.14,SSJV,Woodlake
2016,8,19,Ivanhoe,0,1,1,0,79.97,38,3.67,78.14,SSJV,Ivanhoe
2016,8,19,Exeter,0,0,0,0,79.97,38,3.67,78.14,SSJV,Exeter
2016,8,19,South Exeter,0,0,0,0,79.97,38,3.67,78.14,SSJV,South Exeter
2016,8,19,Tonyville,1,0,1,0,79.97,38,3.67,78.14,SSJV,Tonyville
2016,8,19,West Lindsay,0,0,0,0,79.97,38,3.67,78.14,SSJV,West Lindsay
2016,8,19,Strathmore,1,0,1,0,79.97,38,3.67,78.14,SSJV,Strathmore
2016,8,19,Porterville,0,0,0,0,78.67,37.57,3.4,85.44,SSJV,Porterville
2016,8,19,Terra Bella,0,0,0,0,78.67,37.57,3.4,85.44,SSJV,Terra Bella
2016,8,19,City of Visalia,0,0,0,0,79.97,38,3.67,78.14,SSJV,City of Visalia
2016,8,26,Woodlake,0,0,0,0,83.29,36.86,3.41,80.56,SSJV,Woodlake
2016,8,26,Ivanhoe,3,2,5,0,83.29,36.86,3.41,80.56,SSJV,Ivanhoe
2016,8,26,Exeter,4,1,5,0,83.29,36.86,3.41,80.56,SSJV,Exeter
2016,8,26,South Exeter,0,0,0,0,83.29,36.86,3.41,80.56,SSJV,South Exeter
2016,8,26,Tonyville,0,0,0,0,83.29,36.86,3.41,80.56,SSJV,Tonyville
2016,8,26,West Lindsay,3,0,3,0,83.29,36.86,3.41,80.56,SSJV,West Lindsay
2016,8,26,Strathmore,0,0,0,0,83.29,36.86,3.41,80.56,SSJV,Strathmore
2016,8,26,Porterville,1,0,1,0,84.49,33.86,3.44,88.38,SSJV,Porterville
2016,8,26,Terra Bella,1,0,1,0,84.49,33.86,3.44,88.38,SSJV,Terra Bella
2016,8,26,City of Visalia,0,0,0,0,83.29,36.86,3.41,80.56,SSJV,City of Visalia
2016,9,2,Woodlake,2,0,2,0,84.96,39.83,3.41,82.57,SSJV,Woodlake
2016,9,2,Ivanhoe,2,0,2,0,84.96,39.83,3.41,82.57,SSJV,Ivanhoe
2016,9,2,Exeter,2,0,2,0,84.96,39.83,3.41,82.57,SSJV,Exeter
2016,9,2,South Exeter,0,0,0,0,84.96,39.83,3.41,82.57,SSJV,South Exeter
2016,9,2,Tonyville,0,0,0,0,84.96,39.83,3.41,82.57,SSJV,Tonyville
2016,9,2,West Lindsay,0,1,1,0,84.96,39.83,3.41,82.57,SSJV,West Lindsay
2016,9,2,Strathmore,1,0,1,0,84.96,39.83,3.41,82.57,SSJV,Strathmore
2016,9,2,Porterville,2,0,2,0,81.49,34.71,3.51,87.07,SSJV,Porterville
2016,9,2,Terra Bella,2,1,3,0,81.49,34.71,3.51,87.07,SSJV,Terra Bella
2016,9,2,City of Visalia,0,0,0,0,84.96,39.83,3.41,82.57,SSJV,City of Visalia
2016,9,9,Woodlake,1,0,1,0,77.17,41.14,3.3,79.01,SSJV,Woodlake
2016,9,9,Ivanhoe,0,0,0,0,77.17,41.14,3.3,79.01,SSJV,Ivanhoe
2016,9,9,Exeter,1,0,1,0,77.17,41.14,3.3,79.01,SSJV,Exeter
2016,9,9,South Exeter,0,0,0,0,77.17,41.14,3.3,79.01,SSJV,South Exeter
2016,9,9,Tonyville,1,2,3,0,77.17,41.14,3.3,79.01,SSJV,Tonyville
2016,9,9,West Lindsay,0,0,0,0,77.17,41.14,3.3,79.01,SSJV,West Lindsay
2016,9,9,Strathmore,4,0,4,0,77.17,41.14,3.3,79.01,SSJV,Strathmore
2016,9,9,Porterville,0,0,0,0,78.5,37.14,3.57,85.9,SSJV,Porterville
2016,9,9,Terra Bella,0,0,0,0,78.5,37.14,3.57,85.9,SSJV,Terra Bella
2016,9,9,City of Visalia,0,0,0,0,77.17,41.14,3.3,79.01,SSJV,City of Visalia
2016,9,16,Woodlake,3,1,4,0,81.14,39.71,3.3,79.09,SSJV,Woodlake
2016,9,16,Ivanhoe,2,1,3,0,81.14,39.71,3.3,79.09,SSJV,Ivanhoe
2016,9,16,Exeter,0,1,1,0,81.14,39.71,3.3,79.09,SSJV,Exeter
2016,9,16,South Exeter,0,0,0,0,81.14,39.71,3.3,79.09,SSJV,South Exeter
2016,9,16,Tonyville,1,0,1,0,81.14,39.71,3.3,79.09,SSJV,Tonyville
2016,9,16,West Lindsay,0,0,0,0,81.14,39.71,3.3,79.09,SSJV,West Lindsay
2016,9,16,Strathmore,1,0,1,0,81.14,39.71,3.3,79.09,SSJV,Strathmore
2016,9,16,Porterville,0,0,0,0,78.51,36.43,3.34,84.8,SSJV,Porterville
2016,9,16,Terra Bella,2,0,2,0,78.51,36.43,3.34,84.8,SSJV,Terra Bella
2016,9,16,City of Visalia,4,0,4,0,81.14,39.71,3.3,79.09,SSJV,City of Visalia
2016,9,23,Woodlake,0,0,0,0,79.44,41.14,3.03,79.14,SSJV,Woodlake
2016,9,23,Ivanhoe,0,0,0,0,79.44,41.14,3.03,79.14,SSJV,Ivanhoe
2016,9,23,Exeter,4,3,7,0,79.44,41.14,3.03,79.14,SSJV,Exeter
2016,9,23,South Exeter,0,1,1,0,79.44,41.14,3.03,79.14,SSJV,South Exeter
2016,9,23,Tonyville,4,0,4,0,79.44,41.14,3.03,79.14,SSJV,Tonyville
2016,9,23,West Lindsay,1,0,1,0,79.44,41.14,3.03,79.14,SSJV,West Lindsay
2016,9,23,Strathmore,3,0,3,0,79.44,41.14,3.03,79.14,SSJV,Strathmore
2016,9,23,Porterville,1,0,1,0,85.2,32.57,3.14,84.37,SSJV,Porterville
2016,9,23,Terra Bella,0,0,0,0,85.2,32.57,3.14,84.37,SSJV,Terra Bella
2016,9,23,City of Visalia,5,2,7,0,79.44,41.14,3.03,79.14,SSJV,City of Visalia
2016,9,30,Woodlake,4,2,6,0,76.8,44.86,3.09,76.67,SSJV,Woodlake
2016,9,30,Ivanhoe,3,1,4,0,76.8,44.86,3.09,76.67,SSJV,Ivanhoe
2016,9,30,Exeter,2,0,2,0,76.8,44.86,3.09,76.67,SSJV,Exeter
2016,9,30,South Exeter,0,0,0,0,76.8,44.86,3.09,76.67,SSJV,South Exeter
2016,9,30,Tonyville,0,0,0,0,76.8,44.86,3.09,76.67,SSJV,Tonyville
2016,9,30,West Lindsay,1,1,2,0,76.8,44.86,3.09,76.67,SSJV,West Lindsay
2016,9,30,Strathmore,1,0,1,0,76.8,44.86,3.09,76.67,SSJV,Strathmore
2016,9,30,Porterville,0,0,0,0,82.87,34.14,3.51,85.01,SSJV,Porterville
2016,9,30,Terra Bella,2,0,2,0,82.87,34.14,3.51,85.01,SSJV,Terra Bella
2016,9,30,City of Visalia,6,0,6,0,76.8,44.86,3.09,76.67,SSJV,City of Visalia
2016,10,7,Woodlake,1,1,2,0,72.43,44.71,3.16,74.64,SSJV,Woodlake
2016,10,7,Ivanhoe,4,2,6,0,72.43,44.71,3.16,74.64,SSJV,Ivanhoe
2016,10,7,Exeter,1,1,2,0,72.43,44.71,3.16,74.64,SSJV,Exeter
2016,10,7,South Exeter,0,1,1,0,72.43,44.71,3.16,74.64,SSJV,South Exeter
2016,10,7,Tonyville,2,0,2,0,72.43,44.71,3.16,74.64,SSJV,Tonyville
2016,10,7,West Lindsay,1,0,1,0,72.43,44.71,3.16,74.64,SSJV,West Lindsay
2016,10,7,Strathmore,3,0,3,0,72.43,44.71,3.16,74.64,SSJV,Strathmore
2016,10,7,Porterville,0,0,0,0,78.24,36.14,3.36,82.57,SSJV,Porterville
2016,10,7,Terra Bella,0,1,1,0,78.24,36.14,3.36,82.57,SSJV,Terra Bella
2016,10,7,City of Visalia,5,1,6,0,72.43,44.71,3.16,74.64,SSJV,City of Visalia
2016,10,14,Woodlake,4,0,4,0,71.91,48.43,2.97,74.36,SSJV,Woodlake
2016,10,14,Ivanhoe,0,3,3,0,71.91,48.43,2.97,74.36,SSJV,Ivanhoe
2016,10,14,Exeter,0,1,1,0,71.91,48.43,2.97,74.36,SSJV,Exeter
2016,10,14,South Exeter,2,1,3,0,71.91,48.43,2.97,74.36,SSJV,South Exeter
2016,10,14,Tonyville,2,0,2,0,71.91,48.43,2.97,74.36,SSJV,Tonyville
2016,10,14,West Lindsay,1,2,3,0,71.91,48.43,2.97,74.36,SSJV,West Lindsay
2016,10,14,Strathmore,3,0,3,0,71.91,48.43,2.97,74.36,SSJV,Strathmore
2016,10,14,Porterville,3,0,3,0,82.21,33.29,3.24,84.65,SSJV,Porterville
2016,10,14,Terra Bella,3,0,3,0,82.21,33.29,3.24,84.65,SSJV,Terra Bella
2016,10,14,City of Visalia,4,2,6,0,71.91,48.43,2.97,74.36,SSJV,City of Visalia
2016,10,21,Woodlake,2,0,2,0,73.93,43.14,2.93,73.94,SSJV,Woodlake
2016,10,21,Ivanhoe,0,0,0,0,73.93,43.14,2.93,73.94,SSJV,Ivanhoe
2016,10,21,Exeter,4,1,5,0,73.93,43.14,2.93,73.94,SSJV,Exeter
2016,10,21,South Exeter,0,0,0,0,73.93,43.14,2.93,73.94,SSJV,South Exeter
2016,10,21,Tonyville,4,2,6,0,73.93,43.14,2.93,73.94,SSJV,Tonyville
2016,10,21,West Lindsay,1,0,1,0,73.93,43.14,2.93,73.94,SSJV,West Lindsay
2016,10,21,Strathmore,16,1,17,0,73.93,43.14,2.93,73.94,SSJV,Strathmore
2016,10,21,Porterville,1,1,2,0,79.34,37.71,2.94,82.67,SSJV,Porterville
2016,10,21,Terra Bella,2,2,4,0,79.34,37.71,2.94,82.67,SSJV,Terra Bella
2016,10,21,City of Visalia,1,1,2,0,73.93,43.14,2.93,73.94,SSJV,City of Visalia
2016,10,28,Woodlake,0,2,2,0,69.56,45.14,2.5,70.99,SSJV,Woodlake
2016,10,28,Ivanhoe,2,0,2,0,69.56,45.14,2.5,70.99,SSJV,Ivanhoe
2016,10,28,Exeter,0,1,1,0,69.56,45.14,2.5,70.99,SSJV,Exeter
2016,10,28,South Exeter,0,0,0,0,69.56,45.14,2.5,70.99,SSJV,South Exeter
2016,10,28,Tonyville,8,2,10,0,69.56,45.14,2.5,70.99,SSJV,Tonyville
2016,10,28,West Lindsay,1,0,1,0,69.56,45.14,2.5,70.99,SSJV,West Lindsay
2016,10,28,Strathmore,9,2,11,0,69.56,45.14,2.5,70.99,SSJV,Strathmore
2016,10,28,Porterville,0,0,0,0,75.99,46.71,2.94,80.6,SSJV,Porterville
2016,10,28,Terra Bella,0,0,0,0,75.99,46.71,2.94,80.6,SSJV,Terra Bella
2016,10,28,City of Visalia,0,0,0,0,69.56,45.14,2.5,70.99,SSJV,City of Visalia
2016,11,4,Woodlake,1,2,3,0,64.64,46.83,3.77,68.87,SSJV,Woodlake
2016,11,4,Ivanhoe,2,0,2,0,64.64,46.83,3.77,68.87,SSJV,Ivanhoe
2016,11,4,Exeter,0,0,0,0,64.64,46.83,3.77,68.87,SSJV,Exeter
2016,11,4,South Exeter,0,0,0,0,64.64,46.83,3.77,68.87,SSJV,South Exeter
2016,11,4,Tonyville,0,1,1,0,64.64,46.83,3.77,68.87,SSJV,Tonyville
2016,11,4,West Lindsay,1,0,1,0,64.64,46.83,3.77,68.87,SSJV,West Lindsay
2016,11,4,Strathmore,15,2,17,0,64.64,46.83,3.77,68.87,SSJV,Strathmore
2016,11,4,Porterville,3,0,3,0,73.13,41.71,3.14,77.51,SSJV,Porterville
2016,11,4,Terra Bella,2,0,2,0,73.13,41.71,3.14,77.51,SSJV,Terra Bella
2016,11,4,City of Visalia,2,0,2,0,64.64,46.83,3.77,68.87,SSJV,City of Visalia
2016,11,11,Woodlake,19,5,24,0,64.03,52.29,2.13,66.63,SSJV,Woodlake
2016,11,11,Ivanhoe,2,1,3,0,64.03,52.29,2.13,66.63,SSJV,Ivanhoe
2016,11,11,Exeter,3,2,5,0,64.03,52.29,2.13,66.63,SSJV,Exeter
2016,11,11,South Exeter,1,0,1,0,64.03,52.29,2.13,66.63,SSJV,South Exeter
2016,11,11,Tonyville,12,3,15,0,64.03,52.29,2.13,66.63,SSJV,Tonyville
2016,11,11,West Lindsay,3,0,3,0,64.03,52.29,2.13,66.63,SSJV,West Lindsay
2016,11,11,Strathmore,23,5,28,0,64.03,52.29,2.13,66.63,SSJV,Strathmore
2016,11,11,Porterville,3,0,3,0,70.51,45.14,3.6,76.09,SSJV,Porterville
2016,11,11,Terra Bella,9,0,9,0,70.51,45.14,3.6,76.09,SSJV,Terra Bella
2016,11,11,City of Visalia,4,0,4,0,64.03,52.29,2.13,66.63,SSJV,City of Visalia
2016,11,18,Woodlake,10,1,11,0,63.87,61.57,4.2,67.03,SSJV,Woodlake
2016,11,18,Ivanhoe,10,3,13,0,63.87,61.57,4.2,67.03,SSJV,Ivanhoe
2016,11,18,Exeter,0,1,1,0,63.87,61.57,4.2,67.03,SSJV,Exeter
2016,11,18,South Exeter,0,0,0,0,63.87,61.57,4.2,67.03,SSJV,South Exeter
2016,11,18,Tonyville,17,4,21,0,63.87,61.57,4.2,67.03,SSJV,Tonyville
2016,11,18,West Lindsay,10,2,12,0,63.87,61.57,4.2,67.03,SSJV,West Lindsay
2016,11,18,Strathmore,20,2,22,0,63.87,61.57,4.2,67.03,SSJV,Strathmore
2016,11,18,Porterville,1,1,2,0,73.39,38.29,3.33,75.17,SSJV,Porterville
2016,11,18,Terra Bella,7,1,8,0,73.39,38.29,3.33,75.17,SSJV,Terra Bella
2016,11,18,City of Visalia,3,1,4,0,63.87,61.57,4.2,67.03,SSJV,City of Visalia
2016,11,25,Woodlake,7,2,9,0,64.46,58,2.09,65.79,SSJV,Woodlake
2016,11,25,Ivanhoe,5,3,8,0,64.46,58,2.09,65.79,SSJV,Ivanhoe
2016,11,25,Exeter,3,0,3,0,64.46,58,2.09,65.79,SSJV,Exeter
2016,11,25,South Exeter,0,0,0,0,64.46,58,2.09,65.79,SSJV,South Exeter
2016,11,25,Tonyville,9,3,12,0,64.46,58,2.09,65.79,SSJV,Tonyville
2016,11,25,West Lindsay,5,0,5,0,64.46,58,2.09,65.79,SSJV,West Lindsay
2016,11,25,Strathmore,17,4,21,0,64.46,58,2.09,65.79,SSJV,Strathmore
2016,11,25,Porterville,3,1,4,0,74.29,38.14,2.93,73.44,SSJV,Porterville
2016,11,25,Terra Bella,3,0,3,0,74.29,38.14,2.93,73.44,SSJV,Terra Bella
2016,11,25,City of Visalia,11,1,12,0,64.46,58,2.09,65.79,SSJV,City of Visalia
2017,4,7,Woodlake,14,2,16,0,45.83,68.71,2.39,52.69,SSJV,Woodlake
2017,4,7,Ivanhoe,1,0,1,0,45.83,68.71,2.39,52.69,SSJV,Ivanhoe
2017,4,7,Exeter,4,1,5,0,45.83,68.71,2.39,52.69,SSJV,Exeter
2017,4,7,South Exeter,1,1,2,0,45.83,68.71,2.39,52.69,SSJV,South Exeter
2017,4,7,Tonyville,6,3,9,0,45.83,68.71,2.39,52.69,SSJV,Tonyville
2017,4,7,West Lindsay,19,5,24,0,45.83,68.71,2.39,52.69,SSJV,West Lindsay
2017,4,7,Strathmore,11,2,13,0,45.83,68.71,2.39,52.69,SSJV,Strathmore
2017,4,7,Porterville,1,0,1,0.01,47.4,76.86,2.7,48.73,SSJV,Porterville
2017,4,7,Terra Bella,7,0,7,0.01,47.4,76.86,2.7,48.73,SSJV,Terra Bella
2017,4,7,City of Visalia,13,1,14,0,45.83,68.71,2.39,52.69,SSJV,City of Visalia
2017,4,14,Woodlake,31,7,38,0.04,50.23,67,3.13,54.06,SSJV,Woodlake
2017,4,14,Ivanhoe,16,3,19,0.04,50.23,67,3.13,54.06,SSJV,Ivanhoe
2017,4,14,Exeter,9,4,13,0.04,50.23,67,3.13,54.06,SSJV,Exeter
2017,4,14,South Exeter,3,0,3,0.04,50.23,67,3.13,54.06,SSJV,South Exeter
2017,4,14,Tonyville,19,4,23,0.04,50.23,67,3.13,54.06,SSJV,Tonyville
2017,4,14,West Lindsay,44,6,50,0.04,50.23,67,3.13,54.06,SSJV,West Lindsay
2017,4,14,Strathmore,7,0,7,0.04,50.23,67,3.13,54.06,SSJV,Strathmore
2017,4,14,Porterville,5,1,6,0.19,56.57,82.71,3.23,55.41,SSJV,Porterville
2017,4,14,Terra Bella,10,0,10,0.19,56.57,82.71,3.23,55.41,SSJV,Terra Bella
2017,4,14,City of Visalia,5,0,5,0.04,50.23,67,3.13,54.06,SSJV,City of Visalia
2017,4,21,Woodlake,20,24,44,0,62.59,67.71,2.63,60.16,SSJV,Woodlake
2017,4,21,Ivanhoe,10,6,16,0,62.59,67.71,2.63,60.16,SSJV,Ivanhoe
2017,4,21,Exeter,6,7,13,0,62.59,67.71,2.63,60.16,SSJV,Exeter
2017,4,21,South Exeter,3,3,6,0,62.59,67.71,2.63,60.16,SSJV,South Exeter
2017,4,21,Tonyville,5,8,13,0,62.59,67.71,2.63,60.16,SSJV,Tonyville
2017,4,21,West Lindsay,53,9,62,0,62.59,67.71,2.63,60.16,SSJV,West Lindsay
2017,4,21,Strathmore,38,17,55,0,62.59,67.71,2.63,60.16,SSJV,Strathmore
2017,4,21,Porterville,17,6,23,0.12,52.1,79,3.63,54.24,SSJV,Porterville
2017,4,21,Terra Bella,7,0,7,0.12,52.1,79,3.63,54.24,SSJV,Terra Bella
2017,4,21,City of Visalia,10,1,11,0,62.59,67.71,2.63,60.16,SSJV,City of Visalia
2017,4,28,Woodlake,13,35,48,0.05,62.16,69,3.77,63.19,SSJV,Woodlake
2017,4,28,Ivanhoe,3,4,7,0.05,62.16,69,3.77,63.19,SSJV,Ivanhoe
2017,4,28,Exeter,8,9,17,0.05,62.16,69,3.77,63.19,SSJV,Exeter
2017,4,28,South Exeter,3,8,11,0.05,62.16,69,3.77,63.19,SSJV,South Exeter
2017,4,28,Tonyville,17,6,23,0.05,62.16,69,3.77,63.19,SSJV,Tonyville
2017,4,28,West Lindsay,14,5,19,0.05,62.16,69,3.77,63.19,SSJV,West Lindsay
2017,4,28,Strathmore,7,1,8,0.05,62.16,69,3.77,63.19,SSJV,Strathmore
2017,4,28,Porterville,5,1,6,0.02,51.51,70,3.74,54.13,SSJV,Porterville
2017,4,28,Terra Bella,11,1,12,0.02,51.51,70,3.74,54.13,SSJV,Terra Bella
2017,4,28,City of Visalia,10,4,14,0.05,62.16,69,3.77,63.19,SSJV,City of Visalia
2017,5,5,Woodlake,6,16,22,0.08,55.53,73.71,4.33,59.49,SSJV,Woodlake
2017,5,5,Ivanhoe,0,5,5,0.08,55.53,73.71,4.33,59.49,SSJV,Ivanhoe
2017,5,5,Exeter,3,8,11,0.08,55.53,73.71,4.33,59.49,SSJV,Exeter
2017,5,5,South Exeter,1,0,1,0.08,55.53,73.71,4.33,59.49,SSJV,South Exeter
2017,5,5,Tonyville,5,0,5,0.08,55.53,73.71,4.33,59.49,SSJV,Tonyville
2017,5,5,West Lindsay,7,4,11,0.08,55.53,73.71,4.33,59.49,SSJV,West Lindsay
2017,5,5,Strathmore,9,1,10,0.08,55.53,73.71,4.33,59.49,SSJV,Strathmore
2017,5,5,Porterville,5,1,6,0.01,47.74,69.71,2.77,51.63,SSJV,Porterville
2017,5,5,Terra Bella,2,0,2,0.01,47.74,69.71,2.77,51.63,SSJV,Terra Bella
2017,5,5,City of Visalia,1,5,6,0.08,55.53,73.71,4.33,59.49,SSJV,City of Visalia
2017,5,12,Woodlake,1,1,2,0.02,60.53,53.29,4.57,60.89,SSJV,Woodlake
2017,5,12,Ivanhoe,1,1,2,0.02,60.53,53.29,4.57,60.89,SSJV,Ivanhoe
2017,5,12,Exeter,0,1,1,0.02,60.53,53.29,4.57,60.89,SSJV,Exeter
2017,5,12,South Exeter,0,1,1,0.02,60.53,53.29,4.57,60.89,SSJV,South Exeter
2017,5,12,Tonyville,5,2,7,0.02,60.53,53.29,4.57,60.89,SSJV,Tonyville
2017,5,12,West Lindsay,8,2,10,0.02,60.53,53.29,4.57,60.89,SSJV,West Lindsay
2017,5,12,Strathmore,4,1,5,0.02,60.53,53.29,4.57,60.89,SSJV,Strathmore
2017,5,12,Porterville,1,0,1,0.01,51.09,68.71,3.13,54.79,SSJV,Porterville
2017,5,12,Terra Bella,4,2,6,0.01,51.09,68.71,3.13,54.79,SSJV,Terra Bella
2017,5,12,City of Visalia,2,0,2,0.02,60.53,53.29,4.57,60.89,SSJV,City of Visalia
2017,5,19,Woodlake,2,2,4,0.08,57.54,66.14,4.47,60.69,SSJV,Woodlake
2017,5,19,Ivanhoe,4,3,7,0.08,57.54,66.14,4.47,60.69,SSJV,Ivanhoe
2017,5,19,Exeter,3,1,4,0.08,57.54,66.14,4.47,60.69,SSJV,Exeter
2017,5,19,South Exeter,1,0,1,0.08,57.54,66.14,4.47,60.69,SSJV,South Exeter
2017,5,19,Tonyville,10,2,12,0.08,57.54,66.14,4.47,60.69,SSJV,Tonyville
2017,5,19,West Lindsay,5,3,8,0.08,57.54,66.14,4.47,60.69,SSJV,West Lindsay
2017,5,19,Strathmore,16,3,19,0.08,57.54,66.14,4.47,60.69,SSJV,Strathmore
2017,5,19,Porterville,5,1,6,0,63.01,68.43,2.83,63.69,SSJV,Porterville
2017,5,19,Terra Bella,7,2,9,0,63.01,68.43,2.83,63.69,SSJV,Terra Bella
2017,5,19,City of Visalia,2,8,10,0.08,57.54,66.14,4.47,60.69,SSJV,City of Visalia
2017,5,26,Woodlake,0,3,3,0.07,59.57,66.29,4.86,62.73,SSJV,Woodlake
2017,5,26,Ivanhoe,0,4,4,0.07,59.57,66.29,4.86,62.73,SSJV,Ivanhoe
2017,5,26,Exeter,0,1,1,0.07,59.57,66.29,4.86,62.73,SSJV,Exeter
2017,5,26,South Exeter,0,0,0,0.07,59.57,66.29,4.86,62.73,SSJV,South Exeter
2017,5,26,Tonyville,3,0,3,0.07,59.57,66.29,4.86,62.73,SSJV,Tonyville
2017,5,26,West Lindsay,5,6,11,0.07,59.57,66.29,4.86,62.73,SSJV,West Lindsay
2017,5,26,Strathmore,4,1,5,0.07,59.57,66.29,4.86,62.73,SSJV,Strathmore
2017,5,26,Porterville,8,1,9,0.04,58.9,68.43,3.17,63.67,SSJV,Porterville
2017,5,26,Terra Bella,5,1,6,0.04,58.9,68.43,3.17,63.67,SSJV,Terra Bella
2017,5,26,City of Visalia,4,1,5,0.07,59.57,66.29,4.86,62.73,SSJV,City of Visalia
2017,6,2,Woodlake,0,2,2,0,62.36,56.43,6.36,64.64,SSJV,Woodlake
2017,6,2,Ivanhoe,1,1,2,0,62.36,56.43,6.36,64.64,SSJV,Ivanhoe
2017,6,2,Exeter,0,1,1,0,62.36,56.43,6.36,64.64,SSJV,Exeter
2017,6,2,South Exeter,0,0,0,0,62.36,56.43,6.36,64.64,SSJV,South Exeter
2017,6,2,Tonyville,2,1,3,0,62.36,56.43,6.36,64.64,SSJV,Tonyville
2017,6,2,West Lindsay,1,0,1,0,62.36,56.43,6.36,64.64,SSJV,West Lindsay
2017,6,2,Strathmore,1,1,2,0,62.36,56.43,6.36,64.64,SSJV,Strathmore
2017,6,2,Porterville,1,1,2,0.01,56.8,63.29,4.1,62.97,SSJV,Porterville
2017,6,2,Terra Bella,3,1,4,0.01,56.8,63.29,4.1,62.97,SSJV,Terra Bella
2017,6,2,City of Visalia,5,5,10,0,62.36,56.43,6.36,64.64,SSJV,City of Visalia
2017,6,9,Woodlake,5,10,15,0,68.89,45.57,4.9,67.57,SSJV,Woodlake
2017,6,9,Ivanhoe,4,2,6,0,68.89,45.57,4.9,67.57,SSJV,Ivanhoe
2017,6,9,Exeter,0,0,0,0,68.89,45.57,4.9,67.57,SSJV,Exeter
2017,6,9,South Exeter,3,5,8,0,68.89,45.57,4.9,67.57,SSJV,South Exeter
2017,6,9,Tonyville,2,2,4,0,68.89,45.57,4.9,67.57,SSJV,Tonyville
2017,6,9,West Lindsay,6,2,8,0,68.89,45.57,4.9,67.57,SSJV,West Lindsay
2017,6,9,Strathmore,10,1,11,0,68.89,45.57,4.9,67.57,SSJV,Strathmore
2017,6,9,Porterville,3,0,3,0.04,62.33,50.71,3.39,64.93,SSJV,Porterville
2017,6,9,Terra Bella,5,1,6,0.04,62.33,50.71,3.39,64.93,SSJV,Terra Bella
2017,6,9,City of Visalia,27,14,41,0,68.89,45.57,4.9,67.57,SSJV,City of Visalia
2017,6,16,Woodlake,8,5,13,0.02,69.17,50.71,4.93,71.84,SSJV,Woodlake
2017,6,16,Ivanhoe,5,8,13,0.02,69.17,50.71,4.93,71.84,SSJV,Ivanhoe
2017,6,16,Exeter,6,3,9,0.02,69.17,50.71,4.93,71.84,SSJV,Exeter
2017,6,16,South Exeter,2,5,7,0.02,69.17,50.71,4.93,71.84,SSJV,South Exeter
2017,6,16,Tonyville,10,3,13,0.02,69.17,50.71,4.93,71.84,SSJV,Tonyville
2017,6,16,West Lindsay,10,4,14,0.02,69.17,50.71,4.93,71.84,SSJV,West Lindsay
2017,6,16,Strathmore,7,3,10,0.02,69.17,50.71,4.93,71.84,SSJV,Strathmore
2017,6,16,Porterville,9,4,13,0,57.14,59.57,3.89,64.03,SSJV,Porterville
2017,6,16,Terra Bella,13,4,17,0,57.14,59.57,3.89,64.03,SSJV,Terra Bella
2017,6,16,City of Visalia,16,9,25,0.02,69.17,50.71,4.93,71.84,SSJV,City of Visalia
2017,6,23,Woodlake,0,4,4,0,62.04,49.57,6.01,67.19,SSJV,Woodlake
2017,6,23,Ivanhoe,0,2,2,0,62.04,49.57,6.01,67.19,SSJV,Ivanhoe
2017,6,23,Exeter,2,0,2,0,62.04,49.57,6.01,67.19,SSJV,Exeter
2017,6,23,South Exeter,0,1,1,0,62.04,49.57,6.01,67.19,SSJV,South Exeter
2017,6,23,Tonyville,3,0,3,0,62.04,49.57,6.01,67.19,SSJV,Tonyville
2017,6,23,West Lindsay,3,0,3,0,62.04,49.57,6.01,67.19,SSJV,West Lindsay
2017,6,23,Strathmore,5,1,6,0,62.04,49.57,6.01,67.19,SSJV,Strathmore
2017,6,23,Porterville,0,0,0,0.02,61.26,60.43,3.61,67.87,SSJV,Porterville
2017,6,23,Terra Bella,0,0,0,0.02,61.26,60.43,3.61,67.87,SSJV,Terra Bella
2017,6,23,City of Visalia,8,7,15,0,62.04,49.57,6.01,67.19,SSJV,City of Visalia
2017,6,30,Woodlake,1,0,1,0,75.29,41,3.87,72.44,SSJV,Woodlake
2017,6,30,Ivanhoe,2,0,2,0,75.29,41,3.87,72.44,SSJV,Ivanhoe
2017,6,30,Exeter,3,1,4,0,75.29,41,3.87,72.44,SSJV,Exeter
2017,6,30,South Exeter,0,0,0,0,75.29,41,3.87,72.44,SSJV,South Exeter
2017,6,30,Tonyville,11,6,17,0,75.29,41,3.87,72.44,SSJV,Tonyville
2017,6,30,West Lindsay,1,0,1,0,75.29,41,3.87,72.44,SSJV,West Lindsay
2017,6,30,Strathmore,13,3,16,0,75.29,41,3.87,72.44,SSJV,Strathmore
2017,6,30,Porterville,2,0,2,0,62.06,54.14,4.49,69.4,SSJV,Porterville
2017,6,30,Terra Bella,1,0,1,0,62.06,54.14,4.49,69.4,SSJV,Terra Bella
2017,6,30,City of Visalia,0,0,0,0,75.29,41,3.87,72.44,SSJV,City of Visalia
2017,7,7,Woodlake,0,1,1,0,69.89,52.57,4.2,72.1,SSJV,Woodlake
2017,7,7,Ivanhoe,4,2,6,0,69.89,52.57,4.2,72.1,SSJV,Ivanhoe
2017,7,7,Exeter,0,0,0,0,69.89,52.57,4.2,72.1,SSJV,Exeter
2017,7,7,South Exeter,0,0,0,0,69.89,52.57,4.2,72.1,SSJV,South Exeter
2017,7,7,Tonyville,4,2,6,0,69.89,52.57,4.2,72.1,SSJV,Tonyville
2017,7,7,West Lindsay,1,0,1,0,69.89,52.57,4.2,72.1,SSJV,West Lindsay
2017,7,7,Strathmore,11,3,14,0,69.89,52.57,4.2,72.1,SSJV,Strathmore
2017,7,7,Porterville,1,2,3,0,73.24,42.43,3.43,77,SSJV,Porterville
2017,7,7,Terra Bella,1,12,13,0,73.24,42.43,3.43,77,SSJV,Terra Bella
2017,7,7,City of Visalia,1,3,4,0,69.89,52.57,4.2,72.1,SSJV,City of Visalia
2017,7,14,Woodlake,0,0,0,0,76.23,39.14,4.53,73.4,SSJV,Woodlake
2017,7,14,Ivanhoe,0,0,0,0,76.23,39.14,4.53,73.4,SSJV,Ivanhoe
2017,7,14,Exeter,0,0,0,0,76.23,39.14,4.53,73.4,SSJV,Exeter
2017,7,14,South Exeter,0,0,0,0,76.23,39.14,4.53,73.4,SSJV,South Exeter
2017,7,14,Tonyville,1,0,1,0,76.23,39.14,4.53,73.4,SSJV,Tonyville
2017,7,14,West Lindsay,2,0,2,0,76.23,39.14,4.53,73.4,SSJV,West Lindsay
2017,7,14,Strathmore,2,1,3,0,76.23,39.14,4.53,73.4,SSJV,Strathmore
2017,7,14,Porterville,1,0,1,0,63.9,53.86,4.33,75.77,SSJV,Porterville
2017,7,14,Terra Bella,0,0,0,0,63.9,53.86,4.33,75.77,SSJV,Terra Bella
2017,7,14,City of Visalia,1,0,1,0,76.23,39.14,4.53,73.4,SSJV,City of Visalia
2017,7,21,Woodlake,0,0,0,0,67.97,46.14,5.41,71.66,SSJV,Woodlake
2017,7,21,Ivanhoe,0,1,1,0,67.97,46.14,5.41,71.66,SSJV,Ivanhoe
2017,7,21,Exeter,0,0,0,0,67.97,46.14,5.41,71.66,SSJV,Exeter
2017,7,21,South Exeter,0,0,0,0,67.97,46.14,5.41,71.66,SSJV,South Exeter
2017,7,21,Tonyville,2,0,2,0,67.97,46.14,5.41,71.66,SSJV,Tonyville
2017,7,21,West Lindsay,1,0,1,0,67.97,46.14,5.41,71.66,SSJV,West Lindsay
2017,7,21,Strathmore,2,1,3,0,67.97,46.14,5.41,71.66,SSJV,Strathmore
2017,7,21,Porterville,0,0,0,0,62.39,47.71,3.69,72.94,SSJV,Porterville
2017,7,21,Terra Bella,0,0,0,0,62.39,47.71,3.69,72.94,SSJV,Terra Bella
2017,7,21,City of Visalia,0,0,0,0,67.97,46.14,5.41,71.66,SSJV,City of Visalia
2017,7,28,Woodlake,0,3,3,0,84.97,44.43,3.96,77.54,SSJV,Woodlake
2017,7,28,Ivanhoe,4,2,6,0,84.97,44.43,3.96,77.54,SSJV,Ivanhoe
2017,7,28,Exeter,0,0,0,0,84.97,44.43,3.96,77.54,SSJV,Exeter
2017,7,28,South Exeter,0,0,0,0,84.97,44.43,3.96,77.54,SSJV,South Exeter
2017,7,28,Tonyville,1,0,1,0,84.97,44.43,3.96,77.54,SSJV,Tonyville
2017,7,28,West Lindsay,1,1,2,0,84.97,44.43,3.96,77.54,SSJV,West Lindsay
2017,7,28,Strathmore,3,0,3,0,84.97,44.43,3.96,77.54,SSJV,Strathmore
2017,7,28,Porterville,2,0,2,0,74.11,40.43,4.03,80.49,SSJV,Porterville
2017,7,28,Terra Bella,1,0,1,0,74.11,40.43,4.03,80.49,SSJV,Terra Bella
2017,7,28,City of Visalia,0,0,0,0,84.97,44.43,3.96,77.54,SSJV,City of Visalia
2017,8,4,Woodlake,0,0,0,0,83.37,44.57,4.39,80.34,SSJV,Woodlake
2017,8,4,Ivanhoe,0,1,1,0,83.37,44.57,4.39,80.34,SSJV,Ivanhoe
2017,8,4,Exeter,0,0,0,0,83.37,44.57,4.39,80.34,SSJV,Exeter
2017,8,4,South Exeter,0,0,0,0,83.37,44.57,4.39,80.34,SSJV,South Exeter
2017,8,4,Tonyville,2,5,7,0,83.37,44.57,4.39,80.34,SSJV,Tonyville
2017,8,4,West Lindsay,3,1,4,0,83.37,44.57,4.39,80.34,SSJV,West Lindsay
2017,8,4,Strathmore,4,1,5,0,83.37,44.57,4.39,80.34,SSJV,Strathmore
2017,8,4,Porterville,1,0,1,0,71.2,53,3.09,79.74,SSJV,Porterville
2017,8,4,Terra Bella,0,0,0,0,71.2,53,3.09,79.74,SSJV,Terra Bella
2017,8,4,City of Visalia,0,0,0,0,83.37,44.57,4.39,80.34,SSJV,City of Visalia
2017,8,11,Woodlake,0,0,0,0,82.57,39,4.53,79.51,SSJV,Woodlake
2017,8,11,Ivanhoe,1,0,1,0,82.57,39,4.53,79.51,SSJV,Ivanhoe
2017,8,11,Exeter,0,0,0,0,82.57,39,4.53,79.51,SSJV,Exeter
2017,8,11,South Exeter,0,0,0,0,82.57,39,4.53,79.51,SSJV,South Exeter
2017,8,11,Tonyville,1,3,4,0,82.57,39,4.53,79.51,SSJV,Tonyville
2017,8,11,West Lindsay,0,0,0,0,82.57,39,4.53,79.51,SSJV,West Lindsay
2017,8,11,Strathmore,1,0,1,0,82.57,39,4.53,79.51,SSJV,Strathmore
2017,8,11,Porterville,1,0,1,0,75.7,39.29,3.53,85,SSJV,Porterville
2017,8,11,Terra Bella,1,1,2,0,75.7,39.29,3.53,85,SSJV,Terra Bella
2017,8,11,City of Visalia,0,0,0,0,82.57,39,4.53,79.51,SSJV,City of Visalia
2017,8,18,Woodlake,0,0,0,0,84.17,41,3.89,81.01,SSJV,Woodlake
2017,8,18,Ivanhoe,2,1,3,0,84.17,41,3.89,81.01,SSJV,Ivanhoe
2017,8,18,Exeter,0,0,0,0,84.17,41,3.89,81.01,SSJV,Exeter
2017,8,18,South Exeter,0,0,0,0,84.17,41,3.89,81.01,SSJV,South Exeter
2017,8,18,Tonyville,4,2,6,0,84.17,41,3.89,81.01,SSJV,Tonyville
2017,8,18,West Lindsay,1,0,1,0,84.17,41,3.89,81.01,SSJV,West Lindsay
2017,8,18,Strathmore,0,0,0,0,84.17,41,3.89,81.01,SSJV,Strathmore
2017,8,18,Porterville,0,0,0,0,69.16,47.29,3.69,82.74,SSJV,Porterville
2017,8,18,Terra Bella,0,0,0,0,69.16,47.29,3.69,82.74,SSJV,Terra Bella
2017,8,18,City of Visalia,0,0,0,0,84.17,41,3.89,81.01,SSJV,City of Visalia
2017,8,25,Woodlake,0,1,1,0,82.99,38.29,4.19,79.89,SSJV,Woodlake
2017,8,25,Ivanhoe,1,0,1,0,82.99,38.29,4.19,79.89,SSJV,Ivanhoe
2017,8,25,Exeter,1,0,1,0,82.99,38.29,4.19,79.89,SSJV,Exeter
2017,8,25,South Exeter,0,0,0,0,82.99,38.29,4.19,79.89,SSJV,South Exeter
2017,8,25,Tonyville,1,0,1,0,82.99,38.29,4.19,79.89,SSJV,Tonyville
2017,8,25,West Lindsay,1,0,1,0,82.99,38.29,4.19,79.89,SSJV,West Lindsay
2017,8,25,Strathmore,3,0,3,0,82.99,38.29,4.19,79.89,SSJV,Strathmore
2017,8,25,Porterville,0,0,0,0,87.74,43.5,2.86,89.5,SSJV,Porterville
2017,8,25,Terra Bella,1,0,1,0,87.74,43.5,2.86,89.5,SSJV,Terra Bella
2017,8,25,City of Visalia,0,0,0,0,82.99,38.29,4.19,79.89,SSJV,City of Visalia
2017,9,1,Woodlake,0,0,0,0,81.03,40.29,3.7,80.51,SSJV,Woodlake
2017,9,1,Ivanhoe,0,0,0,0,81.03,40.29,3.7,80.51,SSJV,Ivanhoe
2017,9,1,Exeter,0,0,0,0,81.03,40.29,3.7,80.51,SSJV,Exeter
2017,9,1,South Exeter,0,0,0,0,81.03,40.29,3.7,80.51,SSJV,South Exeter
2017,9,1,Tonyville,1,1,2,0,81.03,40.29,3.7,80.51,SSJV,Tonyville
2017,9,1,West Lindsay,1,0,1,0,81.03,40.29,3.7,80.51,SSJV,West Lindsay
2017,9,1,Strathmore,1,0,1,0,81.03,40.29,3.7,80.51,SSJV,Strathmore
2017,9,1,Porterville,0,0,0,0,79.8,46,3.07,86.31,SSJV,Porterville
2017,9,1,Terra Bella,0,0,0,0,79.8,46,3.07,86.31,SSJV,Terra Bella
2017,9,1,City of Visalia,0,0,0,0,81.03,40.29,3.7,80.51,SSJV,City of Visalia
2017,9,8,Woodlake,0,0,0,0,84.54,40.14,3.93,82.33,SSJV,Woodlake
2017,9,8,Ivanhoe,1,0,1,0,84.54,40.14,3.93,82.33,SSJV,Ivanhoe
2017,9,8,Exeter,0,0,0,0,84.54,40.14,3.93,82.33,SSJV,Exeter
2017,9,8,South Exeter,0,0,0,0,84.54,40.14,3.93,82.33,SSJV,South Exeter
2017,9,8,Tonyville,1,0,1,0,84.54,40.14,3.93,82.33,SSJV,Tonyville
2017,9,8,West Lindsay,0,0,0,0,84.54,40.14,3.93,82.33,SSJV,West Lindsay
2017,9,8,Strathmore,1,0,1,0,84.54,40.14,3.93,82.33,SSJV,Strathmore
2017,9,8,Porterville,0,0,0,0,81.66,43.29,2.84,87.8,SSJV,Porterville
2017,9,8,Terra Bella,0,0,0,0,81.66,43.29,2.84,87.8,SSJV,Terra Bella
2017,9,8,City of Visalia,0,0,0,0,84.54,40.14,3.93,82.33,SSJV,City of Visalia
2017,9,15,Woodlake,3,0,3,0,81.5,46.14,3.84,83.01,SSJV,Woodlake
2017,9,15,Ivanhoe,3,2,5,0,81.5,46.14,3.84,83.01,SSJV,Ivanhoe
2017,9,15,Exeter,4,0,4,0,81.5,46.14,3.84,83.01,SSJV,Exeter
2017,9,15,South Exeter,0,0,0,0,81.5,46.14,3.84,83.01,SSJV,South Exeter
2017,9,15,Tonyville,0,0,0,0,81.5,46.14,3.84,83.01,SSJV,Tonyville
2017,9,15,West Lindsay,0,0,0,0,81.5,46.14,3.84,83.01,SSJV,West Lindsay
2017,9,15,Strathmore,0,0,0,0,81.5,46.14,3.84,83.01,SSJV,Strathmore
2017,9,15,Porterville,1,0,1,0,84.76,38.86,2.87,90.7,SSJV,Porterville
2017,9,15,Terra Bella,0,0,0,0,84.76,38.86,2.87,90.7,SSJV,Terra Bella
2017,9,15,City of Visalia,0,0,0,0,81.5,46.14,3.84,83.01,SSJV,City of Visalia
2017,9,22,Woodlake,7,2,9,0,78.26,46.29,4.24,82.03,SSJV,Woodlake
2017,9,22,Ivanhoe,3,0,3,0,78.26,46.29,4.24,82.03,SSJV,Ivanhoe
2017,9,22,Exeter,2,0,2,0,78.26,46.29,4.24,82.03,SSJV,Exeter
2017,9,22,South Exeter,0,0,0,0,78.26,46.29,4.24,82.03,SSJV,South Exeter
2017,9,22,Tonyville,1,0,1,0,78.26,46.29,4.24,82.03,SSJV,Tonyville
2017,9,22,West Lindsay,2,0,2,0,78.26,46.29,4.24,82.03,SSJV,West Lindsay
2017,9,22,Strathmore,3,1,4,0,78.26,46.29,4.24,82.03,SSJV,Strathmore
2017,9,22,Porterville,1,0,1,0,81.16,41.71,3.09,90.03,SSJV,Porterville
2017,9,22,Terra Bella,2,2,4,0,81.16,41.71,3.09,90.03,SSJV,Terra Bella
2017,9,22,City of Visalia,0,0,0,0,78.26,46.29,4.24,82.03,SSJV,City of Visalia
2017,9,29,Woodlake,1,0,1,0,80.46,48.57,3.84,80.2,SSJV,Woodlake
2017,9,29,Ivanhoe,6,1,7,0,80.46,48.57,3.84,80.2,SSJV,Ivanhoe
2017,9,29,Exeter,2,0,2,0,80.46,48.57,3.84,80.2,SSJV,Exeter
2017,9,29,South Exeter,0,0,0,0,80.46,48.57,3.84,80.2,SSJV,South Exeter
2017,9,29,Tonyville,0,0,0,0,80.46,48.57,3.84,80.2,SSJV,Tonyville
2017,9,29,West Lindsay,2,0,2,0,80.46,48.57,3.84,80.2,SSJV,West Lindsay
2017,9,29,Strathmore,1,0,1,0,80.46,48.57,3.84,80.2,SSJV,Strathmore
2017,9,29,Porterville,0,0,0,0,82.31,39.71,3.27,89.47,SSJV,Porterville
2017,9,29,Terra Bella,2,1,3,0,82.31,39.71,3.27,89.47,SSJV,Terra Bella
2017,9,29,City of Visalia,2,0,2,0,80.46,48.57,3.84,80.2,SSJV,City of Visalia
2017,10,6,Woodlake,2,0,2,0,84.99,41.57,3.86,82.51,SSJV,Woodlake
2017,10,6,Ivanhoe,3,1,4,0,84.99,41.57,3.86,82.51,SSJV,Ivanhoe
2017,10,6,Exeter,1,0,1,0,84.99,41.57,3.86,82.51,SSJV,Exeter
2017,10,6,South Exeter,0,0,0,0,84.99,41.57,3.86,82.51,SSJV,South Exeter
2017,10,6,Tonyville,2,1,3,0,84.99,41.57,3.86,82.51,SSJV,Tonyville
2017,10,6,West Lindsay,0,0,0,0,84.99,41.57,3.86,82.51,SSJV,West Lindsay
2017,10,6,Strathmore,2,1,3,0,84.99,41.57,3.86,82.51,SSJV,Strathmore
2017,10,6,Porterville,1,0,1,0,85.44,39.57,2.9,88.94,SSJV,Porterville
2017,10,6,Terra Bella,2,1,3,0,85.44,39.57,2.9,88.94,SSJV,Terra Bella
2017,10,6,City of Visalia,0,0,0,0,84.99,41.57,3.86,82.51,SSJV,City of Visalia
2017,10,13,Woodlake,0,0,0,0,84.83,47,3.56,84.29,SSJV,Woodlake
2017,10,13,Ivanhoe,0,0,0,0,84.83,47,3.56,84.29,SSJV,Ivanhoe
2017,10,13,Exeter,0,0,0,0,84.83,47,3.56,84.29,SSJV,Exeter
2017,10,13,South Exeter,0,0,0,0,84.83,47,3.56,84.29,SSJV,South Exeter
2017,10,13,Tonyville,1,0,1,0,84.83,47,3.56,84.29,SSJV,Tonyville
2017,10,13,West Lindsay,0,0,0,0,84.83,47,3.56,84.29,SSJV,West Lindsay
2017,10,13,Strathmore,2,1,3,0,84.83,47,3.56,84.29,SSJV,Strathmore
2017,10,13,Porterville,0,0,0,0,80.61,45.14,3.09,87.77,SSJV,Porterville
2017,10,13,Terra Bella,2,0,2,0,80.61,45.14,3.09,87.77,SSJV,Terra Bella
2017,10,13,City of Visalia,0,1,1,0,84.83,47,3.56,84.29,SSJV,City of Visalia
2017,10,20,Woodlake,0,0,0,0.02,77.54,54.14,3.94,81.66,SSJV,Woodlake
2017,10,20,Ivanhoe,0,0,0,0.02,77.54,54.14,3.94,81.66,SSJV,Ivanhoe
2017,10,20,Exeter,0,0,0,0.02,77.54,54.14,3.94,81.66,SSJV,Exeter
2017,10,20,South Exeter,0,0,0,0.02,77.54,54.14,3.94,81.66,SSJV,South Exeter
2017,10,20,Tonyville,0,0,0,0.02,77.54,54.14,3.94,81.66,SSJV,Tonyville
2017,10,20,West Lindsay,0,0,0,0.02,77.54,54.14,3.94,81.66,SSJV,West Lindsay
2017,10,20,Strathmore,1,0,1,0.02,77.54,54.14,3.94,81.66,SSJV,Strathmore
2017,10,20,Porterville,1,0,1,0,77.44,47.14,3.26,83.19,SSJV,Porterville
2017,10,20,Terra Bella,3,1,4,0,77.44,47.14,3.26,83.19,SSJV,Terra Bella
2017,10,20,City of Visalia,1,0,1,0.02,77.54,54.14,3.94,81.66,SSJV,City of Visalia
2017,10,27,Woodlake,1,0,1,0,69.94,49.43,4.2,74.69,SSJV,Woodlake
2017,10,27,Ivanhoe,3,1,4,0,69.94,49.43,4.2,74.69,SSJV,Ivanhoe
2017,10,27,Exeter,0,0,0,0,69.94,49.43,4.2,74.69,SSJV,Exeter
2017,10,27,South Exeter,0,0,0,0,69.94,49.43,4.2,74.69,SSJV,South Exeter
2017,10,27,Tonyville,1,0,1,0,69.94,49.43,4.2,74.69,SSJV,Tonyville
2017,10,27,West Lindsay,0,0,0,0,69.94,49.43,4.2,74.69,SSJV,West Lindsay
2017,10,27,Strathmore,2,0,2,0,69.94,49.43,4.2,74.69,SSJV,Strathmore
2017,10,27,Porterville,0,0,0,0,79.86,46.29,3.31,83.01,SSJV,Porterville
2017,10,27,Terra Bella,1,0,1,0,79.86,46.29,3.31,83.01,SSJV,Terra Bella
2017,10,27,City of Visalia,3,0,3,0,69.94,49.43,4.2,74.69,SSJV,City of Visalia
2017,11,3,Woodlake,0,0,0,0.01,63.86,50.57,3.26,69.81,SSJV,Woodlake
2017,11,3,Ivanhoe,10,4,14,0.01,63.86,50.57,3.26,69.81,SSJV,Ivanhoe
2017,11,3,Exeter,8,6,14,0.01,63.86,50.57,3.26,69.81,SSJV,Exeter
2017,11,3,South Exeter,0,0,0,0.01,63.86,50.57,3.26,69.81,SSJV,South Exeter
2017,11,3,Tonyville,10,2,12,0.01,63.86,50.57,3.26,69.81,SSJV,Tonyville
2017,11,3,West Lindsay,1,0,1,0.01,63.86,50.57,3.26,69.81,SSJV,West Lindsay
2017,11,3,Strathmore,2,2,4,0.01,63.86,50.57,3.26,69.81,SSJV,Strathmore
2017,11,3,Porterville,4,0,4,0,84.67,41.57,3.06,84,SSJV,Porterville
2017,11,3,Terra Bella,19,6,25,0,84.67,41.57,3.06,84,SSJV,Terra Bella
2017,11,3,City of Visalia,1,1,2,0.01,63.86,50.57,3.26,69.81,SSJV,City of Visalia
2017,11,10,Woodlake,2,3,5,0,64.74,48.71,3.71,70.83,SSJV,Woodlake
2017,11,10,Ivanhoe,6,1,7,0,64.74,48.71,3.71,70.83,SSJV,Ivanhoe
2017,11,10,Exeter,6,1,7,0,64.74,48.71,3.71,70.83,SSJV,Exeter
2017,11,10,South Exeter,0,0,0,0,64.74,48.71,3.71,70.83,SSJV,South Exeter
2017,11,10,Tonyville,15,5,20,0,64.74,48.71,3.71,70.83,SSJV,Tonyville
2017,11,10,West Lindsay,3,0,3,0,64.74,48.71,3.71,70.83,SSJV,West Lindsay
2017,11,10,Strathmore,12,4,16,0,64.74,48.71,3.71,70.83,SSJV,Strathmore
2017,11,10,Porterville,5,4,9,0,81.36,50.43,3.61,83.01,SSJV,Porterville
2017,11,10,Terra Bella,32,11,43,0,81.36,50.43,3.61,83.01,SSJV,Terra Bella
2017,11,10,City of Visalia,0,3,3,0,64.74,48.71,3.71,70.83,SSJV,City of Visalia
2017,11,17,Woodlake,5,2,7,0,62.53,47.43,3.03,68.61,SSJV,Woodlake
2017,11,17,Ivanhoe,9,5,14,0,62.53,47.43,3.03,68.61,SSJV,Ivanhoe
2017,11,17,Exeter,2,6,8,0,62.53,47.43,3.03,68.61,SSJV,Exeter
2017,11,17,South Exeter,0,0,0,0,62.53,47.43,3.03,68.61,SSJV,South Exeter
2017,11,17,Tonyville,27,5,32,0,62.53,47.43,3.03,68.61,SSJV,Tonyville
2017,11,17,West Lindsay,5,0,5,0,62.53,47.43,3.03,68.61,SSJV,West Lindsay
2017,11,17,Strathmore,22,2,24,0,62.53,47.43,3.03,68.61,SSJV,Strathmore
2017,11,17,Porterville,2,0,2,0,75.6,52,3.44,79.7,SSJV,Porterville
2017,11,17,Terra Bella,24,5,29,0,75.6,52,3.44,79.7,SSJV,Terra Bella
2017,11,17,City of Visalia,8,2,10,0,62.53,47.43,3.03,68.61,SSJV,City of Visalia
2017,11,24,Woodlake,11,1,12,0,60.33,51.29,2.49,66.59,SSJV,Woodlake
2017,11,24,Ivanhoe,16,2,18,0,60.33,51.29,2.49,66.59,SSJV,Ivanhoe
2017,11,24,Exeter,3,0,3,0,60.33,51.29,2.49,66.59,SSJV,Exeter
2017,11,24,South Exeter,0,0,0,0,60.33,51.29,2.49,66.59,SSJV,South Exeter
2017,11,24,Tonyville,13,3,16,0,60.33,51.29,2.49,66.59,SSJV,Tonyville
2017,11,24,West Lindsay,1,0,1,0,60.33,51.29,2.49,66.59,SSJV,West Lindsay
2017,11,24,Strathmore,7,3,10,0,60.33,51.29,2.49,66.59,SSJV,Strathmore
2017,11,24,Porterville,12,2,14,0,66.36,52.43,2.96,74.63,SSJV,Porterville
2017,11,24,Terra Bella,19,4,23,0,66.36,52.43,2.96,74.63,SSJV,Terra Bella
2017,11,24,City of Visalia,7,3,10,0,60.33,51.29,2.49,66.59,SSJV,City of Visalia
2018,4,13,Woodlake,86,18,104,0.06,43.99,62.71,3.61,50.47,SSJV,Woodlake
2018,4,13,Ivanhoe,40,8,48,0.06,43.99,62.71,3.61,50.47,SSJV,Ivanhoe
2018,4,13,Exeter,73,13,86,0.06,43.99,62.71,3.61,50.47,SSJV,Exeter
2018,4,13,South Exeter,7,0,7,0.06,43.99,62.71,3.61,50.47,SSJV,South Exeter
2018,4,13,Tonyville,195,41,236,0.06,43.99,62.71,3.61,50.47,SSJV,Tonyville
2018,4,13,West Lindsay,31,8,39,0.06,43.99,62.71,3.61,50.47,SSJV,West Lindsay
2018,4,13,Strathmore,106,39,145,0.06,43.99,62.71,3.61,50.47,SSJV,Strathmore
2018,4,13,Porterville,32,6,38,0,45.99,73,2.17,49.36,SSJV,Porterville
2018,4,13,Terra Bella,16,5,21,0,45.99,73,2.17,49.36,SSJV,Terra Bella
2018,4,13,City of Visalia,7,4,11,0.06,43.99,62.71,3.61,50.47,SSJV,City of Visalia
2018,4,20,Woodlake,27,6,33,0.13,49.7,71,4.64,52.31,SSJV,Woodlake
2018,4,20,Ivanhoe,11,2,13,0.13,49.7,71,4.64,52.31,SSJV,Ivanhoe
2018,4,20,Exeter,40,13,53,0.13,49.7,71,4.64,52.31,SSJV,Exeter
2018,4,20,South Exeter,3,0,3,0.13,49.7,71,4.64,52.31,SSJV,South Exeter
2018,4,20,Tonyville,72,22,94,0.13,49.7,71,4.64,52.31,SSJV,Tonyville
2018,4,20,West Lindsay,16,9,25,0.13,49.7,71,4.64,52.31,SSJV,West Lindsay
2018,4,20,Strathmore,33,10,43,0.13,49.7,71,4.64,52.31,SSJV,Strathmore
2018,4,20,Porterville,14,3,17,0,55.5,64.43,2.4,53.77,SSJV,Porterville
2018,4,20,Terra Bella,13,6,19,0,55.5,64.43,2.4,53.77,SSJV,Terra Bella
2018,4,20,City of Visalia,13,1,14,0.13,49.7,71,4.64,52.31,SSJV,City of Visalia
2018,4,27,Woodlake,15,6,21,0.06,58.61,70.71,3.73,58.91,SSJV,Woodlake
2018,4,27,Ivanhoe,18,4,22,0.06,58.61,70.71,3.73,58.91,SSJV,Ivanhoe
2018,4,27,Exeter,48,10,58,0.06,58.61,70.71,3.73,58.91,SSJV,Exeter
2018,4,27,South Exeter,9,4,13,0.06,58.61,70.71,3.73,58.91,SSJV,South Exeter
2018,4,27,Tonyville,10,21,31,0.06,58.61,70.71,3.73,58.91,SSJV,Tonyville
2018,4,27,West Lindsay,23,8,31,0.06,58.61,70.71,3.73,58.91,SSJV,West Lindsay
2018,4,27,Strathmore,31,14,45,0.06,58.61,70.71,3.73,58.91,SSJV,Strathmore
2018,4,27,Porterville,11,5,16,0,50.47,56,3.07,53.74,SSJV,Porterville
2018,4,27,Terra Bella,32,4,36,0,50.47,56,3.07,53.74,SSJV,Terra Bella
2018,4,27,City of Visalia,49,9,58,0.06,58.61,70.71,3.73,58.91,SSJV,City of Visalia
2018,5,4,Woodlake,14,5,19,0.18,51.47,73.29,4.29,55.43,SSJV,Woodlake
2018,5,4,Ivanhoe,16,5,21,0.18,51.47,73.29,4.29,55.43,SSJV,Ivanhoe
2018,5,4,Exeter,12,3,15,0.18,51.47,73.29,4.29,55.43,SSJV,Exeter
2018,5,4,South Exeter,4,2,6,0.18,51.47,73.29,4.29,55.43,SSJV,South Exeter
2018,5,4,Tonyville,90,15,105,0.18,51.47,73.29,4.29,55.43,SSJV,Tonyville
2018,5,4,West Lindsay,14,3,17,0.18,51.47,73.29,4.29,55.43,SSJV,West Lindsay
2018,5,4,Strathmore,12,4,16,0.18,51.47,73.29,4.29,55.43,SSJV,Strathmore
2018,5,4,Porterville,9,3,12,0,44.67,48.29,3.8,50.94,SSJV,Porterville
2018,5,4,Terra Bella,4,2,6,0,44.67,48.29,3.8,50.94,SSJV,Terra Bella
2018,5,4,City of Visalia,1,1,2,0.18,51.47,73.29,4.29,55.43,SSJV,City of Visalia
2018,5,11,Woodlake,9,6,15,0.12,54.84,62.71,4.83,57.67,SSJV,Woodlake
2018,5,11,Ivanhoe,17,6,23,0.12,54.84,62.71,4.83,57.67,SSJV,Ivanhoe
2018,5,11,Exeter,13,7,20,0.12,54.84,62.71,4.83,57.67,SSJV,Exeter
2018,5,11,South Exeter,9,4,13,0.12,54.84,62.71,4.83,57.67,SSJV,South Exeter
2018,5,11,Tonyville,28,9,37,0.12,54.84,62.71,4.83,57.67,SSJV,Tonyville
2018,5,11,West Lindsay,12,6,18,0.12,54.84,62.71,4.83,57.67,SSJV,West Lindsay
2018,5,11,Strathmore,19,0,19,0.12,54.84,62.71,4.83,57.67,SSJV,Strathmore
2018,5,11,Porterville,12,3,15,0.07,46.17,61.86,3.39,49.83,SSJV,Porterville
2018,5,11,Terra Bella,28,17,45,0.07,46.17,61.86,3.39,49.83,SSJV,Terra Bella
2018,5,11,City of Visalia,17,7,24,0.12,54.84,62.71,4.83,57.67,SSJV,City of Visalia
2018,5,19,Woodlake,3,2,5,0,65.26,55.29,3.16,64.6,SSJV,Woodlake
2018,5,19,Ivanhoe,6,4,10,0,65.26,55.29,3.16,64.6,SSJV,Ivanhoe
2018,5,19,Exeter,20,8,28,0,65.26,55.29,3.16,64.6,SSJV,Exeter
2018,5,19,South Exeter,4,0,4,0,65.26,55.29,3.16,64.6,SSJV,South Exeter
2018,5,19,Tonyville,32,9,41,0,65.26,55.29,3.16,64.6,SSJV,Tonyville
2018,5,19,West Lindsay,11,3,14,0,65.26,55.29,3.16,64.6,SSJV,West Lindsay
2018,5,19,Strathmore,14,4,18,0,65.26,55.29,3.16,64.6,SSJV,Strathmore
2018,5,19,Porterville,3,2,5,0.04,51.97,60.43,2.69,53.2,SSJV,Porterville
2018,5,19,Terra Bella,53,10,63,0.04,51.97,60.43,2.69,53.2,SSJV,Terra Bella
2018,5,19,City of Visalia,21,7,28,0,65.26,55.29,3.16,64.6,SSJV,City of Visalia
2018,5,25,Woodlake,4,3,7,0.05,63.6,59.86,4.84,66.33,SSJV,Woodlake
2018,5,25,Ivanhoe,0,1,1,0.05,63.6,59.86,4.84,66.33,SSJV,Ivanhoe
2018,5,25,Exeter,5,1,6,0.05,63.6,59.86,4.84,66.33,SSJV,Exeter
2018,5,25,South Exeter,0,1,1,0.05,63.6,59.86,4.84,66.33,SSJV,South Exeter
2018,5,25,Tonyville,41,14,55,0.05,63.6,59.86,4.84,66.33,SSJV,Tonyville
2018,5,25,West Lindsay,5,1,6,0.05,63.6,59.86,4.84,66.33,SSJV,West Lindsay
2018,5,25,Strathmore,8,3,11,0.05,63.6,59.86,4.84,66.33,SSJV,Strathmore
2018,5,25,Porterville,12,3,15,0.05,56.57,67.86,3.84,59.31,SSJV,Porterville
2018,5,25,Terra Bella,22,5,27,0.05,56.57,67.86,3.84,59.31,SSJV,Terra Bella
2018,5,25,City of Visalia,8,1,9,0.05,63.6,59.86,4.84,66.33,SSJV,City of Visalia
2018,6,1,Woodlake,29,8,37,0.04,55.79,57.14,4.91,63.31,SSJV,Woodlake
2018,6,1,Ivanhoe,9,3,12,0.04,55.79,57.14,4.91,63.31,SSJV,Ivanhoe
2018,6,1,Exeter,8,3,11,0.04,55.79,57.14,4.91,63.31,SSJV,Exeter
2018,6,1,South Exeter,2,1,3,0.04,55.79,57.14,4.91,63.31,SSJV,South Exeter
2018,6,1,Tonyville,26,21,47,0.04,55.79,57.14,4.91,63.31,SSJV,Tonyville
2018,6,1,West Lindsay,19,27,46,0.04,55.79,57.14,4.91,63.31,SSJV,West Lindsay
2018,6,1,Strathmore,36,15,51,0.04,55.79,57.14,4.91,63.31,SSJV,Strathmore
2018,6,1,Porterville,33,13,46,0.13,52.86,72.29,3.5,57.74,SSJV,Porterville
2018,6,1,Terra Bella,68,9,77,0.13,52.86,72.29,3.5,57.74,SSJV,Terra Bella
2018,6,1,City of Visalia,10,2,12,0.04,55.79,57.14,4.91,63.31,SSJV,City of Visalia
2018,6,8,Woodlake,9,5,14,0,67,50.14,3.84,67.71,SSJV,Woodlake
2018,6,8,Ivanhoe,3,2,5,0,67,50.14,3.84,67.71,SSJV,Ivanhoe
2018,6,8,Exeter,3,1,4,0,67,50.14,3.84,67.71,SSJV,Exeter
2018,6,8,South Exeter,3,1,4,0,67,50.14,3.84,67.71,SSJV,South Exeter
2018,6,8,Tonyville,18,6,24,0,67,50.14,3.84,67.71,SSJV,Tonyville
2018,6,8,West Lindsay,4,1,5,0,67,50.14,3.84,67.71,SSJV,West Lindsay
2018,6,8,Strathmore,4,3,7,0,67,50.14,3.84,67.71,SSJV,Strathmore
2018,6,8,Porterville,9,4,13,0,55.84,57.14,3.26,60.29,SSJV,Porterville
2018,6,8,Terra Bella,26,18,44,0,55.84,57.14,3.26,60.29,SSJV,Terra Bella
2018,6,8,City of Visalia,13,4,17,0,67,50.14,3.84,67.71,SSJV,City of Visalia
2018,6,15,Woodlake,19,11,30,0,62.29,51.71,5.56,67.9,SSJV,Woodlake
2018,6,15,Ivanhoe,9,9,18,0,62.29,51.71,5.56,67.9,SSJV,Ivanhoe
2018,6,15,Exeter,8,3,11,0,62.29,51.71,5.56,67.9,SSJV,Exeter
2018,6,15,South Exeter,0,0,0,0,62.29,51.71,5.56,67.9,SSJV,South Exeter
2018,6,15,Tonyville,16,4,20,0,62.29,51.71,5.56,67.9,SSJV,Tonyville
2018,6,15,West Lindsay,21,6,27,0,62.29,51.71,5.56,67.9,SSJV,West Lindsay
2018,6,15,Strathmore,5,4,9,0,62.29,51.71,5.56,67.9,SSJV,Strathmore
2018,6,15,Porterville,4,0,4,0,64.14,52.29,3.01,67.94,SSJV,Porterville
2018,6,15,Terra Bella,27,20,47,0,64.14,52.29,3.01,67.94,SSJV,Terra Bella
2018,6,15,City of Visalia,29,11,40,0,62.29,51.71,5.56,67.9,SSJV,City of Visalia
2018,6,22,Woodlake,4,3,7,0,71.07,44.43,4.26,70.21,SSJV,Woodlake
2018,6,22,Ivanhoe,1,1,2,0,71.07,44.43,4.26,70.21,SSJV,Ivanhoe
2018,6,22,Exeter,0,1,1,0,71.07,44.43,4.26,70.21,SSJV,Exeter
2018,6,22,South Exeter,1,1,2,0,71.07,44.43,4.26,70.21,SSJV,South Exeter
2018,6,22,Tonyville,5,2,7,0,71.07,44.43,4.26,70.21,SSJV,Tonyville
2018,6,22,West Lindsay,19,9,28,0,71.07,44.43,4.26,70.21,SSJV,West Lindsay
2018,6,22,Strathmore,7,2,9,0,71.07,44.43,4.26,70.21,SSJV,Strathmore
2018,6,22,Porterville,1,0,1,0.03,60.27,59.71,3.93,68.81,SSJV,Porterville
2018,6,22,Terra Bella,39,7,46,0.03,60.27,59.71,3.93,68.81,SSJV,Terra Bella
2018,6,22,City of Visalia,5,5,10,0,71.07,44.43,4.26,70.21,SSJV,City of Visalia
2018,6,29,Woodlake,1,0,1,0,67.2,46.29,5.26,70.74,SSJV,Woodlake
2018,6,29,Ivanhoe,0,0,0,0,67.2,46.29,5.26,70.74,SSJV,Ivanhoe
2018,6,29,Exeter,0,0,0,0,67.2,46.29,5.26,70.74,SSJV,Exeter
2018,6,29,South Exeter,2,1,3,0,67.2,46.29,5.26,70.74,SSJV,South Exeter
2018,6,29,Tonyville,6,1,7,0,67.2,46.29,5.26,70.74,SSJV,Tonyville
2018,6,29,West Lindsay,2,0,2,0,67.2,46.29,5.26,70.74,SSJV,West Lindsay
2018,6,29,Strathmore,3,1,4,0,67.2,46.29,5.26,70.74,SSJV,Strathmore
2018,6,29,Porterville,9,7,16,0.01,56.46,53.57,3.96,67.89,SSJV,Porterville
2018,6,29,Terra Bella,8,6,14,0.01,56.46,53.57,3.96,67.89,SSJV,Terra Bella
2018,6,29,City of Visalia,5,2,7,0,67.2,46.29,5.26,70.74,SSJV,City of Visalia
2018,7,6,Woodlake,0,0,0,0,68.56,49.86,4.97,71.07,SSJV,Woodlake
2018,7,6,Ivanhoe,1,0,1,0,68.56,49.86,4.97,71.07,SSJV,Ivanhoe
2018,7,6,Exeter,0,0,0,0,68.56,49.86,4.97,71.07,SSJV,Exeter
2018,7,6,South Exeter,3,3,6,0,68.56,49.86,4.97,71.07,SSJV,South Exeter
2018,7,6,Tonyville,0,0,0,0,68.56,49.86,4.97,71.07,SSJV,Tonyville
2018,7,6,West Lindsay,11,2,13,0,68.56,49.86,4.97,71.07,SSJV,West Lindsay
2018,7,6,Strathmore,19,4,23,0,68.56,49.86,4.97,71.07,SSJV,Strathmore
2018,7,6,Porterville,1,0,1,0,68.21,42.86,3.27,74.6,SSJV,Porterville
2018,7,6,Terra Bella,4,1,5,0,68.21,42.86,3.27,74.6,SSJV,Terra Bella
2018,7,6,City of Visalia,6,1,7,0,68.56,49.86,4.97,71.07,SSJV,City of Visalia
2018,7,13,Woodlake,2,0,2,0,70.97,48.57,5.14,73.2,SSJV,Woodlake
2018,7,13,Ivanhoe,22,6,28,0,70.97,48.57,5.14,73.2,SSJV,Ivanhoe
2018,7,13,Exeter,2,1,3,0,70.97,48.57,5.14,73.2,SSJV,Exeter
2018,7,13,South Exeter,19,3,22,0,70.97,48.57,5.14,73.2,SSJV,South Exeter
2018,7,13,Tonyville,8,2,10,0,70.97,48.57,5.14,73.2,SSJV,Tonyville
2018,7,13,West Lindsay,10,5,15,0,70.97,48.57,5.14,73.2,SSJV,West Lindsay
2018,7,13,Strathmore,6,2,8,0,70.97,48.57,5.14,73.2,SSJV,Strathmore
2018,7,13,Porterville,2,1,3,0,60.43,53.86,3.9,72.3,SSJV,Porterville
2018,7,13,Terra Bella,7,2,9,0,60.43,53.86,3.9,72.3,SSJV,Terra Bella
2018,7,13,City of Visalia,35,10,45,0,70.97,48.57,5.14,73.2,SSJV,City of Visalia
2018,7,20,Woodlake,1,0,1,0,74.41,40.14,4.79,76.09,SSJV,Woodlake
2018,7,20,Ivanhoe,10,3,13,0,74.41,40.14,4.79,76.09,SSJV,Ivanhoe
2018,7,20,Exeter,0,0,0,0,74.41,40.14,4.79,76.09,SSJV,Exeter
2018,7,20,South Exeter,8,4,12,0,74.41,40.14,4.79,76.09,SSJV,South Exeter
2018,7,20,Tonyville,2,2,4,0,74.41,40.14,4.79,76.09,SSJV,Tonyville
2018,7,20,West Lindsay,10,5,15,0,74.41,40.14,4.79,76.09,SSJV,West Lindsay
2018,7,20,Strathmore,4,1,5,0,74.41,40.14,4.79,76.09,SSJV,Strathmore
2018,7,20,Porterville,1,0,1,0,68.57,49.14,3.31,75.56,SSJV,Porterville
2018,7,20,Terra Bella,3,0,3,0,68.57,49.14,3.31,75.56,SSJV,Terra Bella
2018,7,20,City of Visalia,11,2,13,0,74.41,40.14,4.79,76.09,SSJV,City of Visalia
2018,7,27,Woodlake,4,2,6,0,73.66,44.86,4.89,73.63,SSJV,Woodlake
2018,7,27,Ivanhoe,5,2,7,0,73.66,44.86,4.89,73.63,SSJV,Ivanhoe
2018,7,27,Exeter,0,0,0,0,73.66,44.86,4.89,73.63,SSJV,Exeter
2018,7,27,South Exeter,2,1,3,0,73.66,44.86,4.89,73.63,SSJV,South Exeter
2018,7,27,Tonyville,1,0,1,0,73.66,44.86,4.89,73.63,SSJV,Tonyville
2018,7,27,West Lindsay,4,1,5,0,73.66,44.86,4.89,73.63,SSJV,West Lindsay
2018,7,27,Strathmore,51,5,56,0,73.66,44.86,4.89,73.63,SSJV,Strathmore
2018,7,27,Porterville,1,0,1,0,64.79,50.43,4.39,75.41,SSJV,Porterville
2018,7,27,Terra Bella,0,0,0,0,64.79,50.43,4.39,75.41,SSJV,Terra Bella
2018,7,27,City of Visalia,3,1,4,0,73.66,44.86,4.89,73.63,SSJV,City of Visalia
2018,8,3,Woodlake,2,1,3,0,74.89,47.71,4.01,77.26,SSJV,Woodlake
2018,8,3,Ivanhoe,6,1,7,0,74.89,47.71,4.01,77.26,SSJV,Ivanhoe
2018,8,3,Exeter,0,0,0,0,74.89,47.71,4.01,77.26,SSJV,Exeter
2018,8,3,South Exeter,0,1,1,0,74.89,47.71,4.01,77.26,SSJV,South Exeter
2018,8,3,Tonyville,3,0,3,0,74.89,47.71,4.01,77.26,SSJV,Tonyville
2018,8,3,West Lindsay,0,0,0,0,74.89,47.71,4.01,77.26,SSJV,West Lindsay
2018,8,3,Strathmore,10,1,11,0,74.89,47.71,4.01,77.26,SSJV,Strathmore
2018,8,3,Porterville,0,0,0,0,67,51.86,4.73,76.27,SSJV,Porterville
2018,8,3,Terra Bella,1,1,2,0,67,51.86,4.73,76.27,SSJV,Terra Bella
2018,8,3,City of Visalia,2,1,3,0,74.89,47.71,4.01,77.26,SSJV,City of Visalia
2018,8,10,Woodlake,3,3,6,0,80.66,43.29,4.21,78.27,SSJV,Woodlake
2018,8,10,Ivanhoe,0,3,3,0,80.66,43.29,4.21,78.27,SSJV,Ivanhoe
2018,8,10,Exeter,0,1,1,0,80.66,43.29,4.21,78.27,SSJV,Exeter
2018,8,10,South Exeter,0,0,0,0,80.66,43.29,4.21,78.27,SSJV,South Exeter
2018,8,10,Tonyville,0,0,0,0,80.66,43.29,4.21,78.27,SSJV,Tonyville
2018,8,10,West Lindsay,0,0,0,0,80.66,43.29,4.21,78.27,SSJV,West Lindsay
2018,8,10,Strathmore,4,1,5,0,80.66,43.29,4.21,78.27,SSJV,Strathmore
2018,8,10,Porterville,0,0,0,0,69.96,52.14,3.76,73.71,SSJV,Porterville
2018,8,10,Terra Bella,0,0,0,0,69.96,52.14,3.76,73.71,SSJV,Terra Bella
2018,8,10,City of Visalia,2,1,3,0,80.66,43.29,4.21,78.27,SSJV,City of Visalia
2018,8,17,Woodlake,1,5,6,0,80.06,47,4.3,79.96,SSJV,Woodlake
2018,8,17,Ivanhoe,3,1,4,0,80.06,47,4.3,79.96,SSJV,Ivanhoe
2018,8,17,Exeter,0,0,0,0,80.06,47,4.3,79.96,SSJV,Exeter
2018,8,17,South Exeter,0,0,0,0,80.06,47,4.3,79.96,SSJV,South Exeter
2018,8,17,Tonyville,4,0,4,0,80.06,47,4.3,79.96,SSJV,Tonyville
2018,8,17,West Lindsay,0,0,0,0,80.06,47,4.3,79.96,SSJV,West Lindsay
2018,8,17,Strathmore,2,0,2,0,80.06,47,4.3,79.96,SSJV,Strathmore
2018,8,17,Porterville,2,1,3,0,74.13,46.57,3.07,75.7,SSJV,Porterville
2018,8,17,Terra Bella,3,1,4,0,74.13,46.57,3.07,75.7,SSJV,Terra Bella
2018,8,17,City of Visalia,3,0,3,0,80.06,47,4.3,79.96,SSJV,City of Visalia
2018,8,24,Woodlake,1,4,5,0,82.37,41.43,3.84,79.71,SSJV,Woodlake
2018,8,24,Ivanhoe,0,1,1,0,82.37,41.43,3.84,79.71,SSJV,Ivanhoe
2018,8,24,Exeter,0,0,0,0,82.37,41.43,3.84,79.71,SSJV,Exeter
2018,8,24,South Exeter,0,0,0,0,82.37,41.43,3.84,79.71,SSJV,South Exeter
2018,8,24,Tonyville,0,0,0,0,82.37,41.43,3.84,79.71,SSJV,Tonyville
2018,8,24,West Lindsay,0,0,0,0,82.37,41.43,3.84,79.71,SSJV,West Lindsay
2018,8,24,Strathmore,2,1,3,0,82.37,41.43,3.84,79.71,SSJV,Strathmore
2018,8,24,Porterville,0,1,1,0,74.29,44.86,3.56,75.23,SSJV,Porterville
2018,8,24,Terra Bella,2,1,3,0,74.29,44.86,3.56,75.23,SSJV,Terra Bella
2018,8,24,City of Visalia,0,1,1,0,82.37,41.43,3.84,79.71,SSJV,City of Visalia
2018,8,31,Woodlake,4,4,8,0,86.61,41.57,4.23,82.57,SSJV,Woodlake
2018,8,31,Ivanhoe,2,2,4,0,86.61,41.57,4.23,82.57,SSJV,Ivanhoe
2018,8,31,Exeter,2,1,3,0,86.61,41.57,4.23,82.57,SSJV,Exeter
2018,8,31,South Exeter,0,0,0,0,86.61,41.57,4.23,82.57,SSJV,South Exeter
2018,8,31,Tonyville,3,2,5,0,86.61,41.57,4.23,82.57,SSJV,Tonyville
2018,8,31,West Lindsay,0,0,0,0,86.61,41.57,4.23,82.57,SSJV,West Lindsay
2018,8,31,Strathmore,2,0,2,0,86.61,41.57,4.23,82.57,SSJV,Strathmore
2018,8,31,Porterville,1,1,2,0.01,73.31,51,3.97,74.37,SSJV,Porterville
2018,8,31,Terra Bella,0,0,0,0.01,73.31,51,3.97,74.37,SSJV,Terra Bella
2018,8,31,City of Visalia,0,0,0,0,86.61,41.57,4.23,82.57,SSJV,City of Visalia
2018,9,7,Woodlake,2,1,3,0,86.26,46.33,4.17,83.07,SSJV,Woodlake
2018,9,7,Ivanhoe,3,1,4,0,86.26,46.33,4.17,83.07,SSJV,Ivanhoe
2018,9,7,Exeter,0,0,0,0,86.26,46.33,4.17,83.07,SSJV,Exeter
2018,9,7,South Exeter,1,0,1,0,86.26,46.33,4.17,83.07,SSJV,South Exeter
2018,9,7,Tonyville,0,0,0,0,86.26,46.33,4.17,83.07,SSJV,Tonyville
2018,9,7,West Lindsay,0,0,0,0,86.26,46.33,4.17,83.07,SSJV,West Lindsay
2018,9,7,Strathmore,1,0,1,0,86.26,46.33,4.17,83.07,SSJV,Strathmore
2018,9,7,Porterville,0,0,0,0.09,78.93,46.71,3.09,77.41,SSJV,Porterville
2018,9,7,Terra Bella,1,0,1,0.09,78.93,46.71,3.09,77.41,SSJV,Terra Bella
2018,9,7,City of Visalia,0,0,0,0,86.26,46.33,4.17,83.07,SSJV,City of Visalia
2018,9,14,Woodlake,5,4,9,0,83.27,49.43,3.49,82.04,SSJV,Woodlake
2018,9,14,Ivanhoe,7,3,10,0,83.27,49.43,3.49,82.04,SSJV,Ivanhoe
2018,9,14,Exeter,4,4,8,0,83.27,49.43,3.49,82.04,SSJV,Exeter
2018,9,14,South Exeter,0,1,1,0,83.27,49.43,3.49,82.04,SSJV,South Exeter
2018,9,14,Tonyville,1,0,1,0,83.27,49.43,3.49,82.04,SSJV,Tonyville
2018,9,14,West Lindsay,0,0,0,0,83.27,49.43,3.49,82.04,SSJV,West Lindsay
2018,9,14,Strathmore,2,1,3,0,83.27,49.43,3.49,82.04,SSJV,Strathmore
2018,9,14,Porterville,1,0,1,0.07,79.64,48.86,3.41,78.81,SSJV,Porterville
2018,9,14,Terra Bella,3,1,4,0.07,79.64,48.86,3.41,78.81,SSJV,Terra Bella
2018,9,14,City of Visalia,1,1,2,0,83.27,49.43,3.49,82.04,SSJV,City of Visalia
2018,9,21,Woodlake,5,0,5,0,79.79,42.29,4.07,79.33,SSJV,Woodlake
2018,9,21,Ivanhoe,14,1,15,0,79.79,42.29,4.07,79.33,SSJV,Ivanhoe
2018,9,21,Exeter,2,0,2,0,79.79,42.29,4.07,79.33,SSJV,Exeter
2018,9,21,South Exeter,1,0,1,0,79.79,42.29,4.07,79.33,SSJV,South Exeter
2018,9,21,Tonyville,5,0,5,0,79.79,42.29,4.07,79.33,SSJV,Tonyville
2018,9,21,West Lindsay,0,0,0,0,79.79,42.29,4.07,79.33,SSJV,West Lindsay
2018,9,21,Strathmore,2,0,2,0,79.79,42.29,4.07,79.33,SSJV,Strathmore
2018,9,21,Porterville,0,1,1,0,81.71,45.57,2.97,80.66,SSJV,Porterville
2018,9,21,Terra Bella,1,0,1,0,81.71,45.57,2.97,80.66,SSJV,Terra Bella
2018,9,21,City of Visalia,2,0,2,0,79.79,42.29,4.07,79.33,SSJV,City of Visalia
2018,9,28,Woodlake,3,0,3,0,80.57,46,3.7,80.07,SSJV,Woodlake
2018,9,28,Ivanhoe,2,1,3,0,80.57,46,3.7,80.07,SSJV,Ivanhoe
2018,9,28,Exeter,0,0,0,0,80.57,46,3.7,80.07,SSJV,Exeter
2018,9,28,South Exeter,0,0,0,0,80.57,46,3.7,80.07,SSJV,South Exeter
2018,9,28,Tonyville,1,0,1,0,80.57,46,3.7,80.07,SSJV,Tonyville
2018,9,28,West Lindsay,1,0,1,0,80.57,46,3.7,80.07,SSJV,West Lindsay
2018,9,28,Strathmore,1,0,1,0,80.57,46,3.7,80.07,SSJV,Strathmore
2018,9,28,Porterville,2,1,3,0,84.61,46.71,2.86,83.21,SSJV,Porterville
2018,9,28,Terra Bella,1,1,2,0,84.61,46.71,2.86,83.21,SSJV,Terra Bella
2018,9,28,City of Visalia,0,0,0,0,80.57,46,3.7,80.07,SSJV,City of Visalia
2018,10,5,Woodlake,7,1,8,0,81.11,42.71,3.7,80.51,SSJV,Woodlake
2018,10,5,Ivanhoe,6,2,8,0,81.11,42.71,3.7,80.51,SSJV,Ivanhoe
2018,10,5,Exeter,1,1,2,0,81.11,42.71,3.7,80.51,SSJV,Exeter
2018,10,5,South Exeter,0,0,0,0,81.11,42.71,3.7,80.51,SSJV,South Exeter
2018,10,5,Tonyville,2,1,3,0,81.11,42.71,3.7,80.51,SSJV,Tonyville
2018,10,5,West Lindsay,0,0,0,0,81.11,42.71,3.7,80.51,SSJV,West Lindsay
2018,10,5,Strathmore,2,1,3,0,81.11,42.71,3.7,80.51,SSJV,Strathmore
2018,10,5,Porterville,0,0,0,0.02,83.77,52.43,2.91,83.74,SSJV,Porterville
2018,10,5,Terra Bella,1,1,2,0.02,83.77,52.43,2.91,83.74,SSJV,Terra Bella
2018,10,5,City of Visalia,0,1,1,0,81.11,42.71,3.7,80.51,SSJV,City of Visalia
2018,10,12,Woodlake,0,0,0,0,74.49,52.57,3.8,78.17,SSJV,Woodlake
2018,10,12,Ivanhoe,3,1,4,0,74.49,52.57,3.8,78.17,SSJV,Ivanhoe
2018,10,12,Exeter,1,0,1,0,74.49,52.57,3.8,78.17,SSJV,Exeter
2018,10,12,South Exeter,2,1,3,0,74.49,52.57,3.8,78.17,SSJV,South Exeter
2018,10,12,Tonyville,0,1,1,0,74.49,52.57,3.8,78.17,SSJV,Tonyville
2018,10,12,West Lindsay,0,1,1,0,74.49,52.57,3.8,78.17,SSJV,West Lindsay
2018,10,12,Strathmore,1,2,3,0,74.49,52.57,3.8,78.17,SSJV,Strathmore
2018,10,12,Porterville,3,2,5,0,83.59,43.71,2.74,82.57,SSJV,Porterville
2018,10,12,Terra Bella,3,2,5,0,83.59,43.71,2.74,82.57,SSJV,Terra Bella
2018,10,12,City of Visalia,1,0,1,0,74.49,52.57,3.8,78.17,SSJV,City of Visalia
2018,10,19,Woodlake,2,0,2,0,76.37,51.57,3.63,76.79,SSJV,Woodlake
2018,10,19,Ivanhoe,10,3,13,0,76.37,51.57,3.63,76.79,SSJV,Ivanhoe
2018,10,19,Exeter,3,1,4,0,76.37,51.57,3.63,76.79,SSJV,Exeter
2018,10,19,South Exeter,1,0,1,0,76.37,51.57,3.63,76.79,SSJV,South Exeter
2018,10,19,Tonyville,0,0,0,0,76.37,51.57,3.63,76.79,SSJV,Tonyville
2018,10,19,West Lindsay,2,0,2,0,76.37,51.57,3.63,76.79,SSJV,West Lindsay
2018,10,19,Strathmore,3,1,4,0,76.37,51.57,3.63,76.79,SSJV,Strathmore
2018,10,19,Porterville,3,1,4,0.02,79.76,46.14,2.71,79.99,SSJV,Porterville
2018,10,19,Terra Bella,2,1,3,0.02,79.76,46.14,2.71,79.99,SSJV,Terra Bella
2018,10,19,City of Visalia,5,0,5,0,76.37,51.57,3.63,76.79,SSJV,City of Visalia
2018,10,26,Woodlake,1,8,9,0,75.01,44.57,3.4,76.93,SSJV,Woodlake
2018,10,26,Ivanhoe,0,4,4,0,75.01,44.57,3.4,76.93,SSJV,Ivanhoe
2018,10,26,Exeter,0,4,4,0,75.01,44.57,3.4,76.93,SSJV,Exeter
2018,10,26,South Exeter,0,0,0,0,75.01,44.57,3.4,76.93,SSJV,South Exeter
2018,10,26,Tonyville,2,0,2,0,75.01,44.57,3.4,76.93,SSJV,Tonyville
2018,10,26,West Lindsay,2,0,2,0,75.01,44.57,3.4,76.93,SSJV,West Lindsay
2018,10,26,Strathmore,2,0,2,0,75.01,44.57,3.4,76.93,SSJV,Strathmore
2018,10,26,Porterville,0,1,1,0,81.63,42,2.81,80.99,SSJV,Porterville
2018,10,26,Terra Bella,2,5,7,0,81.63,42,2.81,80.99,SSJV,Terra Bella
2018,10,26,City of Visalia,0,0,0,0,75.01,44.57,3.4,76.93,SSJV,City of Visalia
2018,11,2,Woodlake,15,4,19,0,68.27,48.57,3.56,71.61,SSJV,Woodlake
2018,11,2,Ivanhoe,9,5,14,0,68.27,48.57,3.56,71.61,SSJV,Ivanhoe
2018,11,2,Exeter,7,7,14,0,68.27,48.57,3.56,71.61,SSJV,Exeter
2018,11,2,South Exeter,2,0,2,0,68.27,48.57,3.56,71.61,SSJV,South Exeter
2018,11,2,Tonyville,8,3,11,0,68.27,48.57,3.56,71.61,SSJV,Tonyville
2018,11,2,West Lindsay,4,2,6,0,68.27,48.57,3.56,71.61,SSJV,West Lindsay
2018,11,2,Strathmore,3,1,4,0,68.27,48.57,3.56,71.61,SSJV,Strathmore
2018,11,2,Porterville,5,3,8,0,78.66,46.86,2.96,79.26,SSJV,Porterville
2018,11,2,Terra Bella,13,3,16,0,78.66,46.86,2.96,79.26,SSJV,Terra Bella
2018,11,2,City of Visalia,4,0,4,0,68.27,48.57,3.56,71.61,SSJV,City of Visalia
2018,11,9,Woodlake,5,2,7,0,71.76,49,3,71.93,SSJV,Woodlake
2018,11,9,Ivanhoe,8,5,13,0,71.76,49,3,71.93,SSJV,Ivanhoe
2018,11,9,Exeter,11,2,13,0,71.76,49,3,71.93,SSJV,Exeter
2018,11,9,South Exeter,0,2,2,0,71.76,49,3,71.93,SSJV,South Exeter
2018,11,9,Tonyville,8,5,13,0,71.76,49,3,71.93,SSJV,Tonyville
2018,11,9,West Lindsay,3,1,4,0,71.76,49,3,71.93,SSJV,West Lindsay
2018,11,9,Strathmore,8,4,12,0,71.76,49,3,71.93,SSJV,Strathmore
2018,11,9,Porterville,2,1,3,0,73.04,54.57,2.96,75.56,SSJV,Porterville
2018,11,9,Terra Bella,2,10,12,0,73.04,54.57,2.96,75.56,SSJV,Terra Bella
2018,11,9,City of Visalia,0,0,0,0,71.76,49,3,71.93,SSJV,City of Visalia
2018,11,16,Woodlake,2,2,4,0,70.61,58.43,3.21,72.91,SSJV,Woodlake
2018,11,16,Ivanhoe,1,2,3,0,70.61,58.43,3.21,72.91,SSJV,Ivanhoe
2018,11,16,Exeter,2,3,5,0,70.61,58.43,3.21,72.91,SSJV,Exeter
2018,11,16,South Exeter,1,0,1,0,70.61,58.43,3.21,72.91,SSJV,South Exeter
2018,11,16,Tonyville,11,1,12,0,70.61,58.43,3.21,72.91,SSJV,Tonyville
2018,11,16,West Lindsay,2,3,5,0,70.61,58.43,3.21,72.91,SSJV,West Lindsay
2018,11,16,Strathmore,1,3,4,0,70.61,58.43,3.21,72.91,SSJV,Strathmore
2018,11,16,Porterville,1,4,5,0,78.23,49.86,2.77,76.47,SSJV,Porterville
2018,11,16,Terra Bella,2,8,10,0,78.23,49.86,2.77,76.47,SSJV,Terra Bella
2018,11,16,City of Visalia,3,0,3,0,70.61,58.43,3.21,72.91,SSJV,City of Visalia
2018,11,23,Woodlake,2,0,2,0,64.41,63.14,3.39,70.59,SSJV,Woodlake
2018,11,23,Ivanhoe,5,0,5,0,64.41,63.14,3.39,70.59,SSJV,Ivanhoe
2018,11,23,Exeter,1,1,2,0,64.41,63.14,3.39,70.59,SSJV,Exeter
2018,11,23,South Exeter,0,0,0,0,64.41,63.14,3.39,70.59,SSJV,South Exeter
2018,11,23,Tonyville,2,1,3,0,64.41,63.14,3.39,70.59,SSJV,Tonyville
2018,11,23,West Lindsay,0,2,2,0,64.41,63.14,3.39,70.59,SSJV,West Lindsay
2018,11,23,Strathmore,3,1,4,0,64.41,63.14,3.39,70.59,SSJV,Strathmore
2018,11,23,Porterville,0,0,0,0,73.63,44.86,2.6,74.26,SSJV,Porterville
2018,11,23,Terra Bella,1,0,1,0,73.63,44.86,2.6,74.26,SSJV,Terra Bella
2018,11,23,City of Visalia,3,0,3,0,64.41,63.14,3.39,70.59,SSJV,City of Visalia
2018,11,30,Woodlake,1,0,1,0,62.01,56.86,3.01,68.04,SSJV,Woodlake
2018,11,30,Ivanhoe,4,2,6,0,62.01,56.86,3.01,68.04,SSJV,Ivanhoe
2018,11,30,Exeter,1,0,1,0,62.01,56.86,3.01,68.04,SSJV,Exeter
2018,11,30,South Exeter,1,0,1,0,62.01,56.86,3.01,68.04,SSJV,South Exeter
2018,11,30,Tonyville,15,3,18,0,62.01,56.86,3.01,68.04,SSJV,Tonyville
2018,11,30,West Lindsay,0,1,1,0,62.01,56.86,3.01,68.04,SSJV,West Lindsay
2018,11,30,Strathmore,1,8,9,0,62.01,56.86,3.01,68.04,SSJV,Strathmore
2018,11,30,Porterville,1,0,1,0,68.89,52.71,2.6,70.39,SSJV,Porterville
2018,11,30,Terra Bella,20,6,26,0,68.89,52.71,2.6,70.39,SSJV,Terra Bella
2018,11,30,City of Visalia,0,1,1,0,62.01,56.86,3.01,68.04,SSJV,City of Visalia
2019,4,4,Woodlake,77,13,90,0.06,58.29,69.14,2.91,62.11,SSJV,Woodlake
2019,4,4,Ivanhoe,36,5,41,0.06,58.29,69.14,2.91,62.11,SSJV,Ivanhoe
2019,4,4,Exeter,25,6,31,0.06,58.29,69.14,2.91,62.11,SSJV,Exeter
2019,4,4,South Exeter,4,2,6,0.06,58.29,69.14,2.91,62.11,SSJV,South Exeter
2019,4,4,Tonyville,11,1,12,0.06,58.29,69.14,2.91,62.11,SSJV,Tonyville
2019,4,4,West Lindsay,15,2,17,0.06,58.29,69.14,2.91,62.11,SSJV,West Lindsay
2019,4,4,Strathmore,2,4,6,0.06,58.29,69.14,2.91,62.11,SSJV,Strathmore
2019,4,4,Porterville,1,1,2,0,59.41,64.57,3.4,64.49,SSJV,Porterville
2019,4,4,Terra Bella,12,2,14,0,59.41,64.57,3.4,64.49,SSJV,Terra Bella
2019,4,4,City of Visalia,10,2,12,0.06,58.29,69.14,2.91,62.11,SSJV,City of Visalia
2019,4,11,Woodlake,69,13,82,0.03,62.77,59.29,3.3,65.44,SSJV,Woodlake
2019,4,11,Ivanhoe,20,5,25,0.03,62.77,59.29,3.3,65.44,SSJV,Ivanhoe
2019,4,11,Exeter,38,8,46,0.03,62.77,59.29,3.3,65.44,SSJV,Exeter
2019,4,11,South Exeter,14,3,17,0.03,62.77,59.29,3.3,65.44,SSJV,South Exeter
2019,4,11,Tonyville,12,2,14,0.03,62.77,59.29,3.3,65.44,SSJV,Tonyville
2019,4,11,West Lindsay,10,16,26,0.03,62.77,59.29,3.3,65.44,SSJV,West Lindsay
2019,4,11,Strathmore,4,22,26,0.03,62.77,59.29,3.3,65.44,SSJV,Strathmore
2019,4,11,Porterville,9,0,9,0,61.1,60.14,3.99,66.33,SSJV,Porterville
2019,4,11,Terra Bella,16,4,20,0,61.1,60.14,3.99,66.33,SSJV,Terra Bella
2019,4,11,City of Visalia,12,1,13,0.03,62.77,59.29,3.3,65.44,SSJV,City of Visalia
2019,4,18,Woodlake,6,14,20,0,71.07,49.71,3.27,70.56,SSJV,Woodlake
2019,4,18,Ivanhoe,21,2,23,0,71.07,49.71,3.27,70.56,SSJV,Ivanhoe
2019,4,18,Exeter,8,3,11,0,71.07,49.71,3.27,70.56,SSJV,Exeter
2019,4,18,South Exeter,9,61,70,0,71.07,49.71,3.27,70.56,SSJV,South Exeter
2019,4,18,Tonyville,5,7,12,0,71.07,49.71,3.27,70.56,SSJV,Tonyville
2019,4,18,West Lindsay,9,5,14,0,71.07,49.71,3.27,70.56,SSJV,West Lindsay
2019,4,18,Strathmore,30,76,106,0,71.07,49.71,3.27,70.56,SSJV,Strathmore
2019,4,18,Porterville,12,23,35,0.02,62.1,58.86,3.23,66.93,SSJV,Porterville
2019,4,18,Terra Bella,6,15,21,0.02,62.1,58.86,3.23,66.93,SSJV,Terra Bella
2019,4,18,City of Visalia,22,3,25,0,71.07,49.71,3.27,70.56,SSJV,City of Visalia
2019,4,25,Woodlake,24,9,33,0,68.36,52.71,3.16,73.53,SSJV,Woodlake
2019,4,25,Ivanhoe,6,4,10,0,68.36,52.71,3.16,73.53,SSJV,Ivanhoe
2019,4,25,Exeter,17,5,22,0,68.36,52.71,3.16,73.53,SSJV,Exeter
2019,4,25,South Exeter,4,2,6,0,68.36,52.71,3.16,73.53,SSJV,South Exeter
2019,4,25,Tonyville,10,1,11,0,68.36,52.71,3.16,73.53,SSJV,Tonyville
2019,4,25,West Lindsay,2,1,3,0,68.36,52.71,3.16,73.53,SSJV,West Lindsay
2019,4,25,Strathmore,42,14,56,0,68.36,52.71,3.16,73.53,SSJV,Strathmore
2019,4,25,Porterville,7,3,10,0,69.76,53.33,3.3,70.43,SSJV,Porterville
2019,4,25,Terra Bella,21,1,22,0,69.76,53.33,3.3,70.43,SSJV,Terra Bella
2019,4,25,City of Visalia,8,5,13,0,68.36,52.71,3.16,73.53,SSJV,City of Visalia
2019,5,2,Woodlake,14,7,21,0.01,67.74,51.29,3.23,72.93,SSJV,Woodlake
2019,5,2,Ivanhoe,8,4,12,0.01,67.74,51.29,3.23,72.93,SSJV,Ivanhoe
2019,5,2,Exeter,4,7,11,0.01,67.74,51.29,3.23,72.93,SSJV,Exeter
2019,5,2,South Exeter,5,0,5,0.01,67.74,51.29,3.23,72.93,SSJV,South Exeter
2019,5,2,Tonyville,14,3,17,0.01,67.74,51.29,3.23,72.93,SSJV,Tonyville
2019,5,2,West Lindsay,15,1,16,0.01,67.74,51.29,3.23,72.93,SSJV,West Lindsay
2019,5,2,Strathmore,44,6,50,0.01,67.74,51.29,3.23,72.93,SSJV,Strathmore
2019,5,2,Porterville,2,0,2,0,68.73,51.71,4.21,72.36,SSJV,Porterville
2019,5,2,Terra Bella,5,0,5,0,68.73,51.71,4.21,72.36,SSJV,Terra Bella
2019,5,2,City of Visalia,24,9,33,0.01,67.74,51.29,3.23,72.93,SSJV,City of Visalia
2019,5,9,Woodlake,2,2,4,0.09,67.91,56.43,3.31,71.26,SSJV,Woodlake
2019,5,9,Ivanhoe,14,1,15,0.09,67.91,56.43,3.31,71.26,SSJV,Ivanhoe
2019,5,9,Exeter,3,1,4,0.09,67.91,56.43,3.31,71.26,SSJV,Exeter
2019,5,9,South Exeter,3,0,3,0.09,67.91,56.43,3.31,71.26,SSJV,South Exeter
2019,5,9,Tonyville,3,0,3,0.09,67.91,56.43,3.31,71.26,SSJV,Tonyville
2019,5,9,West Lindsay,5,2,7,0.09,67.91,56.43,3.31,71.26,SSJV,West Lindsay
2019,5,9,Strathmore,20,9,29,0.09,67.91,56.43,3.31,71.26,SSJV,Strathmore
2019,5,9,Porterville,3,0,3,0,66.56,52,4.17,72.27,SSJV,Porterville
2019,5,9,Terra Bella,4,0,4,0,66.56,52,4.17,72.27,SSJV,Terra Bella
2019,5,9,City of Visalia,13,4,17,0.09,67.91,56.43,3.31,71.26,SSJV,City of Visalia
2019,5,16,Woodlake,3,1,4,0.12,57.66,72,3.26,65.4,SSJV,Woodlake
2019,5,16,Ivanhoe,4,0,4,0.12,57.66,72,3.26,65.4,SSJV,Ivanhoe
2019,5,16,Exeter,1,1,2,0.12,57.66,72,3.26,65.4,SSJV,Exeter
2019,5,16,South Exeter,1,0,1,0.12,57.66,72,3.26,65.4,SSJV,South Exeter
2019,5,16,Tonyville,6,5,11,0.12,57.66,72,3.26,65.4,SSJV,Tonyville
2019,5,16,West Lindsay,19,8,27,0.12,57.66,72,3.26,65.4,SSJV,West Lindsay
2019,5,16,Strathmore,12,2,14,0.12,57.66,72,3.26,65.4,SSJV,Strathmore
2019,5,16,Porterville,0,0,0,0.07,67.61,65.4,3.54,73.67,SSJV,Porterville
2019,5,16,Terra Bella,5,3,8,0.07,67.61,65.4,3.54,73.67,SSJV,Terra Bella
2019,5,16,City of Visalia,40,12,52,0.12,57.66,72,3.26,65.4,SSJV,City of Visalia
2019,5,23,Woodlake,0,1,1,0.09,64.4,63.43,3.2,67.1,SSJV,Woodlake
2019,5,23,Ivanhoe,0,1,1,0.09,64.4,63.43,3.2,67.1,SSJV,Ivanhoe
2019,5,23,Exeter,5,3,8,0.09,64.4,63.43,3.2,67.1,SSJV,Exeter
2019,5,23,South Exeter,0,0,0,0.09,64.4,63.43,3.2,67.1,SSJV,South Exeter
2019,5,23,Tonyville,4,2,6,0.09,64.4,63.43,3.2,67.1,SSJV,Tonyville
2019,5,23,West Lindsay,3,1,4,0.09,64.4,63.43,3.2,67.1,SSJV,West Lindsay
2019,5,23,Strathmore,14,8,22,0.09,64.4,63.43,3.2,67.1,SSJV,Strathmore
2019,5,23,Porterville,1,0,1,0.17,57.83,76.43,4.1,65.5,SSJV,Porterville
2019,5,23,Terra Bella,1,3,4,0.17,57.83,76.43,4.1,65.5,SSJV,Terra Bella
2019,5,23,City of Visalia,21,11,32,0.09,64.4,63.43,3.2,67.1,SSJV,City of Visalia
2019,5,30,Woodlake,2,0,2,0,78.46,49,3.64,73.74,SSJV,Woodlake
2019,5,30,Ivanhoe,7,3,10,0,78.46,49,3.64,73.74,SSJV,Ivanhoe
2019,5,30,Exeter,4,1,5,0,78.46,49,3.64,73.74,SSJV,Exeter
2019,5,30,South Exeter,4,1,5,0,78.46,49,3.64,73.74,SSJV,South Exeter
2019,5,30,Tonyville,1,1,2,0,78.46,49,3.64,73.74,SSJV,Tonyville
2019,5,30,West Lindsay,4,3,7,0,78.46,49,3.64,73.74,SSJV,West Lindsay
2019,5,30,Strathmore,8,2,10,0,78.46,49,3.64,73.74,SSJV,Strathmore
2019,5,30,Porterville,0,0,0,0.02,63.87,70.14,3.57,68.24,SSJV,Porterville
2019,5,30,Terra Bella,2,3,5,0.02,63.87,70.14,3.57,68.24,SSJV,Terra Bella
2019,5,30,City of Visalia,14,6,20,0,78.46,49,3.64,73.74,SSJV,City of Visalia
2019,6,6,Woodlake,1,1,2,0,79.29,36.71,3.31,76.33,SSJV,Woodlake
2019,6,6,Ivanhoe,2,3,5,0,79.29,36.71,3.31,76.33,SSJV,Ivanhoe
2019,6,6,Exeter,0,0,0,0,79.29,36.71,3.31,76.33,SSJV,Exeter
2019,6,6,South Exeter,1,1,2,0,79.29,36.71,3.31,76.33,SSJV,South Exeter
2019,6,6,Tonyville,4,1,5,0,79.29,36.71,3.31,76.33,SSJV,Tonyville
2019,6,6,West Lindsay,5,9,14,0,79.29,36.71,3.31,76.33,SSJV,West Lindsay
2019,6,6,Strathmore,9,9,18,0,79.29,36.71,3.31,76.33,SSJV,Strathmore
2019,6,6,Porterville,0,0,0,0,77.46,56,3.41,78.59,SSJV,Porterville
2019,6,6,Terra Bella,4,2,6,0,77.46,56,3.41,78.59,SSJV,Terra Bella
2019,6,6,City of Visalia,7,3,10,0,79.29,36.71,3.31,76.33,SSJV,City of Visalia
2019,6,13,Woodlake,2,0,2,0,80.5,46.29,3.46,81.51,SSJV,Woodlake
2019,6,13,Ivanhoe,3,1,4,0,80.5,46.29,3.46,81.51,SSJV,Ivanhoe
2019,6,13,Exeter,0,0,0,0,80.5,46.29,3.46,81.51,SSJV,Exeter
2019,6,13,South Exeter,1,0,1,0,80.5,46.29,3.46,81.51,SSJV,South Exeter
2019,6,13,Tonyville,1,0,1,0,80.5,46.29,3.46,81.51,SSJV,Tonyville
2019,6,13,West Lindsay,2,0,2,0,80.5,46.29,3.46,81.51,SSJV,West Lindsay
2019,6,13,Strathmore,0,0,0,0,80.5,46.29,3.46,81.51,SSJV,Strathmore
2019,6,13,Porterville,2,0,2,0,77.31,45.43,3.04,80.03,SSJV,Porterville
2019,6,13,Terra Bella,1,3,4,0,77.31,45.43,3.04,80.03,SSJV,Terra Bella
2019,6,13,City of Visalia,6,4,10,0,80.5,46.29,3.46,81.51,SSJV,City of Visalia
2019,6,20,Woodlake,1,1,2,0,76.07,42.57,3.49,83.07,SSJV,Woodlake
2019,6,20,Ivanhoe,2,0,2,0,76.07,42.57,3.49,83.07,SSJV,Ivanhoe
2019,6,20,Exeter,1,0,1,0,76.07,42.57,3.49,83.07,SSJV,Exeter
2019,6,20,South Exeter,1,2,3,0,76.07,42.57,3.49,83.07,SSJV,South Exeter
2019,6,20,Tonyville,4,2,6,0,76.07,42.57,3.49,83.07,SSJV,Tonyville
2019,6,20,West Lindsay,1,1,2,0,76.07,42.57,3.49,83.07,SSJV,West Lindsay
2019,6,20,Strathmore,4,1,5,0,76.07,42.57,3.49,83.07,SSJV,Strathmore
2019,6,20,Porterville,3,1,4,0,78.41,53.57,3.27,82.64,SSJV,Porterville
2019,6,20,Terra Bella,3,2,5,0,78.41,53.57,3.27,82.64,SSJV,Terra Bella
2019,6,20,City of Visalia,25,2,27,0,76.07,42.57,3.49,83.07,SSJV,City of Visalia
2019,6,27,Woodlake,1,1,2,0,74.36,42.71,3.57,82.47,SSJV,Woodlake
2019,6,27,Ivanhoe,2,0,2,0,74.36,42.71,3.57,82.47,SSJV,Ivanhoe
2019,6,27,Exeter,2,0,2,0,74.36,42.71,3.57,82.47,SSJV,Exeter
2019,6,27,South Exeter,1,1,2,0,74.36,42.71,3.57,82.47,SSJV,South Exeter
2019,6,27,Tonyville,8,1,9,0,74.36,42.71,3.57,82.47,SSJV,Tonyville
2019,6,27,West Lindsay,1,0,1,0,74.36,42.71,3.57,82.47,SSJV,West Lindsay
2019,6,27,Strathmore,4,1,5,0,74.36,42.71,3.57,82.47,SSJV,Strathmore
2019,6,27,Porterville,1,0,1,0,74.84,49.14,3.26,79.9,SSJV,Porterville
2019,6,27,Terra Bella,2,3,5,0,74.84,49.14,3.26,79.9,SSJV,Terra Bella
2019,6,27,City of Visalia,38,3,41,0,74.36,42.71,3.57,82.47,SSJV,City of Visalia
2019,7,5,Woodlake,0,0,0,0,76.94,44.29,3.37,82.89,SSJV,Woodlake
2019,7,5,Ivanhoe,2,0,2,0,76.94,44.29,3.37,82.89,SSJV,Ivanhoe
2019,7,5,Exeter,0,2,2,0,76.94,44.29,3.37,82.89,SSJV,Exeter
2019,7,5,South Exeter,0,2,2,0,76.94,44.29,3.37,82.89,SSJV,South Exeter
2019,7,5,Tonyville,0,2,2,0,76.94,44.29,3.37,82.89,SSJV,Tonyville
2019,7,5,West Lindsay,0,1,1,0,76.94,44.29,3.37,82.89,SSJV,West Lindsay
2019,7,5,Strathmore,1,1,2,0,76.94,44.29,3.37,82.89,SSJV,Strathmore
2019,7,5,Porterville,4,4,8,0,74.69,44.43,2.86,80.06,SSJV,Porterville
2019,7,5,Terra Bella,1,0,1,0,74.69,44.43,2.86,80.06,SSJV,Terra Bella
2019,7,5,City of Visalia,62,19,81,0,76.94,44.29,3.37,82.89,SSJV,City of Visalia
2019,7,12,Woodlake,0,0,0,0,80.7,45.14,3.43,81.67,SSJV,Woodlake
2019,7,12,Ivanhoe,0,0,0,0,80.7,45.14,3.43,81.67,SSJV,Ivanhoe
2019,7,12,Exeter,0,3,3,0,80.7,45.14,3.43,81.67,SSJV,Exeter
2019,7,12,South Exeter,0,0,0,0,80.7,45.14,3.43,81.67,SSJV,South Exeter
2019,7,12,Tonyville,2,0,2,0,80.7,45.14,3.43,81.67,SSJV,Tonyville
2019,7,12,West Lindsay,1,0,1,0,80.7,45.14,3.43,81.67,SSJV,West Lindsay
2019,7,12,Strathmore,3,1,4,0,80.7,45.14,3.43,81.67,SSJV,Strathmore
2019,7,12,Porterville,3,0,3,0,77.1,47,2.73,81.5,SSJV,Porterville
2019,7,12,Terra Bella,3,1,4,0,77.1,47,2.73,81.5,SSJV,Terra Bella
2019,7,12,City of Visalia,6,16,22,0,80.7,45.14,3.43,81.67,SSJV,City of Visalia
2019,7,19,Woodlake,0,0,0,0,81.54,50.43,3.04,80.36,SSJV,Woodlake
2019,7,19,Ivanhoe,0,0,0,0,81.54,50.43,3.04,80.36,SSJV,Ivanhoe
2019,7,19,Exeter,3,0,3,0,81.54,50.43,3.04,80.36,SSJV,Exeter
2019,7,19,South Exeter,0,0,0,0,81.54,50.43,3.04,80.36,SSJV,South Exeter
2019,7,19,Tonyville,2,0,2,0,81.54,50.43,3.04,80.36,SSJV,Tonyville
2019,7,19,West Lindsay,1,0,1,0,81.54,50.43,3.04,80.36,SSJV,West Lindsay
2019,7,19,Strathmore,3,1,4,0,81.54,50.43,3.04,80.36,SSJV,Strathmore
2019,7,19,Porterville,3,0,3,0,80.87,46,2.9,84.13,SSJV,Porterville
2019,7,19,Terra Bella,3,1,4,0,80.87,46,2.9,84.13,SSJV,Terra Bella
2019,7,19,City of Visalia,6,5,11,0,81.54,50.43,3.04,80.36,SSJV,City of Visalia
2019,7,26,Woodlake,0,0,0,0,82.63,43.43,3.33,80.09,SSJV,Woodlake
2019,7,26,Ivanhoe,1,2,3,0,82.63,43.43,3.33,80.09,SSJV,Ivanhoe
2019,7,26,Exeter,4,0,4,0,82.63,43.43,3.33,80.09,SSJV,Exeter
2019,7,26,South Exeter,0,2,2,0,82.63,43.43,3.33,80.09,SSJV,South Exeter
2019,7,26,Tonyville,1,0,1,0,82.63,43.43,3.33,80.09,SSJV,Tonyville
2019,7,26,West Lindsay,1,0,1,0,82.63,43.43,3.33,80.09,SSJV,West Lindsay
2019,7,26,Strathmore,12,2,14,0,82.63,43.43,3.33,80.09,SSJV,Strathmore
2019,7,26,Porterville,0,1,1,0,81.64,47.86,2.7,84.74,SSJV,Porterville
2019,7,26,Terra Bella,2,0,2,0,81.64,47.86,2.7,84.74,SSJV,Terra Bella
2019,7,26,City of Visalia,9,4,13,0,82.63,43.43,3.33,80.09,SSJV,City of Visalia
2019,8,2,Woodlake,0,0,0,0,82.06,45.14,3.39,79.97,SSJV,Woodlake
2019,8,2,Ivanhoe,0,0,0,0,82.06,45.14,3.39,79.97,SSJV,Ivanhoe
2019,8,2,Exeter,0,0,0,0,82.06,45.14,3.39,79.97,SSJV,Exeter
2019,8,2,South Exeter,1,0,1,0,82.06,45.14,3.39,79.97,SSJV,South Exeter
2019,8,2,Tonyville,1,0,1,0,82.06,45.14,3.39,79.97,SSJV,Tonyville
2019,8,2,West Lindsay,0,0,0,0,82.06,45.14,3.39,79.97,SSJV,West Lindsay
2019,8,2,Strathmore,2,1,3,0,82.06,45.14,3.39,79.97,SSJV,Strathmore
2019,8,2,Porterville,2,1,3,0,81.9,44.57,2.79,83.67,SSJV,Porterville
2019,8,2,Terra Bella,0,0,0,0,81.9,44.57,2.79,83.67,SSJV,Terra Bella
2019,8,2,City of Visalia,3,0,3,0,82.06,45.14,3.39,79.97,SSJV,City of Visalia
2019,8,9,Woodlake,0,0,0,0,77.73,48,3.21,78.54,SSJV,Woodlake
2019,8,9,Ivanhoe,0,0,0,0,77.73,48,3.21,78.54,SSJV,Ivanhoe
2019,8,9,Exeter,1,0,1,0,77.73,48,3.21,78.54,SSJV,Exeter
2019,8,9,South Exeter,5,0,5,0,77.73,48,3.21,78.54,SSJV,South Exeter
2019,8,9,Tonyville,0,0,0,0,77.73,48,3.21,78.54,SSJV,Tonyville
2019,8,9,West Lindsay,0,0,0,0,77.73,48,3.21,78.54,SSJV,West Lindsay
2019,8,9,Strathmore,3,1,4,0,77.73,48,3.21,78.54,SSJV,Strathmore
2019,8,9,Porterville,0,0,0,0,81.19,48.43,2.93,82.66,SSJV,Porterville
2019,8,9,Terra Bella,0,1,1,0,81.19,48.43,2.93,82.66,SSJV,Terra Bella
2019,8,9,City of Visalia,6,2,8,0,77.73,48,3.21,78.54,SSJV,City of Visalia
2019,8,16,Woodlake,0,0,0,0,78.13,50.29,3.11,79.46,SSJV,Woodlake
2019,8,16,Ivanhoe,2,0,2,0,78.13,50.29,3.11,79.46,SSJV,Ivanhoe
2019,8,16,Exeter,0,1,1,0,78.13,50.29,3.11,79.46,SSJV,Exeter
2019,8,16,South Exeter,3,1,4,0,78.13,50.29,3.11,79.46,SSJV,South Exeter
2019,8,16,Tonyville,2,1,3,0,78.13,50.29,3.11,79.46,SSJV,Tonyville
2019,8,16,West Lindsay,0,0,0,0,78.13,50.29,3.11,79.46,SSJV,West Lindsay
2019,8,16,Strathmore,1,0,1,0,78.13,50.29,3.11,79.46,SSJV,Strathmore
2019,8,16,Porterville,1,1,2,0,78.03,48.43,2.89,80.67,SSJV,Porterville
2019,8,16,Terra Bella,0,1,1,0,78.03,48.43,2.89,80.67,SSJV,Terra Bella
2019,8,16,City of Visalia,3,1,4,0,78.13,50.29,3.11,79.46,SSJV,City of Visalia
2019,8,23,Woodlake,1,0,1,0,82.69,50.71,3.03,81.23,SSJV,Woodlake
2019,8,23,Ivanhoe,2,1,3,0,82.69,50.71,3.03,81.23,SSJV,Ivanhoe
2019,8,23,Exeter,0,0,0,0,82.69,50.71,3.03,81.23,SSJV,Exeter
2019,8,23,South Exeter,6,1,7,0,82.69,50.71,3.03,81.23,SSJV,South Exeter
2019,8,23,Tonyville,2,0,2,0,82.69,50.71,3.03,81.23,SSJV,Tonyville
2019,8,23,West Lindsay,0,0,0,0,82.69,50.71,3.03,81.23,SSJV,West Lindsay
2019,8,23,Strathmore,4,0,4,0,82.69,50.71,3.03,81.23,SSJV,Strathmore
2019,8,23,Porterville,0,0,0,0,78.8,44.86,3.27,77.71,SSJV,Porterville
2019,8,23,Terra Bella,0,0,0,0,78.8,44.86,3.27,77.71,SSJV,Terra Bella
2019,8,23,City of Visalia,3,1,4,0,82.69,50.71,3.03,81.23,SSJV,City of Visalia
2019,8,30,Woodlake,0,0,0,0,81.64,48.71,3.09,79.97,SSJV,Woodlake
2019,8,30,Ivanhoe,0,0,0,0,81.64,48.71,3.09,79.97,SSJV,Ivanhoe
2019,8,30,Exeter,0,0,0,0,81.64,48.71,3.09,79.97,SSJV,Exeter
2019,8,30,South Exeter,6,3,9,0,81.64,48.71,3.09,79.97,SSJV,South Exeter
2019,8,30,Tonyville,0,0,0,0,81.64,48.71,3.09,79.97,SSJV,Tonyville
2019,8,30,West Lindsay,0,0,0,0,81.64,48.71,3.09,79.97,SSJV,West Lindsay
2019,8,30,Strathmore,2,1,3,0,81.64,48.71,3.09,79.97,SSJV,Strathmore
2019,8,30,Porterville,0,0,0,0,82.96,45.57,3.13,77.81,SSJV,Porterville
2019,8,30,Terra Bella,0,0,0,0,82.96,45.57,3.13,77.81,SSJV,Terra Bella
2019,8,30,City of Visalia,2,0,2,0,81.64,48.71,3.09,79.97,SSJV,City of Visalia
2019,9,6,Woodlake,0,0,0,0,73.53,49.71,3.34,75.83,SSJV,Woodlake
2019,9,6,Ivanhoe,0,0,0,0,73.53,49.71,3.34,75.83,SSJV,Ivanhoe
2019,9,6,Exeter,3,0,3,0,73.53,49.71,3.34,75.83,SSJV,Exeter
2019,9,6,South Exeter,0,0,0,0,73.53,49.71,3.34,75.83,SSJV,South Exeter
2019,9,6,Tonyville,0,0,0,0,73.53,49.71,3.34,75.83,SSJV,Tonyville
2019,9,6,West Lindsay,1,0,1,0,73.53,49.71,3.34,75.83,SSJV,West Lindsay
2019,9,6,Strathmore,3,1,4,0,73.53,49.71,3.34,75.83,SSJV,Strathmore
2019,9,6,Porterville,1,1,2,0,81.43,47.71,2.84,76.13,SSJV,Porterville
2019,9,6,Terra Bella,1,0,1,0,81.43,47.71,2.84,76.13,SSJV,Terra Bella
2019,9,6,City of Visalia,2,0,2,0,73.53,49.71,3.34,75.83,SSJV,City of Visalia
2019,9,13,Woodlake,1,0,1,0,72.16,45.29,3.17,72.94,SSJV,Woodlake
2019,9,13,Ivanhoe,0,0,0,0,72.16,45.29,3.17,72.94,SSJV,Ivanhoe
2019,9,13,Exeter,3,0,3,0,72.16,45.29,3.17,72.94,SSJV,Exeter
2019,9,13,South Exeter,2,0,2,0,72.16,45.29,3.17,72.94,SSJV,South Exeter
2019,9,13,Tonyville,0,0,0,0,72.16,45.29,3.17,72.94,SSJV,Tonyville
2019,9,13,West Lindsay,0,0,0,0,72.16,45.29,3.17,72.94,SSJV,West Lindsay
2019,9,13,Strathmore,5,0,5,0,72.16,45.29,3.17,72.94,SSJV,Strathmore
2019,9,13,Porterville,1,0,1,0,72.64,50.43,3.09,72.97,SSJV,Porterville
2019,9,13,Terra Bella,0,0,0,0,72.64,50.43,3.09,72.97,SSJV,Terra Bella
2019,9,13,City of Visalia,0,0,0,0,72.16,45.29,3.17,72.94,SSJV,City of Visalia
2019,9,20,Woodlake,0,0,0,0,73.26,43.57,3.09,71.36,SSJV,Woodlake
2019,9,20,Ivanhoe,0,0,0,0,73.26,43.57,3.09,71.36,SSJV,Ivanhoe
2019,9,20,Exeter,0,0,0,0,73.26,43.57,3.09,71.36,SSJV,Exeter
2019,9,20,South Exeter,2,0,2,0,73.26,43.57,3.09,71.36,SSJV,South Exeter
2019,9,20,Tonyville,0,0,0,0,73.26,43.57,3.09,71.36,SSJV,Tonyville
2019,9,20,West Lindsay,0,0,0,0,73.26,43.57,3.09,71.36,SSJV,West Lindsay
2019,9,20,Strathmore,0,0,0,0,73.26,43.57,3.09,71.36,SSJV,Strathmore
2019,9,20,Porterville,0,0,0,0,71.63,50.29,3.04,71.84,SSJV,Porterville
2019,9,20,Terra Bella,0,0,0,0,71.63,50.29,3.04,71.84,SSJV,Terra Bella
2019,9,20,City of Visalia,0,0,0,0,73.26,43.57,3.09,71.36,SSJV,City of Visalia
2019,9,27,Woodlake,0,0,0,0,61.04,55.29,2.99,67.97,SSJV,Woodlake
2019,9,27,Ivanhoe,2,0,2,0,61.04,55.29,2.99,67.97,SSJV,Ivanhoe
2019,9,27,Exeter,0,0,0,0,61.04,55.29,2.99,67.97,SSJV,Exeter
2019,9,27,South Exeter,0,0,0,0,61.04,55.29,2.99,67.97,SSJV,South Exeter
2019,9,27,Tonyville,1,0,1,0,61.04,55.29,2.99,67.97,SSJV,Tonyville
2019,9,27,West Lindsay,0,0,0,0,61.04,55.29,2.99,67.97,SSJV,West Lindsay
2019,9,27,Strathmore,6,5,11,0,61.04,55.29,2.99,67.97,SSJV,Strathmore
2019,9,27,Porterville,0,0,0,0,72.26,50.29,2.81,70.39,SSJV,Porterville
2019,9,27,Terra Bella,0,0,0,0,72.26,50.29,2.81,70.39,SSJV,Terra Bella
2019,9,27,City of Visalia,1,0,1,0,61.04,55.29,2.99,67.97,SSJV,City of Visalia
2019,10,4,Woodlake,0,0,0,0,65.16,43.71,3.17,65.76,SSJV,Woodlake
2019,10,4,Ivanhoe,0,0,0,0,65.16,43.71,3.17,65.76,SSJV,Ivanhoe
2019,10,4,Exeter,0,0,0,0,65.16,43.71,3.17,65.76,SSJV,Exeter
2019,10,4,South Exeter,1,1,2,0,65.16,43.71,3.17,65.76,SSJV,South Exeter
2019,10,4,Tonyville,0,0,0,0,65.16,43.71,3.17,65.76,SSJV,Tonyville
2019,10,4,West Lindsay,0,0,0,0,65.16,43.71,3.17,65.76,SSJV,West Lindsay
2019,10,4,Strathmore,7,3,10,0,65.16,43.71,3.17,65.76,SSJV,Strathmore
2019,10,4,Porterville,0,0,0,0,61.8,54.57,3.21,66.56,SSJV,Porterville
2019,10,4,Terra Bella,0,0,0,0,61.8,54.57,3.21,66.56,SSJV,Terra Bella
2019,10,4,City of Visalia,2,0,2,0,65.16,43.71,3.17,65.76,SSJV,City of Visalia
2019,10,11,Woodlake,0,0,0,0,62.71,41.14,3.23,63.3,SSJV,Woodlake
2019,10,11,Ivanhoe,4,1,5,0,62.71,41.14,3.23,63.3,SSJV,Ivanhoe
2019,10,11,Exeter,0,0,0,0,62.71,41.14,3.23,63.3,SSJV,Exeter
2019,10,11,South Exeter,0,0,0,0,62.71,41.14,3.23,63.3,SSJV,South Exeter
2019,10,11,Tonyville,2,0,2,0,62.71,41.14,3.23,63.3,SSJV,Tonyville
2019,10,11,West Lindsay,1,0,1,0,62.71,41.14,3.23,63.3,SSJV,West Lindsay
2019,10,11,Strathmore,15,14,29,0,62.71,41.14,3.23,63.3,SSJV,Strathmore
2019,10,11,Porterville,0,0,0,0,63.56,49.57,2.64,64.41,SSJV,Porterville
2019,10,11,Terra Bella,0,0,0,0,63.56,49.57,2.64,64.41,SSJV,Terra Bella
2019,10,11,City of Visalia,3,1,4,0,62.71,41.14,3.23,63.3,SSJV,City of Visalia
2019,10,18,Woodlake,0,0,0,0,62.93,57.86,3.21,64.4,SSJV,Woodlake
2019,10,18,Ivanhoe,3,1,4,0,62.93,57.86,3.21,64.4,SSJV,Ivanhoe
2019,10,18,Exeter,0,0,0,0,62.93,57.86,3.21,64.4,SSJV,Exeter
2019,10,18,South Exeter,0,0,0,0,62.93,57.86,3.21,64.4,SSJV,South Exeter
2019,10,18,Tonyville,2,1,3,0,62.93,57.86,3.21,64.4,SSJV,Tonyville
2019,10,18,West Lindsay,1,0,1,0,62.93,57.86,3.21,64.4,SSJV,West Lindsay
2019,10,18,Strathmore,10,8,18,0,62.93,57.86,3.21,64.4,SSJV,Strathmore
2019,10,18,Porterville,0,0,0,0,60.94,47.57,2.64,61.96,SSJV,Porterville
2019,10,18,Terra Bella,0,0,0,0,60.94,47.57,2.64,61.96,SSJV,Terra Bella
2019,10,18,City of Visalia,3,0,3,0,62.93,57.86,3.21,64.4,SSJV,City of Visalia
2019,10,25,Woodlake,0,0,0,0,58.03,42.43,3.1,62.89,SSJV,Woodlake
2019,10,25,Ivanhoe,4,2,6,0,58.03,42.43,3.1,62.89,SSJV,Ivanhoe
2019,10,25,Exeter,0,0,0,0,58.03,42.43,3.1,62.89,SSJV,Exeter
2019,10,25,South Exeter,0,0,0,0,58.03,42.43,3.1,62.89,SSJV,South Exeter
2019,10,25,Tonyville,2,2,4,0,58.03,42.43,3.1,62.89,SSJV,Tonyville
2019,10,25,West Lindsay,1,1,2,0,58.03,42.43,3.1,62.89,SSJV,West Lindsay
2019,10,25,Strathmore,10,2,12,0,58.03,42.43,3.1,62.89,SSJV,Strathmore
2019,10,25,Porterville,0,0,0,0,61.26,60.71,2.64,62.39,SSJV,Porterville
2019,10,25,Terra Bella,1,0,1,0,61.26,60.71,2.64,62.39,SSJV,Terra Bella
2019,10,25,City of Visalia,1,0,1,0,58.03,42.43,3.1,62.89,SSJV,City of Visalia
2019,11,1,Woodlake,0,0,0,0,54.8,32,3.4,58.3,SSJV,Woodlake
2019,11,1,Ivanhoe,0,0,0,0,54.8,32,3.4,58.3,SSJV,Ivanhoe
2019,11,1,Exeter,0,0,0,0,54.8,32,3.4,58.3,SSJV,Exeter
2019,11,1,South Exeter,0,0,0,0,54.8,32,3.4,58.3,SSJV,South Exeter
2019,11,1,Tonyville,8,1,9,0,54.8,32,3.4,58.3,SSJV,Tonyville
2019,11,1,West Lindsay,0,0,0,0,54.8,32,3.4,58.3,SSJV,West Lindsay
2019,11,1,Strathmore,5,2,7,0,54.8,32,3.4,58.3,SSJV,Strathmore
2019,11,1,Porterville,0,0,0,0,55.73,47.71,2.67,59.54,SSJV,Porterville
2019,11,1,Terra Bella,0,0,0,0,55.73,47.71,2.67,59.54,SSJV,Terra Bella
2019,11,1,City of Visalia,1,0,1,0,54.8,32,3.4,58.3,SSJV,City of Visalia
2019,11,8,Woodlake,0,0,0,0,61.07,34.29,3.87,59.39,SSJV,Woodlake
2019,11,8,Ivanhoe,2,1,3,0,61.07,34.29,3.87,59.39,SSJV,Ivanhoe
2019,11,8,Exeter,0,0,0,0,61.07,34.29,3.87,59.39,SSJV,Exeter
2019,11,8,South Exeter,0,0,0,0,61.07,34.29,3.87,59.39,SSJV,South Exeter
2019,11,8,Tonyville,0,0,0,0,61.07,34.29,3.87,59.39,SSJV,Tonyville
2019,11,8,West Lindsay,0,0,0,0,61.07,34.29,3.87,59.39,SSJV,West Lindsay
2019,11,8,Strathmore,3,2,5,0,61.07,34.29,3.87,59.39,SSJV,Strathmore
2019,11,8,Porterville,1,0,1,0,55.07,44.86,2.17,55.91,SSJV,Porterville
2019,11,8,Terra Bella,0,0,0,0,55.07,44.86,2.17,55.91,SSJV,Terra Bella
2019,11,8,City of Visalia,1,1,2,0,61.07,34.29,3.87,59.39,SSJV,City of Visalia
2019,11,15,Woodlake,0,0,0,0,59.96,50.57,3.39,60.2,SSJV,Woodlake
2019,11,15,Ivanhoe,2,0,2,0,59.96,50.57,3.39,60.2,SSJV,Ivanhoe
2019,11,15,Exeter,0,0,0,0,59.96,50.57,3.39,60.2,SSJV,Exeter
2019,11,15,South Exeter,0,0,0,0,59.96,50.57,3.39,60.2,SSJV,South Exeter
2019,11,15,Tonyville,2,0,2,0,59.96,50.57,3.39,60.2,SSJV,Tonyville
2019,11,15,West Lindsay,0,0,0,0,59.96,50.57,3.39,60.2,SSJV,West Lindsay
2019,11,15,Strathmore,2,1,3,0,59.96,50.57,3.39,60.2,SSJV,Strathmore
2019,11,15,Porterville,0,0,0,0,58.09,56.57,2.11,57.59,SSJV,Porterville
2019,11,15,Terra Bella,0,0,0,0,58.09,56.57,2.11,57.59,SSJV,Terra Bella
2019,11,15,City of Visalia,0,0,0,0,59.96,50.57,3.39,60.2,SSJV,City of Visalia
2019,11,22,Woodlake,0,0,0,0,56.16,66.86,3.04,59.27,SSJV,Woodlake
2019,11,22,Ivanhoe,2,0,2,0,56.16,66.86,3.04,59.27,SSJV,Ivanhoe
2019,11,22,Exeter,0,0,0,0,56.16,66.86,3.04,59.27,SSJV,Exeter
2019,11,22,South Exeter,0,0,0,0,56.16,66.86,3.04,59.27,SSJV,South Exeter
2019,11,22,Tonyville,3,0,3,0,56.16,66.86,3.04,59.27,SSJV,Tonyville
2019,11,22,West Lindsay,0,0,0,0,56.16,66.86,3.04,59.27,SSJV,West Lindsay
2019,11,22,Strathmore,13,5,18,0,56.16,66.86,3.04,59.27,SSJV,Strathmore
2019,11,22,Porterville,0,0,0,0.02,54.44,74.43,2.53,55.5,SSJV,Porterville
2019,11,22,Terra Bella,0,0,0,0.02,54.44,74.43,2.53,55.5,SSJV,Terra Bella
2019,11,22,City of Visalia,0,0,0,0,56.16,66.86,3.04,59.27,SSJV,City of Visalia
2019,11,29,Woodlake,0,0,0,0.15,48.4,68.57,3.3,54.74,SSJV,Woodlake
2019,11,29,Ivanhoe,0,0,0,0.15,48.4,68.57,3.3,54.74,SSJV,Ivanhoe
2019,11,29,Exeter,0,0,0,0.15,48.4,68.57,3.3,54.74,SSJV,Exeter
2019,11,29,South Exeter,0,0,0,0.15,48.4,68.57,3.3,54.74,SSJV,South Exeter
2019,11,29,Tonyville,0,0,0,0.15,48.4,68.57,3.3,54.74,SSJV,Tonyville
2019,11,29,West Lindsay,0,0,0,0.15,48.4,68.57,3.3,54.74,SSJV,West Lindsay
2019,11,29,Strathmore,1,0,1,0.15,48.4,68.57,3.3,54.74,SSJV,Strathmore
2019,11,29,Porterville,0,0,0,0.08,47.46,72.43,3.13,50.19,SSJV,Porterville
2019,11,29,Terra Bella,1,0,1,0.08,47.46,72.43,3.13,50.19,SSJV,Terra Bella
2019,11,29,City of Visalia,0,0,0,0.15,48.4,68.57,3.3,54.74,SSJV,City of Visalia
2020,4,2,Woodlake,1,0,1,0.01,53.97,69.71,2.96,59.3,SSJV,Woodlake
2020,4,2,Ivanhoe,21,4,25,0.01,53.97,69.71,2.96,59.3,SSJV,Ivanhoe
2020,4,2,Exeter,3,0,3,0.01,53.97,69.71,2.96,59.3,SSJV,Exeter
2020,4,2,South Exeter,1,0,1,0.01,53.97,69.71,2.96,59.3,SSJV,South Exeter
2020,4,2,Tonyville,9,8,17,0.01,53.97,69.71,2.96,59.3,SSJV,Tonyville
2020,4,2,West Lindsay,0,1,1,0.01,53.97,69.71,2.96,59.3,SSJV,West Lindsay
2020,4,2,Strathmore,8,5,13,0.01,53.97,69.71,2.96,59.3,SSJV,Strathmore
2020,4,2,Porterville,1,1,2,0.31,53.76,73.86,4.04,57.69,SSJV,Porterville
2020,4,2,Terra Bella,4,3,7,0.31,53.76,73.86,4.04,57.69,SSJV,Terra Bella
2020,4,2,City of Visalia,0,0,0,0.01,53.97,69.71,2.96,59.3,SSJV,City of Visalia
2020,4,9,Woodlake,8,3,11,0.27,54.67,69.71,3.33,60.53,SSJV,Woodlake
2020,4,9,Ivanhoe,9,8,17,0.27,54.67,69.71,3.33,60.53,SSJV,Ivanhoe
2020,4,9,Exeter,13,6,19,0.27,54.67,69.71,3.33,60.53,SSJV,Exeter
2020,4,9,South Exeter,4,1,5,0.27,54.67,69.71,3.33,60.53,SSJV,South Exeter
2020,4,9,Tonyville,14,7,21,0.27,54.67,69.71,3.33,60.53,SSJV,Tonyville
2020,4,9,West Lindsay,0,0,0,0.27,54.67,69.71,3.33,60.53,SSJV,West Lindsay
2020,4,9,Strathmore,26,11,37,0.27,54.67,69.71,3.33,60.53,SSJV,Strathmore
2020,4,9,Porterville,16,3,19,0,61.47,65.57,3.56,62.39,SSJV,Porterville
2020,4,9,Terra Bella,19,7,26,0,61.47,65.57,3.56,62.39,SSJV,Terra Bella
2020,4,9,City of Visalia,3,2,5,0.27,54.67,69.71,3.33,60.53,SSJV,City of Visalia
2020,4,16,Woodlake,23,9,32,0,62.57,63.14,3.06,64.79,SSJV,Woodlake
2020,4,16,Ivanhoe,22,8,30,0,62.57,63.14,3.06,64.79,SSJV,Ivanhoe
2020,4,16,Exeter,21,8,29,0,62.57,63.14,3.06,64.79,SSJV,Exeter
2020,4,16,South Exeter,2,0,2,0,62.57,63.14,3.06,64.79,SSJV,South Exeter
2020,4,16,Tonyville,14,9,23,0,62.57,63.14,3.06,64.79,SSJV,Tonyville
2020,4,16,West Lindsay,9,1,10,0,62.57,63.14,3.06,64.79,SSJV,West Lindsay
2020,4,16,Strathmore,19,3,22,0,62.57,63.14,3.06,64.79,SSJV,Strathmore
2020,4,16,Porterville,5,2,7,0.09,61.84,73.43,3.64,64.41,SSJV,Porterville
2020,4,16,Terra Bella,4,3,7,0.09,61.84,73.43,3.64,64.41,SSJV,Terra Bella
2020,4,16,City of Visalia,4,0,4,0,62.57,63.14,3.06,64.79,SSJV,City of Visalia
2020,4,23,Woodlake,15,4,19,0.07,62.16,74.29,2.69,66.67,SSJV,Woodlake
2020,4,23,Ivanhoe,12,3,15,0.07,62.16,74.29,2.69,66.67,SSJV,Ivanhoe
2020,4,23,Exeter,27,17,44,0.07,62.16,74.29,2.69,66.67,SSJV,Exeter
2020,4,23,South Exeter,9,1,10,0.07,62.16,74.29,2.69,66.67,SSJV,South Exeter
2020,4,23,Tonyville,16,3,19,0.07,62.16,74.29,2.69,66.67,SSJV,Tonyville
2020,4,23,West Lindsay,21,2,23,0.07,62.16,74.29,2.69,66.67,SSJV,West Lindsay
2020,4,23,Strathmore,186,16,202,0.07,62.16,74.29,2.69,66.67,SSJV,Strathmore
2020,4,23,Porterville,0,0,0,0,71.73,55.5,3.07,74.2,SSJV,Porterville
2020,4,23,Terra Bella,1,1,2,0,71.73,55.5,3.07,74.2,SSJV,Terra Bella
2020,4,23,City of Visalia,2,1,3,0.07,62.16,74.29,2.69,66.67,SSJV,City of Visalia
2020,4,30,Woodlake,8,1,9,0,73.1,54.71,3.19,74.69,SSJV,Woodlake
2020,4,30,Ivanhoe,4,1,5,0,73.1,54.71,3.19,74.69,SSJV,Ivanhoe
2020,4,30,Exeter,27,7,34,0,73.1,54.71,3.19,74.69,SSJV,Exeter
2020,4,30,South Exeter,3,2,5,0,73.1,54.71,3.19,74.69,SSJV,South Exeter
2020,4,30,Tonyville,9,3,12,0,73.1,54.71,3.19,74.69,SSJV,Tonyville
2020,4,30,West Lindsay,21,4,25,0,73.1,54.71,3.19,74.69,SSJV,West Lindsay
2020,4,30,Strathmore,93,10,103,0,73.1,54.71,3.19,74.69,SSJV,Strathmore
2020,4,30,Porterville,1,1,2,0,67.9,49,3.27,74.81,SSJV,Porterville
2020,4,30,Terra Bella,4,2,6,0,67.9,49,3.27,74.81,SSJV,Terra Bella
2020,4,30,City of Visalia,1,1,2,0,73.1,54.71,3.19,74.69,SSJV,City of Visalia
2020,5,7,Woodlake,4,0,4,0,68.49,48,3.46,73.4,SSJV,Woodlake
2020,5,7,Ivanhoe,2,1,3,0,68.49,48,3.46,73.4,SSJV,Ivanhoe
2020,5,7,Exeter,8,2,10,0,68.49,48,3.46,73.4,SSJV,Exeter
2020,5,7,South Exeter,1,0,1,0,68.49,48,3.46,73.4,SSJV,South Exeter
2020,5,7,Tonyville,30,8,38,0,68.49,48,3.46,73.4,SSJV,Tonyville
2020,5,7,West Lindsay,8,3,11,0,68.49,48,3.46,73.4,SSJV,West Lindsay
2020,5,7,Strathmore,25,3,28,0,68.49,48,3.46,73.4,SSJV,Strathmore
2020,5,7,Porterville,4,0,4,0,70.26,43.14,4.46,76.99,SSJV,Porterville
2020,5,7,Terra Bella,2,2,4,0,70.26,43.14,4.46,76.99,SSJV,Terra Bella
2020,5,7,City of Visalia,1,0,1,0,68.49,48,3.46,73.4,SSJV,City of Visalia
2020,5,14,Woodlake,1,1,2,0,70.6,42.57,3.47,76.8,SSJV,Woodlake
2020,5,14,Ivanhoe,3,3,6,0,70.6,42.57,3.47,76.8,SSJV,Ivanhoe
2020,5,14,Exeter,3,0,3,0,70.6,42.57,3.47,76.8,SSJV,Exeter
2020,5,14,South Exeter,0,1,1,0,70.6,42.57,3.47,76.8,SSJV,South Exeter
2020,5,14,Tonyville,6,4,10,0,70.6,42.57,3.47,76.8,SSJV,Tonyville
2020,5,14,West Lindsay,1,1,2,0,70.6,42.57,3.47,76.8,SSJV,West Lindsay
2020,5,14,Strathmore,13,12,25,0,70.6,42.57,3.47,76.8,SSJV,Strathmore
2020,5,14,Porterville,1,0,1,0.02,66.24,54.71,3.93,74.63,SSJV,Porterville
2020,5,14,Terra Bella,2,2,4,0.02,66.24,54.71,3.93,74.63,SSJV,Terra Bella
2020,5,14,City of Visalia,0,0,0,0,70.6,42.57,3.47,76.8,SSJV,City of Visalia
2020,5,21,Woodlake,7,1,8,0.06,66.21,55.71,3.64,74.9,SSJV,Woodlake
2020,5,21,Ivanhoe,3,2,5,0.06,66.21,55.71,3.64,74.9,SSJV,Ivanhoe
2020,5,21,Exeter,9,2,11,0.06,66.21,55.71,3.64,74.9,SSJV,Exeter
2020,5,21,South Exeter,1,0,1,0.06,66.21,55.71,3.64,74.9,SSJV,South Exeter
2020,5,21,Tonyville,17,14,31,0.06,66.21,55.71,3.64,74.9,SSJV,Tonyville
2020,5,21,West Lindsay,1,0,1,0.06,66.21,55.71,3.64,74.9,SSJV,West Lindsay
2020,5,21,Strathmore,13,11,24,0.06,66.21,55.71,3.64,74.9,SSJV,Strathmore
2020,5,21,Porterville,1,0,1,0,75.59,44.43,3.11,78.33,SSJV,Porterville
2020,5,21,Terra Bella,6,4,10,0,75.59,44.43,3.11,78.33,SSJV,Terra Bella
2020,5,21,City of Visalia,2,1,3,0.06,66.21,55.71,3.64,74.9,SSJV,City of Visalia
2020,5,28,Woodlake,3,1,4,0.03,77.43,38,3.51,74.09,SSJV,Woodlake
2020,5,28,Ivanhoe,2,1,3,0.03,77.43,38,3.51,74.09,SSJV,Ivanhoe
2020,5,28,Exeter,0,0,0,0.03,77.43,38,3.51,74.09,SSJV,Exeter
2020,5,28,South Exeter,2,0,2,0.03,77.43,38,3.51,74.09,SSJV,South Exeter
2020,5,28,Tonyville,19,8,27,0.03,77.43,38,3.51,74.09,SSJV,Tonyville
2020,5,28,West Lindsay,1,0,1,0.03,77.43,38,3.51,74.09,SSJV,West Lindsay
2020,5,28,Strathmore,4,1,5,0.03,77.43,38,3.51,74.09,SSJV,Strathmore
2020,5,28,Porterville,0,0,0,0,75.57,52.71,3.89,77.86,SSJV,Porterville
2020,5,28,Terra Bella,0,0,0,0,75.57,52.71,3.89,77.86,SSJV,Terra Bella
2020,5,28,City of Visalia,0,0,0,0.03,77.43,38,3.51,74.09,SSJV,City of Visalia
2020,6,4,Woodlake,2,0,2,0,76.73,48,3.3,76.89,SSJV,Woodlake
2020,6,4,Ivanhoe,0,0,0,0,76.73,48,3.3,76.89,SSJV,Ivanhoe
2020,6,4,Exeter,1,0,1,0,76.73,48,3.3,76.89,SSJV,Exeter
2020,6,4,South Exeter,3,0,3,0,76.73,48,3.3,76.89,SSJV,South Exeter
2020,6,4,Tonyville,2,2,4,0,76.73,48,3.3,76.89,SSJV,Tonyville
2020,6,4,West Lindsay,6,5,11,0,76.73,48,3.3,76.89,SSJV,West Lindsay
2020,6,4,Strathmore,1,4,5,0,76.73,48,3.3,76.89,SSJV,Strathmore
2020,6,4,Porterville,3,1,4,0,70.14,44.14,4.5,77.37,SSJV,Porterville
2020,6,4,Terra Bella,0,0,0,0,70.14,44.14,4.5,77.37,SSJV,Terra Bella
2020,6,4,City of Visalia,3,1,4,0,76.73,48,3.3,76.89,SSJV,City of Visalia
2020,6,11,Woodlake,3,1,4,0.02,72.8,36.43,3.91,76.3,SSJV,Woodlake
2020,6,11,Ivanhoe,16,2,18,0.02,72.8,36.43,3.91,76.3,SSJV,Ivanhoe
2020,6,11,Exeter,3,1,4,0.02,72.8,36.43,3.91,76.3,SSJV,Exeter
2020,6,11,South Exeter,2,1,3,0.02,72.8,36.43,3.91,76.3,SSJV,South Exeter
2020,6,11,Tonyville,9,2,11,0.02,72.8,36.43,3.91,76.3,SSJV,Tonyville
2020,6,11,West Lindsay,3,3,6,0.02,72.8,36.43,3.91,76.3,SSJV,West Lindsay
2020,6,11,Strathmore,7,6,13,0.02,72.8,36.43,3.91,76.3,SSJV,Strathmore
2020,6,11,Porterville,6,3,9,0,71.23,47.57,3.66,79.03,SSJV,Porterville
2020,6,11,Terra Bella,51,7,58,0,71.23,47.57,3.66,79.03,SSJV,Terra Bella
2020,6,11,City of Visalia,5,1,6,0.02,72.8,36.43,3.91,76.3,SSJV,City of Visalia
2020,6,18,Woodlake,4,5,9,0.07,71.74,43,3.76,75.57,SSJV,Woodlake
2020,6,18,Ivanhoe,11,6,17,0.07,71.74,43,3.76,75.57,SSJV,Ivanhoe
2020,6,18,Exeter,7,3,10,0.07,71.74,43,3.76,75.57,SSJV,Exeter
2020,6,18,South Exeter,3,1,4,0.07,71.74,43,3.76,75.57,SSJV,South Exeter
2020,6,18,Tonyville,8,2,10,0.07,71.74,43,3.76,75.57,SSJV,Tonyville
2020,6,18,West Lindsay,1,0,1,0.07,71.74,43,3.76,75.57,SSJV,West Lindsay
2020,6,18,Strathmore,9,5,14,0.07,71.74,43,3.76,75.57,SSJV,Strathmore
2020,6,18,Porterville,3,1,4,0,81.23,45.71,3.03,81.07,SSJV,Porterville
2020,6,18,Terra Bella,3,1,4,0,81.23,45.71,3.03,81.07,SSJV,Terra Bella
2020,6,18,City of Visalia,16,4,20,0.07,71.74,43,3.76,75.57,SSJV,City of Visalia
2020,6,26,Woodlake,2,0,2,0.07,82.17,41.43,3.36,80.01,SSJV,Woodlake
2020,6,26,Ivanhoe,6,5,11,0.07,82.17,41.43,3.36,80.01,SSJV,Ivanhoe
2020,6,26,Exeter,3,0,3,0.07,82.17,41.43,3.36,80.01,SSJV,Exeter
2020,6,26,South Exeter,1,0,1,0.07,82.17,41.43,3.36,80.01,SSJV,South Exeter
2020,6,26,Tonyville,3,2,5,0.07,82.17,41.43,3.36,80.01,SSJV,Tonyville
2020,6,26,West Lindsay,2,1,3,0.07,82.17,41.43,3.36,80.01,SSJV,West Lindsay
2020,6,26,Strathmore,8,0,8,0.07,82.17,41.43,3.36,80.01,SSJV,Strathmore
2020,6,26,Porterville,2,0,2,0,77.44,43.29,4.21,76.87,SSJV,Porterville
2020,6,26,Terra Bella,0,0,0,0,77.44,43.29,4.21,76.87,SSJV,Terra Bella
2020,6,26,City of Visalia,2,1,3,0.07,82.17,41.43,3.36,80.01,SSJV,City of Visalia
2020,7,3,Woodlake,0,0,0,0.06,78.97,39.71,3.51,78.09,SSJV,Woodlake
2020,7,3,Ivanhoe,0,1,1,0.06,78.97,39.71,3.51,78.09,SSJV,Ivanhoe
2020,7,3,Exeter,1,0,1,0.06,78.97,39.71,3.51,78.09,SSJV,Exeter
2020,7,3,South Exeter,4,1,5,0.06,78.97,39.71,3.51,78.09,SSJV,South Exeter
2020,7,3,Tonyville,1,0,1,0.06,78.97,39.71,3.51,78.09,SSJV,Tonyville
2020,7,3,West Lindsay,0,0,0,0.06,78.97,39.71,3.51,78.09,SSJV,West Lindsay
2020,7,3,Strathmore,5,2,7,0.06,78.97,39.71,3.51,78.09,SSJV,Strathmore
2020,7,3,Porterville,1,1,2,0,78.2,42.71,3.06,76.03,SSJV,Porterville
2020,7,3,Terra Bella,11,1,12,0,78.2,42.71,3.06,76.03,SSJV,Terra Bella
2020,7,3,City of Visalia,2,1,3,0.06,78.97,39.71,3.51,78.09,SSJV,City of Visalia
2020,7,10,Woodlake,2,0,2,0.04,77.4,37.71,3.4,75.7,SSJV,Woodlake
2020,7,10,Ivanhoe,4,2,6,0.04,77.4,37.71,3.4,75.7,SSJV,Ivanhoe
2020,7,10,Exeter,1,0,1,0.04,77.4,37.71,3.4,75.7,SSJV,Exeter
2020,7,10,South Exeter,2,1,3,0.04,77.4,37.71,3.4,75.7,SSJV,South Exeter
2020,7,10,Tonyville,0,0,0,0.04,77.4,37.71,3.4,75.7,SSJV,Tonyville
2020,7,10,West Lindsay,0,1,1,0.04,77.4,37.71,3.4,75.7,SSJV,West Lindsay
2020,7,10,Strathmore,11,6,17,0.04,77.4,37.71,3.4,75.7,SSJV,Strathmore
2020,7,10,Porterville,0,0,0,0,81.77,39.57,3.43,77.14,SSJV,Porterville
2020,7,10,Terra Bella,0,0,0,0,81.77,39.57,3.43,77.14,SSJV,Terra Bella
2020,7,10,City of Visalia,2,3,5,0.04,77.4,37.71,3.4,75.7,SSJV,City of Visalia
2020,7,17,Woodlake,0,0,0,0,83.9,37.14,3.43,83.53,SSJV,Woodlake
2020,7,17,Ivanhoe,1,1,2,0,83.9,37.14,3.43,83.53,SSJV,Ivanhoe
2020,7,17,Exeter,0,0,0,0,83.9,37.14,3.43,83.53,SSJV,Exeter
2020,7,17,South Exeter,2,1,3,0,83.9,37.14,3.43,83.53,SSJV,South Exeter
2020,7,17,Tonyville,0,0,0,0,83.9,37.14,3.43,83.53,SSJV,Tonyville
2020,7,17,West Lindsay,4,1,5,0,83.9,37.14,3.43,83.53,SSJV,West Lindsay
2020,7,17,Strathmore,6,6,12,0,83.9,37.14,3.43,83.53,SSJV,Strathmore
2020,7,17,Porterville,1,0,1,0,79.57,46.71,3.37,76.9,SSJV,Porterville
2020,7,17,Terra Bella,0,0,0,0,79.57,46.71,3.37,76.9,SSJV,Terra Bella
2020,7,17,City of Visalia,0,0,0,0,83.9,37.14,3.43,83.53,SSJV,City of Visalia
2020,7,24,Woodlake,0,1,1,0,80.93,45.43,3.3,86.77,SSJV,Woodlake
2020,7,24,Ivanhoe,5,2,7,0,80.93,45.43,3.3,86.77,SSJV,Ivanhoe
2020,7,24,Exeter,0,0,0,0,80.93,45.43,3.3,86.77,SSJV,Exeter
2020,7,24,South Exeter,4,0,4,0,80.93,45.43,3.3,86.77,SSJV,South Exeter
2020,7,24,Tonyville,0,0,0,0,80.93,45.43,3.3,86.77,SSJV,Tonyville
2020,7,24,West Lindsay,4,0,4,0,80.93,45.43,3.3,86.77,SSJV,West Lindsay
2020,7,24,Strathmore,4,0,4,0,80.93,45.43,3.3,86.77,SSJV,Strathmore
2020,7,24,Porterville,0,0,0,0,80.67,46.14,3,76.96,SSJV,Porterville
2020,7,24,Terra Bella,0,1,1,0,80.67,46.14,3,76.96,SSJV,Terra Bella
2020,7,24,City of Visalia,5,0,5,0,80.93,45.43,3.3,86.77,SSJV,City of Visalia
2020,7,31,Woodlake,0,0,0,0,82.43,43.14,3.27,87.33,SSJV,Woodlake
2020,7,31,Ivanhoe,6,0,6,0,82.43,43.14,3.27,87.33,SSJV,Ivanhoe
2020,7,31,Exeter,0,0,0,0,82.43,43.14,3.27,87.33,SSJV,Exeter
2020,7,31,South Exeter,1,1,2,0,82.43,43.14,3.27,87.33,SSJV,South Exeter
2020,7,31,Tonyville,0,1,1,0,82.43,43.14,3.27,87.33,SSJV,Tonyville
2020,7,31,West Lindsay,0,0,0,0,82.43,43.14,3.27,87.33,SSJV,West Lindsay
2020,7,31,Strathmore,2,1,3,0,82.43,43.14,3.27,87.33,SSJV,Strathmore
2020,7,31,Porterville,1,0,1,0,78.41,48.29,3.1,76.56,SSJV,Porterville
2020,7,31,Terra Bella,5,0,5,0,78.41,48.29,3.1,76.56,SSJV,Terra Bella
2020,7,31,City of Visalia,2,1,3,0,82.43,43.14,3.27,87.33,SSJV,City of Visalia
2020,8,7,Woodlake,0,0,0,0,78.27,44.14,3.3,79.09,SSJV,Woodlake
2020,8,7,Ivanhoe,1,0,1,0,78.27,44.14,3.3,79.09,SSJV,Ivanhoe
2020,8,7,Exeter,1,0,1,0,78.27,44.14,3.3,79.09,SSJV,Exeter
2020,8,7,South Exeter,4,0,4,0,78.27,44.14,3.3,79.09,SSJV,South Exeter
2020,8,7,Tonyville,0,0,0,0,78.27,44.14,3.3,79.09,SSJV,Tonyville
2020,8,7,West Lindsay,2,0,2,0,78.27,44.14,3.3,79.09,SSJV,West Lindsay
2020,8,7,Strathmore,10,3,13,0,78.27,44.14,3.3,79.09,SSJV,Strathmore
2020,8,7,Porterville,4,1,5,0,80.34,46.43,2.94,76.21,SSJV,Porterville
2020,8,7,Terra Bella,0,0,0,0,80.34,46.43,2.94,76.21,SSJV,Terra Bella
2020,8,7,City of Visalia,2,0,2,0,78.27,44.14,3.3,79.09,SSJV,City of Visalia
2020,8,14,Woodlake,3,0,3,0,82.2,43.71,3.26,79.93,SSJV,Woodlake
2020,8,14,Ivanhoe,9,0,9,0,82.2,43.71,3.26,79.93,SSJV,Ivanhoe
2020,8,14,Exeter,0,0,0,0,82.2,43.71,3.26,79.93,SSJV,Exeter
2020,8,14,South Exeter,0,0,0,0,82.2,43.71,3.26,79.93,SSJV,South Exeter
2020,8,14,Tonyville,1,0,1,0,82.2,43.71,3.26,79.93,SSJV,Tonyville
2020,8,14,West Lindsay,1,1,2,0,82.2,43.71,3.26,79.93,SSJV,West Lindsay
2020,8,14,Strathmore,17,3,20,0,82.2,43.71,3.26,79.93,SSJV,Strathmore
2020,8,14,Porterville,2,1,3,0,86.47,45.33,3.27,78.89,SSJV,Porterville
2020,8,14,Terra Bella,1,0,1,0,86.47,45.33,3.27,78.89,SSJV,Terra Bella
2020,8,14,City of Visalia,3,0,3,0,82.2,43.71,3.26,79.93,SSJV,City of Visalia
2020,8,21,Woodlake,0,0,0,0,88.53,41.57,3.33,86.07,SSJV,Woodlake
2020,8,21,Ivanhoe,2,0,2,0,88.53,41.57,3.33,86.07,SSJV,Ivanhoe
2020,8,21,Exeter,1,0,1,0,88.53,41.57,3.33,86.07,SSJV,Exeter
2020,8,21,South Exeter,2,0,2,0,88.53,41.57,3.33,86.07,SSJV,South Exeter
2020,8,21,Tonyville,0,0,0,0,88.53,41.57,3.33,86.07,SSJV,Tonyville
2020,8,21,West Lindsay,1,0,1,0,88.53,41.57,3.33,86.07,SSJV,West Lindsay
2020,8,21,Strathmore,6,3,9,0,88.53,41.57,3.33,86.07,SSJV,Strathmore
2020,8,21,Porterville,0,1,1,0,80.4,55.17,3.1,76.41,SSJV,Porterville
2020,8,21,Terra Bella,0,0,0,0,80.4,55.17,3.1,76.41,SSJV,Terra Bella
2020,8,21,City of Visalia,3,0,3,0,88.53,41.57,3.33,86.07,SSJV,City of Visalia
2020,8,28,Woodlake,0,0,0,0.03,81.13,53.29,2.99,81.14,SSJV,Woodlake
2020,8,28,Ivanhoe,0,0,0,0.03,81.13,53.29,2.99,81.14,SSJV,Ivanhoe
2020,8,28,Exeter,0,0,0,0.03,81.13,53.29,2.99,81.14,SSJV,Exeter
2020,8,28,South Exeter,0,0,0,0.03,81.13,53.29,2.99,81.14,SSJV,South Exeter
2020,8,28,Tonyville,0,0,0,0.03,81.13,53.29,2.99,81.14,SSJV,Tonyville
2020,8,28,West Lindsay,2,0,2,0.03,81.13,53.29,2.99,81.14,SSJV,West Lindsay
2020,8,28,Strathmore,1,0,1,0.03,81.13,53.29,2.99,81.14,SSJV,Strathmore
2020,8,28,Porterville,0,0,0,0,77.64,51,2.97,74.56,SSJV,Porterville
2020,8,28,Terra Bella,0,0,0,0,77.64,51,2.97,74.56,SSJV,Terra Bella
2020,8,28,City of Visalia,0,0,0,0.03,81.13,53.29,2.99,81.14,SSJV,City of Visalia
2020,9,4,Woodlake,0,0,0,0.02,77.79,48.43,2.97,77.76,SSJV,Woodlake
2020,9,4,Ivanhoe,4,0,4,0.02,77.79,48.43,2.97,77.76,SSJV,Ivanhoe
2020,9,4,Exeter,0,0,0,0.02,77.79,48.43,2.97,77.76,SSJV,Exeter
2020,9,4,South Exeter,0,0,0,0.02,77.79,48.43,2.97,77.76,SSJV,South Exeter
2020,9,4,Tonyville,0,0,0,0.02,77.79,48.43,2.97,77.76,SSJV,Tonyville
2020,9,4,West Lindsay,0,0,0,0.02,77.79,48.43,2.97,77.76,SSJV,West Lindsay
2020,9,4,Strathmore,6,0,6,0.02,77.79,48.43,2.97,77.76,SSJV,Strathmore
2020,9,4,Porterville,0,0,0,0,79.66,51.6,2.63,75.31,SSJV,Porterville
2020,9,4,Terra Bella,0,0,0,0,79.66,51.6,2.63,75.31,SSJV,Terra Bella
2020,9,4,City of Visalia,0,0,0,0.02,77.79,48.43,2.97,77.76,SSJV,City of Visalia
2020,9,11,Woodlake,0,0,0,0,81.91,41.57,3.09,77.61,SSJV,Woodlake
2020,9,11,Ivanhoe,0,0,0,0,81.91,41.57,3.09,77.61,SSJV,Ivanhoe
2020,9,11,Exeter,0,0,0,0,81.91,41.57,3.09,77.61,SSJV,Exeter
2020,9,11,South Exeter,0,0,0,0,81.91,41.57,3.09,77.61,SSJV,South Exeter
2020,9,11,Tonyville,1,0,1,0,81.91,41.57,3.09,77.61,SSJV,Tonyville
2020,9,11,West Lindsay,0,0,0,0,81.91,41.57,3.09,77.61,SSJV,West Lindsay
2020,9,11,Strathmore,1,0,1,0,81.91,41.57,3.09,77.61,SSJV,Strathmore
2020,9,11,Porterville,0,0,0,0,72.64,60.29,2.36,71.23,SSJV,Porterville
2020,9,11,Terra Bella,0,0,0,0,72.64,60.29,2.36,71.23,SSJV,Terra Bella
2020,9,11,City of Visalia,2,0,2,0,81.91,41.57,3.09,77.61,SSJV,City of Visalia
2020,9,18,Woodlake,0,0,0,0,72.19,49.14,2.97,71.23,SSJV,Woodlake
2020,9,18,Ivanhoe,0,0,0,0,72.19,49.14,2.97,71.23,SSJV,Ivanhoe
2020,9,18,Exeter,0,0,0,0,72.19,49.14,2.97,71.23,SSJV,Exeter
2020,9,18,South Exeter,1,0,1,0,72.19,49.14,2.97,71.23,SSJV,South Exeter
2020,9,18,Tonyville,2,1,3,0,72.19,49.14,2.97,71.23,SSJV,Tonyville
2020,9,18,West Lindsay,0,0,0,0,72.19,49.14,2.97,71.23,SSJV,West Lindsay
2020,9,18,Strathmore,6,0,6,0,72.19,49.14,2.97,71.23,SSJV,Strathmore
2020,9,18,Porterville,0,0,0,0,72.71,54.29,2.83,71.16,SSJV,Porterville
2020,9,18,Terra Bella,1,0,1,0,72.71,54.29,2.83,71.16,SSJV,Terra Bella
2020,9,18,City of Visalia,1,0,1,0,72.19,49.14,2.97,71.23,SSJV,City of Visalia
2020,9,27,Woodlake,0,0,0,0,72.6,53,2.8,72.46,SSJV,Woodlake
2020,9,27,Ivanhoe,4,0,4,0,72.6,53,2.8,72.46,SSJV,Ivanhoe
2020,9,27,Exeter,0,0,0,0,72.6,53,2.8,72.46,SSJV,Exeter
2020,9,27,South Exeter,0,1,1,0,72.6,53,2.8,72.46,SSJV,South Exeter
2020,9,27,Tonyville,1,0,1,0,72.6,53,2.8,72.46,SSJV,Tonyville
2020,9,27,West Lindsay,0,0,0,0,72.6,53,2.8,72.46,SSJV,West Lindsay
2020,9,27,Strathmore,6,3,9,0,72.6,53,2.8,72.46,SSJV,Strathmore
2020,9,27,Porterville,1,2,3,0,74.53,53,2.63,70.47,SSJV,Porterville
2020,9,27,Terra Bella,0,0,0,0,74.53,53,2.63,70.47,SSJV,Terra Bella
2020,9,27,City of Visalia,1,0,1,0,72.6,53,2.8,72.46,SSJV,City of Visalia
2020,10,2,Woodlake,0,0,0,0,75.23,47.43,2.94,72.43,SSJV,Woodlake
2020,10,2,Ivanhoe,1,1,2,0,75.23,47.43,2.94,72.43,SSJV,Ivanhoe
2020,10,2,Exeter,2,0,2,0,75.23,47.43,2.94,72.43,SSJV,Exeter
2020,10,2,South Exeter,0,0,0,0,75.23,47.43,2.94,72.43,SSJV,South Exeter
2020,10,2,Tonyville,2,0,2,0,75.23,47.43,2.94,72.43,SSJV,Tonyville
2020,10,2,West Lindsay,0,0,0,0,75.23,47.43,2.94,72.43,SSJV,West Lindsay
2020,10,2,Strathmore,1,1,2,0,75.23,47.43,2.94,72.43,SSJV,Strathmore
2020,10,2,Porterville,1,0,1,0,72.2,51.57,2.3,69.57,SSJV,Porterville
2020,10,2,Terra Bella,0,0,0,0,72.2,51.57,2.3,69.57,SSJV,Terra Bella
2020,10,2,City of Visalia,0,0,0,0,75.23,47.43,2.94,72.43,SSJV,City of Visalia
2020,10,9,Woodlake,0,1,1,0,74.04,43.43,2.97,71.53,SSJV,Woodlake
2020,10,9,Ivanhoe,10,3,13,0,74.04,43.43,2.97,71.53,SSJV,Ivanhoe
2020,10,9,Exeter,2,1,3,0,74.04,43.43,2.97,71.53,SSJV,Exeter
2020,10,9,South Exeter,0,0,0,0,74.04,43.43,2.97,71.53,SSJV,South Exeter
2020,10,9,Tonyville,0,0,0,0,74.04,43.43,2.97,71.53,SSJV,Tonyville
2020,10,9,West Lindsay,0,0,0,0,74.04,43.43,2.97,71.53,SSJV,West Lindsay
2020,10,9,Strathmore,5,2,7,0,74.04,43.43,2.97,71.53,SSJV,Strathmore
2020,10,9,Porterville,2,0,2,0,67.11,63.43,2.39,66.74,SSJV,Porterville
2020,10,9,Terra Bella,1,0,1,0,67.11,63.43,2.39,66.74,SSJV,Terra Bella
2020,10,9,City of Visalia,0,1,1,0,74.04,43.43,2.97,71.53,SSJV,City of Visalia
2020,10,16,Woodlake,1,1,2,0,68.21,60.14,2.84,68.9,SSJV,Woodlake
2020,10,16,Ivanhoe,3,1,4,0,68.21,60.14,2.84,68.9,SSJV,Ivanhoe
2020,10,16,Exeter,0,0,0,0,68.21,60.14,2.84,68.9,SSJV,Exeter
2020,10,16,South Exeter,0,1,1,0,68.21,60.14,2.84,68.9,SSJV,South Exeter
2020,10,16,Tonyville,1,0,1,0,68.21,60.14,2.84,68.9,SSJV,Tonyville
2020,10,16,West Lindsay,0,0,0,0,68.21,60.14,2.84,68.9,SSJV,West Lindsay
2020,10,16,Strathmore,13,10,23,0,68.21,60.14,2.84,68.9,SSJV,Strathmore
2020,10,16,Porterville,0,1,1,0,68.49,57.57,2.09,66.13,SSJV,Porterville
2020,10,16,Terra Bella,0,0,0,0,68.49,57.57,2.09,66.13,SSJV,Terra Bella
2020,10,16,City of Visalia,0,0,0,0,68.21,60.14,2.84,68.9,SSJV,City of Visalia
2020,10,23,Woodlake,2,3,5,0,71.16,46,3.17,68.63,SSJV,Woodlake
2020,10,23,Ivanhoe,3,0,3,0,71.16,46,3.17,68.63,SSJV,Ivanhoe
2020,10,23,Exeter,0,0,0,0,71.16,46,3.17,68.63,SSJV,Exeter
2020,10,23,South Exeter,0,0,0,0,71.16,46,3.17,68.63,SSJV,South Exeter
2020,10,23,Tonyville,2,0,2,0,71.16,46,3.17,68.63,SSJV,Tonyville
2020,10,23,West Lindsay,0,0,0,0,71.16,46,3.17,68.63,SSJV,West Lindsay
2020,10,23,Strathmore,8,5,13,0,71.16,46,3.17,68.63,SSJV,Strathmore
2020,10,23,Porterville,2,0,2,0,57.77,54.43,2.49,59.94,SSJV,Porterville
2020,10,23,Terra Bella,3,0,3,0,57.77,54.43,2.49,59.94,SSJV,Terra Bella
2020,10,23,City of Visalia,3,0,3,0,71.16,46,3.17,68.63,SSJV,City of Visalia
2020,10,30,Woodlake,0,0,0,0,59.93,46.86,3.21,62.74,SSJV,Woodlake
2020,10,30,Ivanhoe,2,1,3,0,59.93,46.86,3.21,62.74,SSJV,Ivanhoe
2020,10,30,Exeter,0,0,0,0,59.93,46.86,3.21,62.74,SSJV,Exeter
2020,10,30,South Exeter,0,0,0,0,59.93,46.86,3.21,62.74,SSJV,South Exeter
2020,10,30,Tonyville,1,0,1,0,59.93,46.86,3.21,62.74,SSJV,Tonyville
2020,10,30,West Lindsay,4,1,5,0,59.93,46.86,3.21,62.74,SSJV,West Lindsay
2020,10,30,Strathmore,22,1,23,0,59.93,46.86,3.21,62.74,SSJV,Strathmore
2020,10,30,Porterville,0,0,0,0,59.69,57.43,2.23,57.66,SSJV,Porterville
2020,10,30,Terra Bella,2,1,3,0,59.69,57.43,2.23,57.66,SSJV,Terra Bella
2020,10,30,City of Visalia,4,0,4,0,59.93,46.86,3.21,62.74,SSJV,City of Visalia
2020,11,6,Woodlake,0,0,0,0,63.4,41.14,3.59,61.1,SSJV,Woodlake
2020,11,6,Ivanhoe,0,1,1,0,63.4,41.14,3.59,61.1,SSJV,Ivanhoe
2020,11,6,Exeter,0,0,0,0,63.4,41.14,3.59,61.1,SSJV,Exeter
2020,11,6,South Exeter,0,0,0,0,63.4,41.14,3.59,61.1,SSJV,South Exeter
2020,11,6,Tonyville,4,1,5,0,63.4,41.14,3.59,61.1,SSJV,Tonyville
2020,11,6,West Lindsay,3,1,4,0,63.4,41.14,3.59,61.1,SSJV,West Lindsay
2020,11,6,Strathmore,6,1,7,0,63.4,41.14,3.59,61.1,SSJV,Strathmore
2020,11,6,Porterville,4,0,4,0.04,48.2,85.57,3.07,51.94,SSJV,Porterville
2020,11,6,Terra Bella,0,0,0,0.04,48.2,85.57,3.07,51.94,SSJV,Terra Bella
2020,11,6,City of Visalia,3,1,4,0,63.4,41.14,3.59,61.1,SSJV,City of Visalia
2020,11,13,Woodlake,0,0,0,0.06,46.67,73.14,2.63,54.57,SSJV,Woodlake
2020,11,13,Ivanhoe,3,1,4,0.06,46.67,73.14,2.63,54.57,SSJV,Ivanhoe
2020,11,13,Exeter,1,0,1,0.06,46.67,73.14,2.63,54.57,SSJV,Exeter
2020,11,13,South Exeter,0,0,0,0.06,46.67,73.14,2.63,54.57,SSJV,South Exeter
2020,11,13,Tonyville,5,0,5,0.06,46.67,73.14,2.63,54.57,SSJV,Tonyville
2020,11,13,West Lindsay,0,0,0,0.06,46.67,73.14,2.63,54.57,SSJV,West Lindsay
2020,11,13,Strathmore,2,1,3,0.06,46.67,73.14,2.63,54.57,SSJV,Strathmore
2020,11,13,Porterville,0,0,0,0,52.81,75.14,2.3,51.71,SSJV,Porterville
2020,11,13,Terra Bella,4,0,4,0,52.81,75.14,2.3,51.71,SSJV,Terra Bella
2020,11,13,City of Visalia,3,2,5,0.06,46.67,73.14,2.63,54.57,SSJV,City of Visalia
2020,11,20,Woodlake,0,0,0,0,55.04,68,2.9,56.24,SSJV,Woodlake
2020,11,20,Ivanhoe,3,0,3,0,55.04,68,2.9,56.24,SSJV,Ivanhoe
2020,11,20,Exeter,0,0,0,0,55.04,68,2.9,56.24,SSJV,Exeter
2020,11,20,South Exeter,0,0,0,0,55.04,68,2.9,56.24,SSJV,South Exeter
2020,11,20,Tonyville,3,1,4,0,55.04,68,2.9,56.24,SSJV,Tonyville
2020,11,20,West Lindsay,8,1,9,0,55.04,68,2.9,56.24,SSJV,West Lindsay
2020,11,20,Strathmore,15,2,17,0,55.04,68,2.9,56.24,SSJV,Strathmore
2020,11,20,Porterville,0,0,0,0,48.37,71.29,2.3,49.37,SSJV,Porterville
2020,11,20,Terra Bella,0,0,0,0,48.37,71.29,2.3,49.37,SSJV,Terra Bella
2020,11,20,City of Visalia,1,1,2,0,55.04,68,2.9,56.24,SSJV,City of Visalia
2020,11,27,Woodlake,0,0,0,0,50,74.43,2.96,54.31,SSJV,Woodlake
2020,11,27,Ivanhoe,1,0,1,0,50,74.43,2.96,54.31,SSJV,Ivanhoe
2020,11,27,Exeter,0,0,0,0,50,74.43,2.96,54.31,SSJV,Exeter
2020,11,27,South Exeter,0,0,0,0,50,74.43,2.96,54.31,SSJV,South Exeter
2020,11,27,Tonyville,0,0,0,0,50,74.43,2.96,54.31,SSJV,Tonyville
2020,11,27,West Lindsay,1,0,1,0,50,74.43,2.96,54.31,SSJV,West Lindsay
2020,11,27,Strathmore,0,0,0,0,50,74.43,2.96,54.31,SSJV,Strathmore
2020,11,27,Porterville,0,0,0,0,44.7,57.6,2.26,44.48,SSJV,Porterville
2020,11,27,Terra Bella,1,0,1,0,44.7,57.6,2.26,44.48,SSJV,Terra Bella
2020,11,27,City of Visalia,1,0,1,0,50,74.43,2.96,54.31,SSJV,City of Visalia
2021,4,1,Woodlake,1,0,1,0,62.74,45.57,3.14,65.41,SSJV,Woodlake
2021,4,1,Ivanhoe,4,0,4,0,62.74,45.57,3.14,65.41,SSJV,Ivanhoe
2021,4,1,Exeter,0,0,0,0,62.74,45.57,3.14,65.41,SSJV,Exeter
2021,4,1,South Exeter,0,0,0,0,62.74,45.57,3.14,65.41,SSJV,South Exeter
2021,4,1,Tonyville,13,4,17,0,62.74,45.57,3.14,65.41,SSJV,Tonyville
2021,4,1,West Lindsay,8,1,9,0,62.74,45.57,3.14,65.41,SSJV,West Lindsay
2021,4,1,Strathmore,2,0,2,0,62.74,45.57,3.14,65.41,SSJV,Strathmore
2021,4,1,Porterville,14,0,14,0,61,46.14,3.16,56.71,SSJV,Porterville
2021,4,1,Terra Bella,6,0,6,0,61,46.14,3.16,56.71,SSJV,Terra Bella
2021,4,1,City of Visalia,2,0,2,0,62.74,45.57,3.14,65.41,SSJV,City of Visalia
2021,4,8,Woodlake,1,0,1,0,61.74,54.14,3,69.19,SSJV,Woodlake
2021,4,8,Ivanhoe,25,8,33,0,61.74,54.14,3,69.19,SSJV,Ivanhoe
2021,4,8,Exeter,1,0,1,0,61.74,54.14,3,69.19,SSJV,Exeter
2021,4,8,South Exeter,2,0,2,0,61.74,54.14,3,69.19,SSJV,South Exeter
2021,4,8,Tonyville,43,4,47,0,61.74,54.14,3,69.19,SSJV,Tonyville
2021,4,8,West Lindsay,18,4,22,0,61.74,54.14,3,69.19,SSJV,West Lindsay
2021,4,8,Strathmore,10,4,14,0,61.74,54.14,3,69.19,SSJV,Strathmore
2021,4,8,Porterville,6,1,7,0,62.39,49.71,3.26,61.09,SSJV,Porterville
2021,4,8,Terra Bella,3,3,6,0,62.39,49.71,3.26,61.09,SSJV,Terra Bella
2021,4,8,City of Visalia,4,1,5,0,61.74,54.14,3,69.19,SSJV,City of Visalia
2021,4,16,Woodlake,21,1,22,0,61.5,47.71,3.36,69.84,SSJV,Woodlake
2021,4,16,Ivanhoe,34,1,35,0,61.5,47.71,3.36,69.84,SSJV,Ivanhoe
2021,4,16,Exeter,7,0,7,0,61.5,47.71,3.36,69.84,SSJV,Exeter
2021,4,16,South Exeter,3,0,3,0,61.5,47.71,3.36,69.84,SSJV,South Exeter
2021,4,16,Tonyville,45,11,56,0,61.5,47.71,3.36,69.84,SSJV,Tonyville
2021,4,16,West Lindsay,47,6,53,0,61.5,47.71,3.36,69.84,SSJV,West Lindsay
2021,4,16,Strathmore,41,5,46,0,61.5,47.71,3.36,69.84,SSJV,Strathmore
2021,4,16,Porterville,10,3,13,0,61.37,46.14,3.86,62.46,SSJV,Porterville
2021,4,16,Terra Bella,12,4,16,0,61.37,46.14,3.86,62.46,SSJV,Terra Bella
2021,4,16,City of Visalia,4,1,5,0,61.5,47.71,3.36,69.84,SSJV,City of Visalia
2021,4,23,Woodlake,6,1,7,0,65.21,42.14,3.41,72.19,SSJV,Woodlake
2021,4,23,Ivanhoe,51,15,66,0,65.21,42.14,3.41,72.19,SSJV,Ivanhoe
2021,4,23,Exeter,4,1,5,0,65.21,42.14,3.41,72.19,SSJV,Exeter
2021,4,23,South Exeter,2,1,3,0,65.21,42.14,3.41,72.19,SSJV,South Exeter
2021,4,23,Tonyville,20,2,22,0,65.21,42.14,3.41,72.19,SSJV,Tonyville
2021,4,23,West Lindsay,17,5,22,0,65.21,42.14,3.41,72.19,SSJV,West Lindsay
2021,4,23,Strathmore,43,10,53,0,65.21,42.14,3.41,72.19,SSJV,Strathmore
2021,4,23,Porterville,20,1,21,0.02,64.7,44.29,3.67,64.34,SSJV,Porterville
2021,4,23,Terra Bella,8,0,8,0.02,64.7,44.29,3.67,64.34,SSJV,Terra Bella
2021,4,23,City of Visalia,3,2,5,0,65.21,42.14,3.41,72.19,SSJV,City of Visalia
2021,4,30,Woodlake,27,1,28,0.01,60.86,54.14,3.31,68.61,SSJV,Woodlake
2021,4,30,Ivanhoe,34,1,35,0.01,60.86,54.14,3.31,68.61,SSJV,Ivanhoe
2021,4,30,Exeter,5,1,6,0.01,60.86,54.14,3.31,68.61,SSJV,Exeter
2021,4,30,South Exeter,0,0,0,0.01,60.86,54.14,3.31,68.61,SSJV,South Exeter
2021,4,30,Tonyville,67,12,79,0.01,60.86,54.14,3.31,68.61,SSJV,Tonyville
2021,4,30,West Lindsay,38,9,47,0.01,60.86,54.14,3.31,68.61,SSJV,West Lindsay
2021,4,30,Strathmore,98,10,108,0.01,60.86,54.14,3.31,68.61,SSJV,Strathmore
2021,4,30,Porterville,11,3,14,0,61.21,51.29,3.51,63.43,SSJV,Porterville
2021,4,30,Terra Bella,5,2,7,0,61.21,51.29,3.51,63.43,SSJV,Terra Bella
2021,4,30,City of Visalia,0,0,0,0.01,60.86,54.14,3.31,68.61,SSJV,City of Visalia
2021,5,7,Woodlake,0,0,0,0,70.99,41.86,3.56,70.66,SSJV,Woodlake
2021,5,7,Ivanhoe,13,4,17,0,70.99,41.86,3.56,70.66,SSJV,Ivanhoe
2021,5,7,Exeter,3,1,4,0,70.99,41.86,3.56,70.66,SSJV,Exeter
2021,5,7,South Exeter,3,0,3,0,70.99,41.86,3.56,70.66,SSJV,South Exeter
2021,5,7,Tonyville,29,8,37,0,70.99,41.86,3.56,70.66,SSJV,Tonyville
2021,5,7,West Lindsay,13,3,16,0,70.99,41.86,3.56,70.66,SSJV,West Lindsay
2021,5,7,Strathmore,54,4,58,0,70.99,41.86,3.56,70.66,SSJV,Strathmore
2021,5,7,Porterville,13,0,13,0,71.66,40,3.69,69.37,SSJV,Porterville
2021,5,7,Terra Bella,6,1,7,0,71.66,40,3.69,69.37,SSJV,Terra Bella
2021,5,7,City of Visalia,0,0,0,0,70.99,41.86,3.56,70.66,SSJV,City of Visalia
2021,5,14,Woodlake,11,6,17,0,70.64,39.57,3.59,71.14,SSJV,Woodlake
2021,5,14,Ivanhoe,13,5,18,0,70.64,39.57,3.59,71.14,SSJV,Ivanhoe
2021,5,14,Exeter,3,0,3,0,70.64,39.57,3.59,71.14,SSJV,Exeter
2021,5,14,South Exeter,1,0,1,0,70.64,39.57,3.59,71.14,SSJV,South Exeter
2021,5,14,Tonyville,7,4,11,0,70.64,39.57,3.59,71.14,SSJV,Tonyville
2021,5,14,West Lindsay,6,1,7,0,70.64,39.57,3.59,71.14,SSJV,West Lindsay
2021,5,14,Strathmore,28,3,31,0,70.64,39.57,3.59,71.14,SSJV,Strathmore
2021,5,14,Porterville,0,0,0,0,72.94,36.29,3.47,72.17,SSJV,Porterville
2021,5,14,Terra Bella,0,0,0,0,72.94,36.29,3.47,72.17,SSJV,Terra Bella
2021,5,14,City of Visalia,0,0,0,0,70.64,39.57,3.59,71.14,SSJV,City of Visalia
2021,5,21,Woodlake,1,2,3,0,66.81,46.57,3.64,70.84,SSJV,Woodlake
2021,5,21,Ivanhoe,2,4,6,0,66.81,46.57,3.64,70.84,SSJV,Ivanhoe
2021,5,21,Exeter,0,0,0,0,66.81,46.57,3.64,70.84,SSJV,Exeter
2021,5,21,South Exeter,0,0,0,0,66.81,46.57,3.64,70.84,SSJV,South Exeter
2021,5,21,Tonyville,11,6,17,0,66.81,46.57,3.64,70.84,SSJV,Tonyville
2021,5,21,West Lindsay,6,2,8,0,66.81,46.57,3.64,70.84,SSJV,West Lindsay
2021,5,21,Strathmore,23,3,26,0,66.81,46.57,3.64,70.84,SSJV,Strathmore
2021,5,21,Porterville,3,0,3,0,67.5,42.71,4.49,71.73,SSJV,Porterville
2021,5,21,Terra Bella,0,3,3,0,67.5,42.71,4.49,71.73,SSJV,Terra Bella
2021,5,21,City of Visalia,3,2,5,0,66.81,46.57,3.64,70.84,SSJV,City of Visalia
2021,5,28,Woodlake,5,5,10,0,65.36,42.86,3.73,66.17,SSJV,Woodlake
2021,5,28,Ivanhoe,6,6,12,0,65.36,42.86,3.73,66.17,SSJV,Ivanhoe
2021,5,28,Exeter,1,1,2,0,65.36,42.86,3.73,66.17,SSJV,Exeter
2021,5,28,South Exeter,0,0,0,0,65.36,42.86,3.73,66.17,SSJV,South Exeter
2021,5,28,Tonyville,15,12,27,0,65.36,42.86,3.73,66.17,SSJV,Tonyville
2021,5,28,West Lindsay,47,5,52,0,65.36,42.86,3.73,66.17,SSJV,West Lindsay
2021,5,28,Strathmore,4,2,6,0,65.36,42.86,3.73,66.17,SSJV,Strathmore
2021,5,28,Porterville,2,1,3,0,69.4,38.5,3.91,69.94,SSJV,Porterville
2021,5,28,Terra Bella,4,0,4,0,69.4,38.5,3.91,69.94,SSJV,Terra Bella
2021,5,28,City of Visalia,9,2,11,0,65.36,42.86,3.73,66.17,SSJV,City of Visalia
2021,6,4,Woodlake,1,0,1,0,78.21,43.29,3.34,70.93,SSJV,Woodlake
2021,6,4,Ivanhoe,0,0,0,0,78.21,43.29,3.34,70.93,SSJV,Ivanhoe
2021,6,4,Exeter,0,1,1,0,78.21,43.29,3.34,70.93,SSJV,Exeter
2021,6,4,South Exeter,1,0,1,0,78.21,43.29,3.34,70.93,SSJV,South Exeter
2021,6,4,Tonyville,1,0,1,0,78.21,43.29,3.34,70.93,SSJV,Tonyville
2021,6,4,West Lindsay,17,4,21,0,78.21,43.29,3.34,70.93,SSJV,West Lindsay
2021,6,4,Strathmore,1,0,1,0,78.21,43.29,3.34,70.93,SSJV,Strathmore
2021,6,4,Porterville,6,2,8,0,81.02,57,3.21,76.03,SSJV,Porterville
2021,6,4,Terra Bella,2,2,4,0,81.02,57,3.21,76.03,SSJV,Terra Bella
2021,6,4,City of Visalia,7,1,8,0,78.21,43.29,3.34,70.93,SSJV,City of Visalia
2021,6,11,Woodlake,0,0,0,0,70.93,43,3.74,70.61,SSJV,Woodlake
2021,6,11,Ivanhoe,2,1,3,0,70.93,43,3.74,70.61,SSJV,Ivanhoe
2021,6,11,Exeter,0,0,0,0,70.93,43,3.74,70.61,SSJV,Exeter
2021,6,11,South Exeter,0,0,0,0,70.93,43,3.74,70.61,SSJV,South Exeter
2021,6,11,Tonyville,1,0,1,0,70.93,43,3.74,70.61,SSJV,Tonyville
2021,6,11,West Lindsay,2,3,5,0,70.93,43,3.74,70.61,SSJV,West Lindsay
2021,6,11,Strathmore,6,2,8,0,70.93,43,3.74,70.61,SSJV,Strathmore
2021,6,11,Porterville,0,0,0,0,72.71,39.25,4.19,77.24,SSJV,Porterville
2021,6,11,Terra Bella,0,0,0,0,72.71,39.25,4.19,77.24,SSJV,Terra Bella
2021,6,11,City of Visalia,3,2,5,0,70.93,43,3.74,70.61,SSJV,City of Visalia
2021,6,18,Woodlake,0,0,0,0,76.23,43,3.56,69.67,SSJV,Woodlake
2021,6,18,Ivanhoe,2,2,4,0,76.23,43,3.56,69.67,SSJV,Ivanhoe
2021,6,18,Exeter,0,2,2,0,76.23,43,3.56,69.67,SSJV,Exeter
2021,6,18,South Exeter,0,0,0,0,76.23,43,3.56,69.67,SSJV,South Exeter
2021,6,18,Tonyville,2,0,2,0,76.23,43,3.56,69.67,SSJV,Tonyville
2021,6,18,West Lindsay,12,2,14,0,76.23,43,3.56,69.67,SSJV,West Lindsay
2021,6,18,Strathmore,3,6,9,0,76.23,43,3.56,69.67,SSJV,Strathmore
2021,6,18,Porterville,5,1,6,0,76.37,44.29,3.23,77.07,SSJV,Porterville
2021,6,18,Terra Bella,6,3,9,0,76.37,44.29,3.23,77.07,SSJV,Terra Bella
2021,6,18,City of Visalia,2,1,3,0,76.23,43,3.56,69.67,SSJV,City of Visalia
2021,6,25,Woodlake,1,0,1,0,82.39,37.71,3.34,75.23,SSJV,Woodlake
2021,6,25,Ivanhoe,0,1,1,0,82.39,37.71,3.34,75.23,SSJV,Ivanhoe
2021,6,25,Exeter,0,1,1,0,82.39,37.71,3.34,75.23,SSJV,Exeter
2021,6,25,South Exeter,0,0,0,0,82.39,37.71,3.34,75.23,SSJV,South Exeter
2021,6,25,Tonyville,1,0,1,0,82.39,37.71,3.34,75.23,SSJV,Tonyville
2021,6,25,West Lindsay,1,1,2,0,82.39,37.71,3.34,75.23,SSJV,West Lindsay
2021,6,25,Strathmore,1,0,1,0,82.39,37.71,3.34,75.23,SSJV,Strathmore
2021,6,25,Porterville,0,0,0,0,84.3,36,3.67,82.3,SSJV,Porterville
2021,6,25,Terra Bella,2,0,2,0,84.3,36,3.67,82.3,SSJV,Terra Bella
2021,6,25,City of Visalia,1,0,1,0,82.39,37.71,3.34,75.23,SSJV,City of Visalia
2021,7,2,Woodlake,0,0,0,0,82.93,46.43,3.21,77.69,SSJV,Woodlake
2021,7,2,Ivanhoe,0,1,1,0,82.93,46.43,3.21,77.69,SSJV,Ivanhoe
2021,7,2,Exeter,0,0,0,0,82.93,46.43,3.21,77.69,SSJV,Exeter
2021,7,2,South Exeter,0,0,0,0,82.93,46.43,3.21,77.69,SSJV,South Exeter
2021,7,2,Tonyville,0,0,0,0,82.93,46.43,3.21,77.69,SSJV,Tonyville
2021,7,2,West Lindsay,3,0,3,0,82.93,46.43,3.21,77.69,SSJV,West Lindsay
2021,7,2,Strathmore,1,0,1,0,82.93,46.43,3.21,77.69,SSJV,Strathmore
2021,7,2,Porterville,0,0,0,0,82.77,47.5,3.37,82.19,SSJV,Porterville
2021,7,2,Terra Bella,0,0,0,0,82.77,47.5,3.37,82.19,SSJV,Terra Bella
2021,7,2,City of Visalia,0,1,1,0,82.93,46.43,3.21,77.69,SSJV,City of Visalia
2021,7,9,Woodlake,0,0,0,0,81.51,44.43,3.36,79.06,SSJV,Woodlake
2021,7,9,Ivanhoe,3,1,4,0,81.51,44.43,3.36,79.06,SSJV,Ivanhoe
2021,7,9,Exeter,0,0,0,0,81.51,44.43,3.36,79.06,SSJV,Exeter
2021,7,9,South Exeter,0,0,0,0,81.51,44.43,3.36,79.06,SSJV,South Exeter
2021,7,9,Tonyville,0,0,0,0,81.51,44.43,3.36,79.06,SSJV,Tonyville
2021,7,9,West Lindsay,0,0,0,0,81.51,44.43,3.36,79.06,SSJV,West Lindsay
2021,7,9,Strathmore,0,0,0,0,81.51,44.43,3.36,79.06,SSJV,Strathmore
2021,7,9,Porterville,0,0,0,0,82,42.43,3.37,82.06,SSJV,Porterville
2021,7,9,Terra Bella,0,0,0,0,82,42.43,3.37,82.06,SSJV,Terra Bella
2021,7,9,City of Visalia,0,0,0,0,81.51,44.43,3.36,79.06,SSJV,City of Visalia
2021,7,16,Woodlake,0,0,0,0,86.06,37.57,3.31,80.8,SSJV,Woodlake
2021,7,16,Ivanhoe,0,0,0,0,86.06,37.57,3.31,80.8,SSJV,Ivanhoe
2021,7,16,Exeter,0,0,0,0,86.06,37.57,3.31,80.8,SSJV,Exeter
2021,7,16,South Exeter,0,0,0,0,86.06,37.57,3.31,80.8,SSJV,South Exeter
2021,7,16,Tonyville,0,0,0,0,86.06,37.57,3.31,80.8,SSJV,Tonyville
2021,7,16,West Lindsay,1,0,1,0,86.06,37.57,3.31,80.8,SSJV,West Lindsay
2021,7,16,Strathmore,0,0,0,0,86.06,37.57,3.31,80.8,SSJV,Strathmore
2021,7,16,Porterville,0,0,0,0,86.27,41.86,3.31,84.63,SSJV,Porterville
2021,7,16,Terra Bella,0,0,0,0,86.27,41.86,3.31,84.63,SSJV,Terra Bella
2021,7,16,City of Visalia,0,0,0,0,86.06,37.57,3.31,80.8,SSJV,City of Visalia
2021,7,23,Woodlake,0,0,0,0,83.5,37.71,3.41,79.6,SSJV,Woodlake
2021,7,23,Ivanhoe,0,0,0,0,83.5,37.71,3.41,79.6,SSJV,Ivanhoe
2021,7,23,Exeter,0,0,0,0,83.5,37.71,3.41,79.6,SSJV,Exeter
2021,7,23,South Exeter,0,0,0,0,83.5,37.71,3.41,79.6,SSJV,South Exeter
2021,7,23,Tonyville,0,0,0,0,83.5,37.71,3.41,79.6,SSJV,Tonyville
2021,7,23,West Lindsay,1,0,1,0,83.5,37.71,3.41,79.6,SSJV,West Lindsay
2021,7,23,Strathmore,3,1,4,0,83.5,37.71,3.41,79.6,SSJV,Strathmore
2021,7,23,Porterville,0,0,0,0,82.46,40.86,3,80.04,SSJV,Porterville
2021,7,23,Terra Bella,0,0,0,0,82.46,40.86,3,80.04,SSJV,Terra Bella
2021,7,23,City of Visalia,0,0,0,0,83.5,37.71,3.41,79.6,SSJV,City of Visalia
2021,7,30,Woodlake,0,0,0,0,83.51,37.71,3.09,82,SSJV,Woodlake
2021,7,30,Ivanhoe,0,0,0,0,83.51,37.71,3.09,82,SSJV,Ivanhoe
2021,7,30,Exeter,0,0,0,0,83.51,37.71,3.09,82,SSJV,Exeter
2021,7,30,South Exeter,0,0,0,0,83.51,37.71,3.09,82,SSJV,South Exeter
2021,7,30,Tonyville,0,0,0,0,83.51,37.71,3.09,82,SSJV,Tonyville
2021,7,30,West Lindsay,0,0,0,0,83.51,37.71,3.09,82,SSJV,West Lindsay
2021,7,30,Strathmore,0,0,0,0,83.51,37.71,3.09,82,SSJV,Strathmore
2021,7,30,Porterville,0,0,0,0,82.79,41.14,3.44,79.56,SSJV,Porterville
2021,7,30,Terra Bella,0,0,0,0,82.79,41.14,3.44,79.56,SSJV,Terra Bella
2021,7,30,City of Visalia,0,0,0,0,83.51,37.71,3.09,82,SSJV,City of Visalia
2021,8,6,Woodlake,0,0,0,0,83.14,38.29,3.14,81.11,SSJV,Woodlake
2021,8,6,Ivanhoe,0,0,0,0,83.14,38.29,3.14,81.11,SSJV,Ivanhoe
2021,8,6,Exeter,0,0,0,0,83.14,38.29,3.14,81.11,SSJV,Exeter
2021,8,6,South Exeter,0,0,0,0,83.14,38.29,3.14,81.11,SSJV,South Exeter
2021,8,6,Tonyville,0,0,0,0,83.14,38.29,3.14,81.11,SSJV,Tonyville
2021,8,6,West Lindsay,0,0,0,0,83.14,38.29,3.14,81.11,SSJV,West Lindsay
2021,8,6,Strathmore,0,0,0,0,83.14,38.29,3.14,81.11,SSJV,Strathmore
2021,8,6,Porterville,0,0,0,0,84.99,35.71,3.44,80.18,SSJV,Porterville
2021,8,6,Terra Bella,0,0,0,0,84.99,35.71,3.44,80.18,SSJV,Terra Bella
2021,8,6,City of Visalia,0,0,0,0,83.14,38.29,3.14,81.11,SSJV,City of Visalia
2021,8,13,Woodlake,0,0,0,0,80.67,41.71,3.03,78.03,SSJV,Woodlake
2021,8,13,Ivanhoe,0,0,0,0,80.67,41.71,3.03,78.03,SSJV,Ivanhoe
2021,8,13,Exeter,0,0,0,0,80.67,41.71,3.03,78.03,SSJV,Exeter
2021,8,13,South Exeter,0,0,0,0,80.67,41.71,3.03,78.03,SSJV,South Exeter
2021,8,13,Tonyville,0,0,0,0,80.67,41.71,3.03,78.03,SSJV,Tonyville
2021,8,13,West Lindsay,0,0,0,0,80.67,41.71,3.03,78.03,SSJV,West Lindsay
2021,8,13,Strathmore,0,0,0,0,80.67,41.71,3.03,78.03,SSJV,Strathmore
2021,8,13,Porterville,0,0,0,0,80.9,46.71,3.1,77.44,SSJV,Porterville
2021,8,13,Terra Bella,0,0,0,0,80.9,46.71,3.1,77.44,SSJV,Terra Bella
2021,8,13,City of Visalia,0,0,0,0,80.67,41.71,3.03,78.03,SSJV,City of Visalia
2021,8,20,Woodlake,0,0,0,0,81.03,44.86,3.1,78.9,SSJV,Woodlake
2021,8,20,Ivanhoe,0,0,0,0,81.03,44.86,3.1,78.9,SSJV,Ivanhoe
2021,8,20,Exeter,0,0,0,0,81.03,44.86,3.1,78.9,SSJV,Exeter
2021,8,20,South Exeter,0,0,0,0,81.03,44.86,3.1,78.9,SSJV,South Exeter
2021,8,20,Tonyville,0,0,0,0,81.03,44.86,3.1,78.9,SSJV,Tonyville
2021,8,20,West Lindsay,0,0,0,0,81.03,44.86,3.1,78.9,SSJV,West Lindsay
2021,8,20,Strathmore,0,0,0,0,81.03,44.86,3.1,78.9,SSJV,Strathmore
2021,8,20,Porterville,0,0,0,0,81.64,46.67,3.83,77.97,SSJV,Porterville
2021,8,20,Terra Bella,0,0,0,0,81.64,46.67,3.83,77.97,SSJV,Terra Bella
2021,8,20,City of Visalia,0,0,0,0,81.03,44.86,3.1,78.9,SSJV,City of Visalia
2021,8,27,Woodlake,0,0,0,0,75.17,51.14,2.96,74.33,SSJV,Woodlake
2021,8,27,Ivanhoe,0,0,0,0,75.17,51.14,2.96,74.33,SSJV,Ivanhoe
2021,8,27,Exeter,0,0,0,0,75.17,51.14,2.96,74.33,SSJV,Exeter
2021,8,27,South Exeter,0,0,0,0,75.17,51.14,2.96,74.33,SSJV,South Exeter
2021,8,27,Tonyville,1,0,1,0,75.17,51.14,2.96,74.33,SSJV,Tonyville
2021,8,27,West Lindsay,0,0,0,0,75.17,51.14,2.96,74.33,SSJV,West Lindsay
2021,8,27,Strathmore,1,0,1,0,75.17,51.14,2.96,74.33,SSJV,Strathmore
2021,8,27,Porterville,0,0,0,0,74.23,58,3.3,73.04,SSJV,Porterville
2021,8,27,Terra Bella,0,0,0,0,74.23,58,3.3,73.04,SSJV,Terra Bella
2021,8,27,City of Visalia,0,0,0,0,75.17,51.14,2.96,74.33,SSJV,City of Visalia
2021,9,3,Woodlake,0,0,0,0,77.76,38.43,2.9,72.96,SSJV,Woodlake
2021,9,3,Ivanhoe,0,0,0,0,77.76,38.43,2.9,72.96,SSJV,Ivanhoe
2021,9,3,Exeter,0,0,0,0,77.76,38.43,2.9,72.96,SSJV,Exeter
2021,9,3,South Exeter,0,0,0,0,77.76,38.43,2.9,72.96,SSJV,South Exeter
2021,9,3,Tonyville,0,0,0,0,77.76,38.43,2.9,72.96,SSJV,Tonyville
2021,9,3,West Lindsay,1,0,1,0,77.76,38.43,2.9,72.96,SSJV,West Lindsay
2021,9,3,Strathmore,0,0,0,0,77.76,38.43,2.9,72.96,SSJV,Strathmore
2021,9,3,Porterville,0,0,0,0,79.6,43.29,3.17,74.11,SSJV,Porterville
2021,9,3,Terra Bella,0,0,0,0,79.6,43.29,3.17,74.11,SSJV,Terra Bella
2021,9,3,City of Visalia,0,0,0,0,77.76,38.43,2.9,72.96,SSJV,City of Visalia
2021,9,10,Woodlake,0,0,0,0,80.09,36.43,3.03,73.43,SSJV,Woodlake
2021,9,10,Ivanhoe,0,0,0,0,80.09,36.43,3.03,73.43,SSJV,Ivanhoe
2021,9,10,Exeter,0,0,0,0,80.09,36.43,3.03,73.43,SSJV,Exeter
2021,9,10,South Exeter,0,1,1,0,80.09,36.43,3.03,73.43,SSJV,South Exeter
2021,9,10,Tonyville,0,0,0,0,80.09,36.43,3.03,73.43,SSJV,Tonyville
2021,9,10,West Lindsay,0,0,0,0,80.09,36.43,3.03,73.43,SSJV,West Lindsay
2021,9,10,Strathmore,0,0,0,0,80.09,36.43,3.03,73.43,SSJV,Strathmore
2021,9,10,Porterville,0,0,0,0,78.36,48.71,2.77,73.1,SSJV,Porterville
2021,9,10,Terra Bella,0,0,0,0,78.36,48.71,2.77,73.1,SSJV,Terra Bella
2021,9,10,City of Visalia,0,0,0,0,80.09,36.43,3.03,73.43,SSJV,City of Visalia
2021,9,17,Woodlake,0,0,0,0,76.74,45,2.77,75.41,SSJV,Woodlake
2021,9,17,Ivanhoe,0,0,0,0,76.74,45,2.77,75.41,SSJV,Ivanhoe
2021,9,17,Exeter,0,0,0,0,76.74,45,2.77,75.41,SSJV,Exeter
2021,9,17,South Exeter,0,0,0,0,76.74,45,2.77,75.41,SSJV,South Exeter
2021,9,17,Tonyville,0,0,0,0,76.74,45,2.77,75.41,SSJV,Tonyville
2021,9,17,West Lindsay,0,0,0,0,76.74,45,2.77,75.41,SSJV,West Lindsay
2021,9,17,Strathmore,0,0,0,0,76.74,45,2.77,75.41,SSJV,Strathmore
2021,9,17,Porterville,0,0,0,0,76.57,50.86,3.03,72.94,SSJV,Porterville
2021,9,17,Terra Bella,0,0,0,0,76.57,50.86,3.03,72.94,SSJV,Terra Bella
2021,9,17,City of Visalia,0,0,0,0,76.74,45,2.77,75.41,SSJV,City of Visalia
2021,9,24,Woodlake,0,0,0,0,70.83,49.57,2.87,71.31,SSJV,Woodlake
2021,9,24,Ivanhoe,0,0,0,0,70.83,49.57,2.87,71.31,SSJV,Ivanhoe
2021,9,24,Exeter,0,0,0,0,70.83,49.57,2.87,71.31,SSJV,Exeter
2021,9,24,South Exeter,0,0,0,0,70.83,49.57,2.87,71.31,SSJV,South Exeter
2021,9,24,Tonyville,0,0,0,0,70.83,49.57,2.87,71.31,SSJV,Tonyville
2021,9,24,West Lindsay,0,0,0,0,70.83,49.57,2.87,71.31,SSJV,West Lindsay
2021,9,24,Strathmore,0,0,0,0,70.83,49.57,2.87,71.31,SSJV,Strathmore
2021,9,24,Porterville,0,0,0,0,70.53,60.43,2.84,68.77,SSJV,Porterville
2021,9,24,Terra Bella,0,0,0,0,70.53,60.43,2.84,68.77,SSJV,Terra Bella
2021,9,24,City of Visalia,0,0,0,0,70.83,49.57,2.87,71.31,SSJV,City of Visalia
2021,10,1,Woodlake,0,0,0,0,68.37,52.14,2.74,69.57,SSJV,Woodlake
2021,10,1,Ivanhoe,0,1,1,0,68.37,52.14,2.74,69.57,SSJV,Ivanhoe
2021,10,1,Exeter,1,1,2,0,68.37,52.14,2.74,69.57,SSJV,Exeter
2021,10,1,South Exeter,0,0,0,0,68.37,52.14,2.74,69.57,SSJV,South Exeter
2021,10,1,Tonyville,0,0,0,0,68.37,52.14,2.74,69.57,SSJV,Tonyville
2021,10,1,West Lindsay,0,0,0,0,68.37,52.14,2.74,69.57,SSJV,West Lindsay
2021,10,1,Strathmore,0,0,0,0,68.37,52.14,2.74,69.57,SSJV,Strathmore
2021,10,1,Porterville,0,0,0,0,66.51,64.57,2.49,66,SSJV,Porterville
2021,10,1,Terra Bella,1,0,1,0,66.51,64.57,2.49,66,SSJV,Terra Bella
2021,10,1,City of Visalia,0,0,0,0,68.37,52.14,2.74,69.57,SSJV,City of Visalia
2021,10,8,Woodlake,0,0,0,0,68.8,38.57,2.71,67.47,SSJV,Woodlake
2021,10,8,Ivanhoe,0,0,0,0,68.8,38.57,2.71,67.47,SSJV,Ivanhoe
2021,10,8,Exeter,0,0,0,0,68.8,38.57,2.71,67.47,SSJV,Exeter
2021,10,8,South Exeter,0,0,0,0,68.8,38.57,2.71,67.47,SSJV,South Exeter
2021,10,8,Tonyville,0,0,0,0,68.8,38.57,2.71,67.47,SSJV,Tonyville
2021,10,8,West Lindsay,0,0,0,0,68.8,38.57,2.71,67.47,SSJV,West Lindsay
2021,10,8,Strathmore,0,0,0,0,68.8,38.57,2.71,67.47,SSJV,Strathmore
2021,10,8,Porterville,0,0,0,0.01,67.01,55,2.71,63.8,SSJV,Porterville
2021,10,8,Terra Bella,0,0,0,0.01,67.01,55,2.71,63.8,SSJV,Terra Bella
2021,10,8,City of Visalia,1,0,1,0,68.8,38.57,2.71,67.47,SSJV,City of Visalia
2021,10,15,Woodlake,1,0,1,0,57.19,53.57,2.86,63.61,SSJV,Woodlake
2021,10,15,Ivanhoe,0,1,1,0,57.19,53.57,2.86,63.61,SSJV,Ivanhoe
2021,10,15,Exeter,0,0,0,0,57.19,53.57,2.86,63.61,SSJV,Exeter
2021,10,15,South Exeter,1,0,1,0,57.19,53.57,2.86,63.61,SSJV,South Exeter
2021,10,15,Tonyville,0,0,0,0,57.19,53.57,2.86,63.61,SSJV,Tonyville
2021,10,15,West Lindsay,0,0,0,0,57.19,53.57,2.86,63.61,SSJV,West Lindsay
2021,10,15,Strathmore,1,1,2,0,57.19,53.57,2.86,63.61,SSJV,Strathmore
2021,10,15,Porterville,0,0,0,0.01,55.73,58.71,3.46,58.13,SSJV,Porterville
2021,10,15,Terra Bella,1,0,1,0.01,55.73,58.71,3.46,58.13,SSJV,Terra Bella
2021,10,15,City of Visalia,0,0,0,0,57.19,53.57,2.86,63.61,SSJV,City of Visalia
2021,10,22,Woodlake,0,0,0,0,60.86,46.86,2.91,62.59,SSJV,Woodlake
2021,10,22,Ivanhoe,0,0,0,0,60.86,46.86,2.91,62.59,SSJV,Ivanhoe
2021,10,22,Exeter,0,0,0,0,60.86,46.86,2.91,62.59,SSJV,Exeter
2021,10,22,South Exeter,0,0,0,0,60.86,46.86,2.91,62.59,SSJV,South Exeter
2021,10,22,Tonyville,0,0,0,0,60.86,46.86,2.91,62.59,SSJV,Tonyville
2021,10,22,West Lindsay,0,1,1,0,60.86,46.86,2.91,62.59,SSJV,West Lindsay
2021,10,22,Strathmore,1,2,3,0,60.86,46.86,2.91,62.59,SSJV,Strathmore
2021,10,22,Porterville,0,0,0,0.09,58.86,59.14,2.76,56.67,SSJV,Porterville
2021,10,22,Terra Bella,0,0,0,0.09,58.86,59.14,2.76,56.67,SSJV,Terra Bella
2021,10,22,City of Visalia,0,0,0,0,60.86,46.86,2.91,62.59,SSJV,City of Visalia
2021,10,29,Woodlake,0,0,0,0.24,58.89,74.86,2.67,62.41,SSJV,Woodlake
2021,10,29,Ivanhoe,0,0,0,0.24,58.89,74.86,2.67,62.41,SSJV,Ivanhoe
2021,10,29,Exeter,0,0,0,0.24,58.89,74.86,2.67,62.41,SSJV,Exeter
2021,10,29,South Exeter,0,0,0,0.24,58.89,74.86,2.67,62.41,SSJV,South Exeter
2021,10,29,Tonyville,1,0,1,0.24,58.89,74.86,2.67,62.41,SSJV,Tonyville
2021,10,29,West Lindsay,0,0,0,0.24,58.89,74.86,2.67,62.41,SSJV,West Lindsay
2021,10,29,Strathmore,1,0,1,0.24,58.89,74.86,2.67,62.41,SSJV,Strathmore
2021,10,29,Porterville,0,0,0,0,58.5,79.86,3.06,57.54,SSJV,Porterville
2021,10,29,Terra Bella,0,0,0,0,58.5,79.86,3.06,57.54,SSJV,Terra Bella
2021,10,29,City of Visalia,0,0,0,0.24,58.89,74.86,2.67,62.41,SSJV,City of Visalia
2021,11,5,Woodlake,0,0,0,0,61.53,79.71,2.44,63.9,SSJV,Woodlake
2021,11,5,Ivanhoe,0,0,0,0,61.53,79.71,2.44,63.9,SSJV,Ivanhoe
2021,11,5,Exeter,0,0,0,0,61.53,79.71,2.44,63.9,SSJV,Exeter
2021,11,5,South Exeter,0,0,0,0,61.53,79.71,2.44,63.9,SSJV,South Exeter
2021,11,5,Tonyville,0,0,0,0,61.53,79.71,2.44,63.9,SSJV,Tonyville
2021,11,5,West Lindsay,0,0,0,0,61.53,79.71,2.44,63.9,SSJV,West Lindsay
2021,11,5,Strathmore,0,0,0,0,61.53,79.71,2.44,63.9,SSJV,Strathmore
2021,11,5,Porterville,0,0,0,0,60.5,85.5,2.23,58.35,SSJV,Porterville
2021,11,5,Terra Bella,0,0,0,0,60.5,85.5,2.23,58.35,SSJV,Terra Bella
2021,11,5,City of Visalia,0,0,0,0,61.53,79.71,2.44,63.9,SSJV,City of Visalia
2021,11,12,Woodlake,0,0,0,0.02,57.07,84,2.26,62.5,SSJV,Woodlake
2021,11,12,Ivanhoe,0,0,0,0.02,57.07,84,2.26,62.5,SSJV,Ivanhoe
2021,11,12,Exeter,0,0,0,0.02,57.07,84,2.26,62.5,SSJV,Exeter
2021,11,12,South Exeter,0,0,0,0.02,57.07,84,2.26,62.5,SSJV,South Exeter
2021,11,12,Tonyville,0,0,0,0.02,57.07,84,2.26,62.5,SSJV,Tonyville
2021,11,12,West Lindsay,0,0,0,0.02,57.07,84,2.26,62.5,SSJV,West Lindsay
2021,11,12,Strathmore,0,0,0,0.02,57.07,84,2.26,62.5,SSJV,Strathmore
2021,11,12,Porterville,0,0,0,0,54.26,90.43,2.49,56,SSJV,Porterville
2021,11,12,Terra Bella,0,0,0,0,54.26,90.43,2.49,56,SSJV,Terra Bella
2021,11,12,City of Visalia,0,0,0,0.02,57.07,84,2.26,62.5,SSJV,City of Visalia
2022,4,1,Woodlake,4,0,4,0.03,61.47,66.57,2.69,67.1,SSJV,Woodlake
2022,4,1,Ivanhoe,2,0,2,0.03,61.47,66.57,2.69,67.1,SSJV,Ivanhoe
2022,4,1,Exeter,0,0,0,0.03,61.47,66.57,2.69,67.1,SSJV,Exeter
2022,4,1,South Exeter,0,0,0,0.03,61.47,66.57,2.69,67.1,SSJV,South Exeter
2022,4,1,Tonyville,0,0,0,0.03,61.47,66.57,2.69,67.1,SSJV,Tonyville
2022,4,1,West Lindsay,2,0,2,0.03,61.47,66.57,2.69,67.1,SSJV,West Lindsay
2022,4,1,Strathmore,0,0,0,0.03,61.47,66.57,2.69,67.1,SSJV,Strathmore
2022,4,1,Porterville,0,0,0,0,51.77,57.71,2.69,50.01,SSJV,Porterville
2022,4,1,Terra Bella,0,0,0,0,51.77,57.71,2.69,50.01,SSJV,Terra Bella
2022,4,1,City of Visalia,0,0,0,0.03,61.47,66.57,2.69,67.1,SSJV,City of Visalia
2022,4,8,Woodlake,1,0,1,0,64.3,55.71,2.89,68.33,SSJV,Woodlake
2022,4,8,Ivanhoe,1,0,1,0,64.3,55.71,2.89,68.33,SSJV,Ivanhoe
2022,4,8,Exeter,0,0,0,0,64.3,55.71,2.89,68.33,SSJV,Exeter
2022,4,8,South Exeter,0,0,0,0,64.3,55.71,2.89,68.33,SSJV,South Exeter
2022,4,8,Tonyville,1,0,1,0,64.3,55.71,2.89,68.33,SSJV,Tonyville
2022,4,8,West Lindsay,6,2,8,0,64.3,55.71,2.89,68.33,SSJV,West Lindsay
2022,4,8,Strathmore,2,1,3,0,64.3,55.71,2.89,68.33,SSJV,Strathmore
2022,4,8,Porterville,0,0,0,0.04,56.83,61,3.41,54.16,SSJV,Porterville
2022,4,8,Terra Bella,0,0,0,0.04,56.83,61,3.41,54.16,SSJV,Terra Bella
2022,4,8,City of Visalia,0,0,0,0,64.3,55.71,2.89,68.33,SSJV,City of Visalia
2022,4,15,Woodlake,0,0,0,0,56.6,49.71,2.8,67.73,SSJV,Woodlake
2022,4,15,Ivanhoe,0,0,0,0,56.6,49.71,2.8,67.73,SSJV,Ivanhoe
2022,4,15,Exeter,0,0,0,0,56.6,49.71,2.8,67.73,SSJV,Exeter
2022,4,15,South Exeter,0,0,0,0,56.6,49.71,2.8,67.73,SSJV,South Exeter
2022,4,15,Tonyville,0,0,0,0,56.6,49.71,2.8,67.73,SSJV,Tonyville
2022,4,15,West Lindsay,0,2,2,0,56.6,49.71,2.8,67.73,SSJV,West Lindsay
2022,4,15,Strathmore,2,0,2,0,56.6,49.71,2.8,67.73,SSJV,Strathmore
2022,4,15,Porterville,0,0,0,0,63.3,59.29,2.86,58.57,SSJV,Porterville
2022,4,15,Terra Bella,1,0,1,0,63.3,59.29,2.86,58.57,SSJV,Terra Bella
2022,4,15,City of Visalia,1,1,2,0,56.6,49.71,2.8,67.73,SSJV,City of Visalia
2022,4,22,Woodlake,0,0,0,0.02,60.7,57.57,3.01,67.81,SSJV,Woodlake
2022,4,22,Ivanhoe,0,0,0,0.02,60.7,57.57,3.01,67.81,SSJV,Ivanhoe
2022,4,22,Exeter,0,0,0,0.02,60.7,57.57,3.01,67.81,SSJV,Exeter
2022,4,22,South Exeter,1,0,1,0.02,60.7,57.57,3.01,67.81,SSJV,South Exeter
2022,4,22,Tonyville,3,1,4,0.02,60.7,57.57,3.01,67.81,SSJV,Tonyville
2022,4,22,West Lindsay,3,2,5,0.02,60.7,57.57,3.01,67.81,SSJV,West Lindsay
2022,4,22,Strathmore,2,1,3,0.02,60.7,57.57,3.01,67.81,SSJV,Strathmore
2022,4,22,Porterville,1,0,1,0.06,59.8,66.71,3.11,60.16,SSJV,Porterville
2022,4,22,Terra Bella,1,1,2,0.06,59.8,66.71,3.11,60.16,SSJV,Terra Bella
2022,4,22,City of Visalia,0,0,0,0.02,60.7,57.57,3.01,67.81,SSJV,City of Visalia
2022,4,29,Woodlake,3,3,6,0.02,61.49,53.71,3.33,68.2,SSJV,Woodlake
2022,4,29,Ivanhoe,0,0,0,0.02,61.49,53.71,3.33,68.2,SSJV,Ivanhoe
2022,4,29,Exeter,0,0,0,0.02,61.49,53.71,3.33,68.2,SSJV,Exeter
2022,4,29,South Exeter,0,0,0,0.02,61.49,53.71,3.33,68.2,SSJV,South Exeter
2022,4,29,Tonyville,2,1,3,0.02,61.49,53.71,3.33,68.2,SSJV,Tonyville
2022,4,29,West Lindsay,1,0,1,0.02,61.49,53.71,3.33,68.2,SSJV,West Lindsay
2022,4,29,Strathmore,2,1,3,0.02,61.49,53.71,3.33,68.2,SSJV,Strathmore
2022,4,29,Porterville,1,0,1,0,65.19,51.43,3.14,62.71,SSJV,Porterville
2022,4,29,Terra Bella,0,0,0,0,65.19,51.43,3.14,62.71,SSJV,Terra Bella
2022,4,29,City of Visalia,0,0,0,0.02,61.49,53.71,3.33,68.2,SSJV,City of Visalia
2022,5,6,Woodlake,0,0,0,0,65.89,45.43,3.26,71.77,SSJV,Woodlake
2022,5,6,Ivanhoe,2,0,2,0,65.89,45.43,3.26,71.77,SSJV,Ivanhoe
2022,5,6,Exeter,0,0,0,0,65.89,45.43,3.26,71.77,SSJV,Exeter
2022,5,6,South Exeter,0,0,0,0,65.89,45.43,3.26,71.77,SSJV,South Exeter
2022,5,6,Tonyville,0,0,0,0,65.89,45.43,3.26,71.77,SSJV,Tonyville
2022,5,6,West Lindsay,0,0,0,0,65.89,45.43,3.26,71.77,SSJV,West Lindsay
2022,5,6,Strathmore,3,0,3,0,65.89,45.43,3.26,71.77,SSJV,Strathmore
2022,5,6,Porterville,0,0,0,0,55.36,51.29,3.67,60.23,SSJV,Porterville
2022,5,6,Terra Bella,0,0,0,0,55.36,51.29,3.67,60.23,SSJV,Terra Bella
2022,5,6,City of Visalia,0,0,0,0,65.89,45.43,3.26,71.77,SSJV,City of Visalia
2022,5,13,Woodlake,0,0,0,0,58.59,47.29,3.8,71.91,SSJV,Woodlake
2022,5,13,Ivanhoe,0,0,0,0,58.59,47.29,3.8,71.91,SSJV,Ivanhoe
2022,5,13,Exeter,0,0,0,0,58.59,47.29,3.8,71.91,SSJV,Exeter
2022,5,13,South Exeter,0,0,0,0,58.59,47.29,3.8,71.91,SSJV,South Exeter
2022,5,13,Tonyville,0,0,0,0,58.59,47.29,3.8,71.91,SSJV,Tonyville
2022,5,13,West Lindsay,1,0,1,0,58.59,47.29,3.8,71.91,SSJV,West Lindsay
2022,5,13,Strathmore,1,2,3,0,58.59,47.29,3.8,71.91,SSJV,Strathmore
2022,5,13,Porterville,0,0,0,0.03,60.77,57.43,3.94,64.27,SSJV,Porterville
2022,5,13,Terra Bella,0,0,0,0.03,60.77,57.43,3.94,64.27,SSJV,Terra Bella
2022,5,13,City of Visalia,0,0,0,0,58.59,47.29,3.8,71.91,SSJV,City of Visalia
2022,5,20,Woodlake,0,0,0,0,71.53,43.43,3.47,74.5,SSJV,Woodlake
2022,5,20,Ivanhoe,0,0,0,0,71.53,43.43,3.47,74.5,SSJV,Ivanhoe
2022,5,20,Exeter,0,0,0,0,71.53,43.43,3.47,74.5,SSJV,Exeter
2022,5,20,South Exeter,0,0,0,0,71.53,43.43,3.47,74.5,SSJV,South Exeter
2022,5,20,Tonyville,0,0,0,0,71.53,43.43,3.47,74.5,SSJV,Tonyville
2022,5,20,West Lindsay,0,0,0,0,71.53,43.43,3.47,74.5,SSJV,West Lindsay
2022,5,20,Strathmore,2,0,2,0,71.53,43.43,3.47,74.5,SSJV,Strathmore
2022,5,20,Porterville,0,0,0,0,63.4,47.29,3.33,64.55,SSJV,Porterville
2022,5,20,Terra Bella,0,0,0,0,63.4,47.29,3.33,64.55,SSJV,Terra Bella
2022,5,20,City of Visalia,0,0,0,0,71.53,43.43,3.47,74.5,SSJV,City of Visalia
2022,5,27,Woodlake,0,0,0,0,73.03,37,3.41,73,SSJV,Woodlake
2022,5,27,Ivanhoe,0,0,0,0,73.03,37,3.41,73,SSJV,Ivanhoe
2022,5,27,Exeter,0,0,0,0,73.03,37,3.41,73,SSJV,Exeter
2022,5,27,South Exeter,0,0,0,0,73.03,37,3.41,73,SSJV,South Exeter
2022,5,27,Tonyville,0,0,0,0,73.03,37,3.41,73,SSJV,Tonyville
2022,5,27,West Lindsay,0,0,0,0,73.03,37,3.41,73,SSJV,West Lindsay
2022,5,27,Strathmore,0,0,0,0,73.03,37,3.41,73,SSJV,Strathmore
2022,5,27,Porterville,0,0,0,0,66.87,48,3.47,68.36,SSJV,Porterville
2022,5,27,Terra Bella,0,0,0,0,66.87,48,3.47,68.36,SSJV,Terra Bella
2022,5,27,City of Visalia,0,0,0,0,73.03,37,3.41,73,SSJV,City of Visalia
2022,6,3,Woodlake,0,0,0,0,69.09,44.29,3.7,70.94,SSJV,Woodlake
2022,6,3,Ivanhoe,0,0,0,0,69.09,44.29,3.7,70.94,SSJV,Ivanhoe
2022,6,3,Exeter,0,0,0,0,69.09,44.29,3.7,70.94,SSJV,Exeter
2022,6,3,South Exeter,1,0,1,0,69.09,44.29,3.7,70.94,SSJV,South Exeter
2022,6,3,Tonyville,0,0,0,0,69.09,44.29,3.7,70.94,SSJV,Tonyville
2022,6,3,West Lindsay,0,1,1,0,69.09,44.29,3.7,70.94,SSJV,West Lindsay
2022,6,3,Strathmore,0,0,0,0,69.09,44.29,3.7,70.94,SSJV,Strathmore
2022,6,3,Porterville,0,0,0,0,59.21,46.43,3.99,64.13,SSJV,Porterville
2022,6,3,Terra Bella,0,0,0,0,59.21,46.43,3.99,64.13,SSJV,Terra Bella
2022,6,3,City of Visalia,1,0,1,0,69.09,44.29,3.7,70.94,SSJV,City of Visalia
2022,6,10,Woodlake,0,0,0,0,74.39,50.43,3.53,72.96,SSJV,Woodlake
2022,6,10,Ivanhoe,0,0,0,0,74.39,50.43,3.53,72.96,SSJV,Ivanhoe
2022,6,10,Exeter,0,0,0,0,74.39,50.43,3.53,72.96,SSJV,Exeter
2022,6,10,South Exeter,0,0,0,0,74.39,50.43,3.53,72.96,SSJV,South Exeter
2022,6,10,Tonyville,1,0,1,0,74.39,50.43,3.53,72.96,SSJV,Tonyville
2022,6,10,West Lindsay,0,1,1,0,74.39,50.43,3.53,72.96,SSJV,West Lindsay
2022,6,10,Strathmore,1,0,1,0,74.39,50.43,3.53,72.96,SSJV,Strathmore
2022,6,10,Porterville,0,0,0,0,71.51,41.86,3.31,72.3,SSJV,Porterville
2022,6,10,Terra Bella,0,0,0,0,71.51,41.86,3.31,72.3,SSJV,Terra Bella
2022,6,10,City of Visalia,0,0,0,0,74.39,50.43,3.53,72.96,SSJV,City of Visalia
2022,6,17,Woodlake,0,0,0,0,77.11,42.43,3.79,74.77,SSJV,Woodlake
2022,6,17,Ivanhoe,0,0,0,0,77.11,42.43,3.79,74.77,SSJV,Ivanhoe
2022,6,17,Exeter,0,0,0,0,77.11,42.43,3.79,74.77,SSJV,Exeter
2022,6,17,South Exeter,0,0,0,0,77.11,42.43,3.79,74.77,SSJV,South Exeter
2022,6,17,Tonyville,0,0,0,0,77.11,42.43,3.79,74.77,SSJV,Tonyville
2022,6,17,West Lindsay,0,0,0,0,77.11,42.43,3.79,74.77,SSJV,West Lindsay
2022,6,17,Strathmore,0,0,0,0,77.11,42.43,3.79,74.77,SSJV,Strathmore
2022,6,17,Porterville,0,0,0,0,74.94,41.43,3.71,73.63,SSJV,Porterville
2022,6,17,Terra Bella,0,0,0,0,74.94,41.43,3.71,73.63,SSJV,Terra Bella
2022,6,17,City of Visalia,0,0,0,0,77.11,42.43,3.79,74.77,SSJV,City of Visalia
2022,6,24,Woodlake,0,0,0,0,71.84,42.86,3.86,70.09,SSJV,Woodlake
2022,6,24,Ivanhoe,0,0,0,0,71.84,42.86,3.86,70.09,SSJV,Ivanhoe
2022,6,24,Exeter,0,0,0,0,71.84,42.86,3.86,70.09,SSJV,Exeter
2022,6,24,South Exeter,0,0,0,0,71.84,42.86,3.86,70.09,SSJV,South Exeter
2022,6,24,Tonyville,0,0,0,0,71.84,42.86,3.86,70.09,SSJV,Tonyville
2022,6,24,West Lindsay,0,0,0,0,71.84,42.86,3.86,70.09,SSJV,West Lindsay
2022,6,24,Strathmore,0,0,0,0,71.84,42.86,3.86,70.09,SSJV,Strathmore
2022,6,24,Porterville,0,0,0,0,70.94,43.71,3.66,72.78,SSJV,Porterville
2022,6,24,Terra Bella,0,0,0,0,70.94,43.71,3.66,72.78,SSJV,Terra Bella
2022,6,24,City of Visalia,1,0,1,0,71.84,42.86,3.86,70.09,SSJV,City of Visalia
2022,7,1,Woodlake,0,0,0,0,80.91,37.86,3.44,74.5,SSJV,Woodlake
2022,7,1,Ivanhoe,0,0,0,0,80.91,37.86,3.44,74.5,SSJV,Ivanhoe
2022,7,1,Exeter,0,0,0,0,80.91,37.86,3.44,74.5,SSJV,Exeter
2022,7,1,South Exeter,0,0,0,0,80.91,37.86,3.44,74.5,SSJV,South Exeter
2022,7,1,Tonyville,0,0,0,0,80.91,37.86,3.44,74.5,SSJV,Tonyville
2022,7,1,West Lindsay,1,0,1,0,80.91,37.86,3.44,74.5,SSJV,West Lindsay
2022,7,1,Strathmore,0,0,0,0,80.91,37.86,3.44,74.5,SSJV,Strathmore
2022,7,1,Porterville,0,0,0,0,77.89,47.86,3.11,78.18,SSJV,Porterville
2022,7,1,Terra Bella,0,0,0,0,77.89,47.86,3.11,78.18,SSJV,Terra Bella
2022,7,1,City of Visalia,1,0,1,0,80.91,37.86,3.44,74.5,SSJV,City of Visalia
2022,7,8,Woodlake,0,0,0,0,74.34,49.71,3.51,73.63,SSJV,Woodlake
2022,7,8,Ivanhoe,0,0,0,0,74.34,49.71,3.51,73.63,SSJV,Ivanhoe
2022,7,8,Exeter,0,0,0,0,74.34,49.71,3.51,73.63,SSJV,Exeter
2022,7,8,South Exeter,0,0,0,0,74.34,49.71,3.51,73.63,SSJV,South Exeter
2022,7,8,Tonyville,0,0,0,0,74.34,49.71,3.51,73.63,SSJV,Tonyville
2022,7,8,West Lindsay,0,0,0,0,74.34,49.71,3.51,73.63,SSJV,West Lindsay
2022,7,8,Strathmore,0,0,0,0,74.34,49.71,3.51,73.63,SSJV,Strathmore
2022,7,8,Porterville,0,1,1,0,72.1,43,3.83,77.18,SSJV,Porterville
2022,7,8,Terra Bella,0,0,0,0,72.1,43,3.83,77.18,SSJV,Terra Bella
2022,7,8,City of Visalia,1,0,1,0,74.34,49.71,3.51,73.63,SSJV,City of Visalia
2022,7,15,Woodlake,0,0,0,0,81.57,46,3.33,79,SSJV,Woodlake
2022,7,15,Ivanhoe,0,0,0,0,81.57,46,3.33,79,SSJV,Ivanhoe
2022,7,15,Exeter,0,0,0,0,81.57,46,3.33,79,SSJV,Exeter
2022,7,15,South Exeter,0,0,0,0,81.57,46,3.33,79,SSJV,South Exeter
2022,7,15,Tonyville,0,0,0,0,81.57,46,3.33,79,SSJV,Tonyville
2022,7,15,West Lindsay,0,0,0,0,81.57,46,3.33,79,SSJV,West Lindsay
2022,7,15,Strathmore,0,0,0,0,81.57,46,3.33,79,SSJV,Strathmore
2022,7,15,Porterville,0,0,0,0.02,79.36,41.29,3.29,81.93,SSJV,Porterville
2022,7,15,Terra Bella,0,0,0,0.02,79.36,41.29,3.29,81.93,SSJV,Terra Bella
2022,7,15,City of Visalia,0,0,0,0,81.57,46,3.33,79,SSJV,City of Visalia
2022,7,22,Woodlake,0,0,0,0,84.23,42,3.2,81.93,SSJV,Woodlake
2022,7,22,Ivanhoe,0,0,0,0,84.23,42,3.2,81.93,SSJV,Ivanhoe
2022,7,22,Exeter,0,0,0,0,84.23,42,3.2,81.93,SSJV,Exeter
2022,7,22,South Exeter,0,0,0,0,84.23,42,3.2,81.93,SSJV,South Exeter
2022,7,22,Tonyville,0,0,0,0,84.23,42,3.2,81.93,SSJV,Tonyville
2022,7,22,West Lindsay,0,0,0,0,84.23,42,3.2,81.93,SSJV,West Lindsay
2022,7,22,Strathmore,0,0,0,0,84.23,42,3.2,81.93,SSJV,Strathmore
2022,7,22,Porterville,0,0,0,0,81.47,35.14,3.07,84.3,SSJV,Porterville
2022,7,22,Terra Bella,0,0,0,0,81.47,35.14,3.07,84.3,SSJV,Terra Bella
2022,7,22,City of Visalia,0,0,0,0,84.23,42,3.2,81.93,SSJV,City of Visalia
2022,7,29,Woodlake,0,0,0,0,80.76,39.86,3.16,79.94,SSJV,Woodlake
2022,7,29,Ivanhoe,0,0,0,0,80.76,39.86,3.16,79.94,SSJV,Ivanhoe
2022,7,29,Exeter,0,0,0,0,80.76,39.86,3.16,79.94,SSJV,Exeter
2022,7,29,South Exeter,0,0,0,0,80.76,39.86,3.16,79.94,SSJV,South Exeter
2022,7,29,Tonyville,0,0,0,0,80.76,39.86,3.16,79.94,SSJV,Tonyville
2022,7,29,West Lindsay,4,3,7,0,80.76,39.86,3.16,79.94,SSJV,West Lindsay
2022,7,29,Strathmore,0,0,0,0,80.76,39.86,3.16,79.94,SSJV,Strathmore
2022,7,29,Porterville,4,0,4,0,76.31,48.43,3.54,82.84,SSJV,Porterville
2022,7,29,Terra Bella,0,0,0,0,76.31,48.43,3.54,82.84,SSJV,Terra Bella
2022,7,29,City of Visalia,1,0,1,0,80.76,39.86,3.16,79.94,SSJV,City of Visalia
2022,8,5,Woodlake,0,0,0,0,84.8,49.29,3.4,82.17,SSJV,Woodlake
2022,8,5,Ivanhoe,0,0,0,0,84.8,49.29,3.4,82.17,SSJV,Ivanhoe
2022,8,5,Exeter,0,0,0,0,84.8,49.29,3.4,82.17,SSJV,Exeter
2022,8,5,South Exeter,0,0,0,0,84.8,49.29,3.4,82.17,SSJV,South Exeter
2022,8,5,Tonyville,0,0,0,0,84.8,49.29,3.4,82.17,SSJV,Tonyville
2022,8,5,West Lindsay,1,0,1,0,84.8,49.29,3.4,82.17,SSJV,West Lindsay
2022,8,5,Strathmore,0,1,1,0,84.8,49.29,3.4,82.17,SSJV,Strathmore
2022,8,5,Porterville,0,0,0,0,83.26,41.86,2.94,85.7,SSJV,Porterville
2022,8,5,Terra Bella,0,0,0,0,83.26,41.86,2.94,85.7,SSJV,Terra Bella
2022,8,5,City of Visalia,0,0,0,0,84.8,49.29,3.4,82.17,SSJV,City of Visalia
2022,8,12,Woodlake,0,0,0,0,79.46,57.14,3.03,81.07,SSJV,Woodlake
2022,8,12,Ivanhoe,0,0,0,0,79.46,57.14,3.03,81.07,SSJV,Ivanhoe
2022,8,12,Exeter,0,0,0,0,79.46,57.14,3.03,81.07,SSJV,Exeter
2022,8,12,South Exeter,0,0,0,0,79.46,57.14,3.03,81.07,SSJV,South Exeter
2022,8,12,Tonyville,0,0,0,0,79.46,57.14,3.03,81.07,SSJV,Tonyville
2022,8,12,West Lindsay,2,0,2,0,79.46,57.14,3.03,81.07,SSJV,West Lindsay
2022,8,12,Strathmore,1,0,1,0,79.46,57.14,3.03,81.07,SSJV,Strathmore
2022,8,12,Porterville,0,0,0,0,85.3,32.29,3.06,86.91,SSJV,Porterville
2022,8,12,Terra Bella,0,0,0,0,85.3,32.29,3.06,86.91,SSJV,Terra Bella
2022,8,12,City of Visalia,0,0,0,0,79.46,57.14,3.03,81.07,SSJV,City of Visalia
2022,8,19,Woodlake,0,0,0,0,82.73,37.57,3.26,81.24,SSJV,Woodlake
2022,8,19,Ivanhoe,0,0,0,0,82.73,37.57,3.26,81.24,SSJV,Ivanhoe
2022,8,19,Exeter,0,0,0,0,82.73,37.57,3.26,81.24,SSJV,Exeter
2022,8,19,South Exeter,0,0,0,0,82.73,37.57,3.26,81.24,SSJV,South Exeter
2022,8,19,Tonyville,0,0,0,0,82.73,37.57,3.26,81.24,SSJV,Tonyville
2022,8,19,West Lindsay,0,0,0,0,82.73,37.57,3.26,81.24,SSJV,West Lindsay
2022,8,19,Strathmore,0,0,0,0,82.73,37.57,3.26,81.24,SSJV,Strathmore
2022,8,19,Porterville,0,0,0,0,84.57,35,3.11,86.84,SSJV,Porterville
2022,8,19,Terra Bella,0,0,0,0,84.57,35,3.11,86.84,SSJV,Terra Bella
2022,8,19,City of Visalia,0,0,0,0,82.73,37.57,3.26,81.24,SSJV,City of Visalia
2022,8,26,Woodlake,0,0,0,0,83.63,40.43,3.16,80.8,SSJV,Woodlake
2022,8,26,Ivanhoe,0,0,0,0,83.63,40.43,3.16,80.8,SSJV,Ivanhoe
2022,8,26,Exeter,0,0,0,0,83.63,40.43,3.16,80.8,SSJV,Exeter
2022,8,26,South Exeter,0,0,0,0,83.63,40.43,3.16,80.8,SSJV,South Exeter
2022,8,26,Tonyville,0,0,0,0,83.63,40.43,3.16,80.8,SSJV,Tonyville
2022,8,26,West Lindsay,0,0,0,0,83.63,40.43,3.16,80.8,SSJV,West Lindsay
2022,8,26,Strathmore,0,0,0,0,83.63,40.43,3.16,80.8,SSJV,Strathmore
2022,8,26,Porterville,0,0,0,0,85.46,44.57,3.51,88.01,SSJV,Porterville
2022,8,26,Terra Bella,0,0,0,0,85.46,44.57,3.51,88.01,SSJV,Terra Bella
2022,8,26,City of Visalia,0,0,0,0,83.63,40.43,3.16,80.8,SSJV,City of Visalia
2022,9,2,Woodlake,0,0,0,0,81.36,45.43,3.1,79.06,SSJV,Woodlake
2022,9,2,Ivanhoe,0,0,0,0,81.36,45.43,3.1,79.06,SSJV,Ivanhoe
2022,9,2,Exeter,0,0,0,0,81.36,45.43,3.1,79.06,SSJV,Exeter
2022,9,2,South Exeter,0,0,0,0,81.36,45.43,3.1,79.06,SSJV,South Exeter
2022,9,2,Tonyville,0,0,0,0,81.36,45.43,3.1,79.06,SSJV,Tonyville
2022,9,2,West Lindsay,0,0,0,0,81.36,45.43,3.1,79.06,SSJV,West Lindsay
2022,9,2,Strathmore,0,0,0,0,81.36,45.43,3.1,79.06,SSJV,Strathmore
2022,9,2,Porterville,0,0,0,0,79.89,45.57,3.29,85.64,SSJV,Porterville
2022,9,2,Terra Bella,0,0,0,0,79.89,45.57,3.29,85.64,SSJV,Terra Bella
2022,9,2,City of Visalia,0,0,0,0,81.36,45.43,3.1,79.06,SSJV,City of Visalia
2022,9,9,Woodlake,0,0,0,0,88.33,32.86,3.39,80.31,SSJV,Woodlake
2022,9,9,Ivanhoe,0,0,0,0,88.33,32.86,3.39,80.31,SSJV,Ivanhoe
2022,9,9,Exeter,0,0,0,0,88.33,32.86,3.39,80.31,SSJV,Exeter
2022,9,9,South Exeter,0,0,0,0,88.33,32.86,3.39,80.31,SSJV,South Exeter
2022,9,9,Tonyville,0,0,0,0,88.33,32.86,3.39,80.31,SSJV,Tonyville
2022,9,9,West Lindsay,0,0,0,0,88.33,32.86,3.39,80.31,SSJV,West Lindsay
2022,9,9,Strathmore,0,0,0,0,88.33,32.86,3.39,80.31,SSJV,Strathmore
2022,9,9,Porterville,0,0,0,0,84.41,35.43,3.09,83.01,SSJV,Porterville
2022,9,9,Terra Bella,0,0,0,0,84.41,35.43,3.09,83.01,SSJV,Terra Bella
2022,9,9,City of Visalia,0,0,0,0,88.33,32.86,3.39,80.31,SSJV,City of Visalia
2022,9,16,Woodlake,0,0,0,0,78.81,50.29,3.16,78.69,SSJV,Woodlake
2022,9,16,Ivanhoe,0,1,1,0,78.81,50.29,3.16,78.69,SSJV,Ivanhoe
2022,9,16,Exeter,0,0,0,0,78.81,50.29,3.16,78.69,SSJV,Exeter
2022,9,16,South Exeter,0,0,0,0,78.81,50.29,3.16,78.69,SSJV,South Exeter
2022,9,16,Tonyville,0,0,0,0,78.81,50.29,3.16,78.69,SSJV,Tonyville
2022,9,16,West Lindsay,1,1,2,0,78.81,50.29,3.16,78.69,SSJV,West Lindsay
2022,9,16,Strathmore,0,0,0,0,78.81,50.29,3.16,78.69,SSJV,Strathmore
2022,9,16,Porterville,0,0,0,0,83.81,37.14,3.34,85.59,SSJV,Porterville
2022,9,16,Terra Bella,1,0,1,0,83.81,37.14,3.34,85.59,SSJV,Terra Bella
2022,9,16,City of Visalia,0,0,0,0,78.81,50.29,3.16,78.69,SSJV,City of Visalia
2022,9,23,Woodlake,0,0,0,0,69.73,56.43,3.09,72.89,SSJV,Woodlake
2022,9,23,Ivanhoe,0,0,0,0,69.73,56.43,3.09,72.89,SSJV,Ivanhoe
2022,9,23,Exeter,0,0,0,0,69.73,56.43,3.09,72.89,SSJV,Exeter
2022,9,23,South Exeter,0,0,0,0,69.73,56.43,3.09,72.89,SSJV,South Exeter
2022,9,23,Tonyville,0,0,0,0,69.73,56.43,3.09,72.89,SSJV,Tonyville
2022,9,23,West Lindsay,0,0,0,0,69.73,56.43,3.09,72.89,SSJV,West Lindsay
2022,9,23,Strathmore,0,0,0,0,69.73,56.43,3.09,72.89,SSJV,Strathmore
2022,9,23,Porterville,1,0,1,0,83.14,38.14,3.13,85.33,SSJV,Porterville
2022,9,23,Terra Bella,1,0,1,0,83.14,38.14,3.13,85.33,SSJV,Terra Bella
2022,9,23,City of Visalia,0,0,0,0,69.73,56.43,3.09,72.89,SSJV,City of Visalia
2022,9,30,Woodlake,0,0,0,0,77.31,47.29,2.97,74.14,SSJV,Woodlake
2022,9,30,Ivanhoe,0,0,0,0,77.31,47.29,2.97,74.14,SSJV,Ivanhoe
2022,9,30,Exeter,0,0,0,0,77.31,47.29,2.97,74.14,SSJV,Exeter
2022,9,30,South Exeter,0,0,0,0,77.31,47.29,2.97,74.14,SSJV,South Exeter
2022,9,30,Tonyville,0,0,0,0,77.31,47.29,2.97,74.14,SSJV,Tonyville
2022,9,30,West Lindsay,0,0,0,0,77.31,47.29,2.97,74.14,SSJV,West Lindsay
2022,9,30,Strathmore,0,0,0,0,77.31,47.29,2.97,74.14,SSJV,Strathmore
2022,9,30,Porterville,0,0,0,0,88.51,37.14,3.33,87.77,SSJV,Porterville
2022,9,30,Terra Bella,0,0,0,0,88.51,37.14,3.33,87.77,SSJV,Terra Bella
2022,9,30,City of Visalia,0,0,0,0,77.31,47.29,2.97,74.14,SSJV,City of Visalia
2022,10,7,Woodlake,0,0,0,0,72.93,53,2.86,72.71,SSJV,Woodlake
2022,10,7,Ivanhoe,0,0,0,0,72.93,53,2.86,72.71,SSJV,Ivanhoe
2022,10,7,Exeter,0,0,0,0,72.93,53,2.86,72.71,SSJV,Exeter
2022,10,7,South Exeter,0,0,0,0,72.93,53,2.86,72.71,SSJV,South Exeter
2022,10,7,Tonyville,0,0,0,0,72.93,53,2.86,72.71,SSJV,Tonyville
2022,10,7,West Lindsay,0,0,0,0,72.93,53,2.86,72.71,SSJV,West Lindsay
2022,10,7,Strathmore,0,0,0,0,72.93,53,2.86,72.71,SSJV,Strathmore
2022,10,7,Porterville,0,0,0,0,74.31,48,3.4,83.67,SSJV,Porterville
2022,10,7,Terra Bella,0,0,0,0,74.31,48,3.4,83.67,SSJV,Terra Bella
2022,10,7,City of Visalia,0,0,0,0,72.93,53,2.86,72.71,SSJV,City of Visalia
2022,10,14,Woodlake,0,0,0,0,74.6,42.86,3.03,71.86,SSJV,Woodlake
2022,10,14,Ivanhoe,0,0,0,0,74.6,42.86,3.03,71.86,SSJV,Ivanhoe
2022,10,14,Exeter,0,0,0,0,74.6,42.86,3.03,71.86,SSJV,Exeter
2022,10,14,South Exeter,0,0,0,0,74.6,42.86,3.03,71.86,SSJV,South Exeter
2022,10,14,Tonyville,0,0,0,0,74.6,42.86,3.03,71.86,SSJV,Tonyville
2022,10,14,West Lindsay,0,0,0,0,74.6,42.86,3.03,71.86,SSJV,West Lindsay
2022,10,14,Strathmore,1,0,1,0,74.6,42.86,3.03,71.86,SSJV,Strathmore
2022,10,14,Porterville,1,0,1,0,70.41,54.14,3.19,79.71,SSJV,Porterville
2022,10,14,Terra Bella,1,1,2,0,70.41,54.14,3.19,79.71,SSJV,Terra Bella
2022,10,14,City of Visalia,0,0,0,0,74.6,42.86,3.03,71.86,SSJV,City of Visalia
2022,10,21,Woodlake,19,4,23,0,68.96,56.29,3.09,69.44,SSJV,Woodlake
2022,10,21,Ivanhoe,1,0,1,0,68.96,56.29,3.09,69.44,SSJV,Ivanhoe
2022,10,21,Exeter,40,3,43,0,68.96,56.29,3.09,69.44,SSJV,Exeter
2022,10,21,South Exeter,1,0,1,0,68.96,56.29,3.09,69.44,SSJV,South Exeter
2022,10,21,Tonyville,0,0,0,0,68.96,56.29,3.09,69.44,SSJV,Tonyville
2022,10,21,West Lindsay,2,2,4,0,68.96,56.29,3.09,69.44,SSJV,West Lindsay
2022,10,21,Strathmore,2,2,4,0,68.96,56.29,3.09,69.44,SSJV,Strathmore
2022,10,21,Porterville,0,0,0,0,76.41,48.29,2.74,81.63,SSJV,Porterville
2022,10,21,Terra Bella,1,0,1,0,76.41,48.29,2.74,81.63,SSJV,Terra Bella
2022,10,21,City of Visalia,1,0,1,0,68.96,56.29,3.09,69.44,SSJV,City of Visalia
2022,10,28,Woodlake,11,12,23,0,59.76,50,3.03,63.64,SSJV,Woodlake
2022,10,28,Ivanhoe,3,2,5,0,59.76,50,3.03,63.64,SSJV,Ivanhoe
2022,10,28,Exeter,16,1,17,0,59.76,50,3.03,63.64,SSJV,Exeter
2022,10,28,South Exeter,0,0,0,0,59.76,50,3.03,63.64,SSJV,South Exeter
2022,10,28,Tonyville,0,0,0,0,59.76,50,3.03,63.64,SSJV,Tonyville
2022,10,28,West Lindsay,1,0,1,0,59.76,50,3.03,63.64,SSJV,West Lindsay
2022,10,28,Strathmore,0,1,1,0,59.76,50,3.03,63.64,SSJV,Strathmore
2022,10,28,Porterville,0,0,0,0,72.96,53.43,2.44,79.04,SSJV,Porterville
2022,10,28,Terra Bella,0,1,1,0,72.96,53.43,2.44,79.04,SSJV,Terra Bella
2022,10,28,City of Visalia,0,0,0,0,59.76,50,3.03,63.64,SSJV,City of Visalia
2022,11,4,Woodlake,27,5,32,0,56.31,58,2.99,60.36,SSJV,Woodlake
2022,11,4,Ivanhoe,4,0,4,0,56.31,58,2.99,60.36,SSJV,Ivanhoe
2022,11,4,Exeter,55,4,59,0,56.31,58,2.99,60.36,SSJV,Exeter
2022,11,4,South Exeter,1,0,1,0,56.31,58,2.99,60.36,SSJV,South Exeter
2022,11,4,Tonyville,2,0,2,0,56.31,58,2.99,60.36,SSJV,Tonyville
2022,11,4,West Lindsay,1,0,1,0,56.31,58,2.99,60.36,SSJV,West Lindsay
2022,11,4,Strathmore,0,0,0,0,56.31,58,2.99,60.36,SSJV,Strathmore
2022,11,4,Porterville,1,1,2,0,72.61,50.86,2.6,77.86,SSJV,Porterville
2022,11,4,Terra Bella,4,1,5,0,72.61,50.86,2.6,77.86,SSJV,Terra Bella
2022,11,4,City of Visalia,0,0,0,0,56.31,58,2.99,60.36,SSJV,City of Visalia
2022,11,11,Woodlake,7,1,8,0,51.66,74.43,2.71,57.19,SSJV,Woodlake
2022,11,11,Ivanhoe,2,0,2,0,51.66,74.43,2.71,57.19,SSJV,Ivanhoe
2022,11,11,Exeter,21,1,22,0,51.66,74.43,2.71,57.19,SSJV,Exeter
2022,11,11,South Exeter,0,0,0,0,51.66,74.43,2.71,57.19,SSJV,South Exeter
2022,11,11,Tonyville,1,0,1,0,51.66,74.43,2.71,57.19,SSJV,Tonyville
2022,11,11,West Lindsay,0,0,0,0,51.66,74.43,2.71,57.19,SSJV,West Lindsay
2022,11,11,Strathmore,0,0,0,0,51.66,74.43,2.71,57.19,SSJV,Strathmore
2022,11,11,Porterville,3,1,4,0,67.14,60.14,2.49,74.47,SSJV,Porterville
2022,11,11,Terra Bella,0,0,0,0,67.14,60.14,2.49,74.47,SSJV,Terra Bella
2022,11,11,City of Visalia,0,0,0,0,51.66,74.43,2.71,57.19,SSJV,City of Visalia
2022,11,18,Woodlake,14,0,14,0,48.86,69.14,2.9,53.64,SSJV,Woodlake
2022,11,18,Ivanhoe,0,0,0,0,48.86,69.14,2.9,53.64,SSJV,Ivanhoe
2022,11,18,Exeter,4,2,6,0,48.86,69.14,2.9,53.64,SSJV,Exeter
2022,11,18,South Exeter,0,0,0,0,48.86,69.14,2.9,53.64,SSJV,South Exeter
2022,11,18,Tonyville,0,0,0,0,48.86,69.14,2.9,53.64,SSJV,Tonyville
2022,11,18,West Lindsay,1,0,1,0,48.86,69.14,2.9,53.64,SSJV,West Lindsay
2022,11,18,Strathmore,0,0,0,0,48.86,69.14,2.9,53.64,SSJV,Strathmore
2022,11,18,Porterville,1,0,1,0,56.2,53.43,2.44,67.37,SSJV,Porterville
2022,11,18,Terra Bella,0,0,0,0,56.2,53.43,2.44,67.37,SSJV,Terra Bella
2022,11,18,City of Visalia,0,0,0,0,48.86,69.14,2.9,53.64,SSJV,City of Visalia
2023,3,22,Woodlake,0,1,1,0.12,49.51,69.71,3.26,54.5,SSJV,Woodlake
2023,3,22,Ivanhoe,0,0,0,0.12,49.51,69.71,3.26,54.5,SSJV,Ivanhoe
2023,3,22,Exeter,0,0,0,0.12,49.51,69.71,3.26,54.5,SSJV,Exeter
2023,3,22,South Exeter,0,0,0,0.12,49.51,69.71,3.26,54.5,SSJV,South Exeter
2023,3,22,Tonyville,0,0,0,0.12,49.51,69.71,3.26,54.5,SSJV,Tonyville
2023,3,22,West Lindsay,0,0,0,0.12,49.51,69.71,3.26,54.5,SSJV,West Lindsay
2023,3,22,Strathmore,0,0,0,0.12,49.51,69.71,3.26,54.5,SSJV,Strathmore
2023,3,22,Porterville,0,0,0,0.08,45.99,73.86,3.81,49.43,SSJV,Porterville
2023,3,22,Terra Bella,0,1,1,0.08,45.99,73.86,3.81,49.43,SSJV,Terra Bella
2023,3,22,City of Visalia,1,0,1,0.12,49.51,69.71,3.26,54.5,SSJV,City of Visalia
2023,3,31,Woodlake,0,0,0,0,51.46,64.43,3.54,55.56,SSJV,Woodlake
2023,3,31,Ivanhoe,0,0,0,0,51.46,64.43,3.54,55.56,SSJV,Ivanhoe
2023,3,31,Exeter,0,0,0,0,51.46,64.43,3.54,55.56,SSJV,Exeter
2023,3,31,South Exeter,0,0,0,0,51.46,64.43,3.54,55.56,SSJV,South Exeter
2023,3,31,Tonyville,0,0,0,0,51.46,64.43,3.54,55.56,SSJV,Tonyville
2023,3,31,West Lindsay,0,0,0,0,51.46,64.43,3.54,55.56,SSJV,West Lindsay
2023,3,31,Strathmore,0,0,0,0,51.46,64.43,3.54,55.56,SSJV,Strathmore
2023,3,31,Porterville,0,0,0,0.13,51.93,73.57,3.13,52.79,SSJV,Porterville
2023,3,31,Terra Bella,0,1,1,0.13,51.93,73.57,3.13,52.79,SSJV,Terra Bella
2023,3,31,City of Visalia,0,1,1,0,51.46,64.43,3.54,55.56,SSJV,City of Visalia
2023,4,7,Woodlake,0,0,0,0,61.1,68.71,3,60.41,SSJV,Woodlake
2023,4,7,Ivanhoe,0,0,0,0,61.1,68.71,3,60.41,SSJV,Ivanhoe
2023,4,7,Exeter,0,0,0,0,61.1,68.71,3,60.41,SSJV,Exeter
2023,4,7,South Exeter,0,0,0,0,61.1,68.71,3,60.41,SSJV,South Exeter
2023,4,7,Tonyville,0,0,0,0,61.1,68.71,3,60.41,SSJV,Tonyville
2023,4,7,West Lindsay,0,0,0,0,61.1,68.71,3,60.41,SSJV,West Lindsay
2023,4,7,Strathmore,0,0,0,0,61.1,68.71,3,60.41,SSJV,Strathmore
2023,4,7,Porterville,0,0,0,0.18,57.2,74.86,3.06,58.73,SSJV,Porterville
2023,4,7,Terra Bella,4,4,8,0.18,57.2,74.86,3.06,58.73,SSJV,Terra Bella
2023,4,7,City of Visalia,0,0,0,0,61.1,68.71,3,60.41,SSJV,City of Visalia
2023,4,14,Woodlake,2,0,2,0,57.23,60.14,3.16,59.99,SSJV,Woodlake
2023,4,14,Ivanhoe,0,0,0,0,57.23,60.14,3.16,59.99,SSJV,Ivanhoe
2023,4,14,Exeter,0,1,1,0,57.23,60.14,3.16,59.99,SSJV,Exeter
2023,4,14,South Exeter,1,0,1,0,57.23,60.14,3.16,59.99,SSJV,South Exeter
2023,4,14,Tonyville,0,0,0,0,57.23,60.14,3.16,59.99,SSJV,Tonyville
2023,4,14,West Lindsay,0,0,0,0,57.23,60.14,3.16,59.99,SSJV,West Lindsay
2023,4,14,Strathmore,0,0,0,0,57.23,60.14,3.16,59.99,SSJV,Strathmore
2023,4,14,Porterville,0,0,0,0.11,52.39,73.14,4.39,57.16,SSJV,Porterville
2023,4,14,Terra Bella,9,25,34,0.11,52.39,73.14,4.39,57.16,SSJV,Terra Bella
2023,4,14,City of Visalia,1,1,2,0,57.23,60.14,3.16,59.99,SSJV,City of Visalia
2023,4,21,Woodlake,0,0,0,0,68.11,55.71,3.27,63.03,SSJV,Woodlake
2023,4,21,Ivanhoe,0,0,0,0,68.11,55.71,3.27,63.03,SSJV,Ivanhoe
2023,4,21,Exeter,0,2,2,0,68.11,55.71,3.27,63.03,SSJV,Exeter
2023,4,21,South Exeter,0,0,0,0,68.11,55.71,3.27,63.03,SSJV,South Exeter
2023,4,21,Tonyville,1,0,1,0,68.11,55.71,3.27,63.03,SSJV,Tonyville
2023,4,21,West Lindsay,0,0,0,0,68.11,55.71,3.27,63.03,SSJV,West Lindsay
2023,4,21,Strathmore,0,0,0,0,68.11,55.71,3.27,63.03,SSJV,Strathmore
2023,4,21,Porterville,5,1,6,0.06,50.59,67.43,3.39,56.34,SSJV,Porterville
2023,4,21,Terra Bella,7,2,9,0.06,50.59,67.43,3.39,56.34,SSJV,Terra Bella
2023,4,21,City of Visalia,0,0,0,0,68.11,55.71,3.27,63.03,SSJV,City of Visalia
2023,4,28,Woodlake,4,1,5,0.01,64.63,56.57,3.46,65.39,SSJV,Woodlake
2023,4,28,Ivanhoe,0,0,0,0.01,64.63,56.57,3.46,65.39,SSJV,Ivanhoe
2023,4,28,Exeter,0,0,0,0.01,64.63,56.57,3.46,65.39,SSJV,Exeter
2023,4,28,South Exeter,0,0,0,0.01,64.63,56.57,3.46,65.39,SSJV,South Exeter
2023,4,28,Tonyville,1,0,1,0.01,64.63,56.57,3.46,65.39,SSJV,Tonyville
2023,4,28,West Lindsay,0,0,0,0.01,64.63,56.57,3.46,65.39,SSJV,West Lindsay
2023,4,28,Strathmore,0,0,0,0.01,64.63,56.57,3.46,65.39,SSJV,Strathmore
2023,4,28,Porterville,0,0,0,0,53.56,60.71,4.03,58.49,SSJV,Porterville
2023,4,28,Terra Bella,0,0,0,0,53.56,60.71,4.03,58.49,SSJV,Terra Bella
2023,4,28,City of Visalia,1,1,2,0.01,64.63,56.57,3.46,65.39,SSJV,City of Visalia
2023,5,5,Woodlake,0,1,1,0,60.51,63.86,3.23,63.27,SSJV,Woodlake
2023,5,5,Ivanhoe,0,0,0,0,60.51,63.86,3.23,63.27,SSJV,Ivanhoe
2023,5,5,Exeter,4,0,4,0,60.51,63.86,3.23,63.27,SSJV,Exeter
2023,5,5,South Exeter,0,0,0,0,60.51,63.86,3.23,63.27,SSJV,South Exeter
2023,5,5,Tonyville,0,0,0,0,60.51,63.86,3.23,63.27,SSJV,Tonyville
2023,5,5,West Lindsay,0,0,0,0,60.51,63.86,3.23,63.27,SSJV,West Lindsay
2023,5,5,Strathmore,3,1,4,0,60.51,63.86,3.23,63.27,SSJV,Strathmore
2023,5,5,Porterville,0,0,0,0,60.46,61.14,3.06,66.46,SSJV,Porterville
2023,5,5,Terra Bella,2,1,3,0,60.46,61.14,3.06,66.46,SSJV,Terra Bella
2023,5,5,City of Visalia,0,0,0,0,60.51,63.86,3.23,63.27,SSJV,City of Visalia
2023,5,12,Woodlake,0,1,1,0,76.86,44.43,3.14,70.59,SSJV,Woodlake
2023,5,12,Ivanhoe,0,0,0,0,76.86,44.43,3.14,70.59,SSJV,Ivanhoe
2023,5,12,Exeter,4,0,4,0,76.86,44.43,3.14,70.59,SSJV,Exeter
2023,5,12,South Exeter,0,0,0,0,76.86,44.43,3.14,70.59,SSJV,South Exeter
2023,5,12,Tonyville,0,0,0,0,76.86,44.43,3.14,70.59,SSJV,Tonyville
2023,5,12,West Lindsay,0,0,0,0,76.86,44.43,3.14,70.59,SSJV,West Lindsay
2023,5,12,Strathmore,3,1,4,0,76.86,44.43,3.14,70.59,SSJV,Strathmore
2023,5,12,Porterville,0,0,0,0,58.83,57,3.5,67.4,SSJV,Porterville
2023,5,12,Terra Bella,2,1,3,0,58.83,57,3.5,67.4,SSJV,Terra Bella
2023,5,12,City of Visalia,0,0,0,0,76.86,44.43,3.14,70.59,SSJV,City of Visalia
2023,5,19,Woodlake,1,0,1,0,73.7,48,3.1,74.66,SSJV,Woodlake
2023,5,19,Ivanhoe,0,0,0,0,73.7,48,3.1,74.66,SSJV,Ivanhoe
2023,5,19,Exeter,1,0,1,0,73.7,48,3.1,74.66,SSJV,Exeter
2023,5,19,South Exeter,0,0,0,0,73.7,48,3.1,74.66,SSJV,South Exeter
2023,5,19,Tonyville,0,0,0,0,73.7,48,3.1,74.66,SSJV,Tonyville
2023,5,19,West Lindsay,0,0,0,0,73.7,48,3.1,74.66,SSJV,West Lindsay
2023,5,19,Strathmore,2,0,2,0,73.7,48,3.1,74.66,SSJV,Strathmore
2023,5,19,Porterville,0,0,0,0,69.7,58,3.09,73.27,SSJV,Porterville
2023,5,19,Terra Bella,0,0,0,0,69.7,58,3.09,73.27,SSJV,Terra Bella
2023,5,19,City of Visalia,0,0,0,0,73.7,48,3.1,74.66,SSJV,City of Visalia
2023,5,26,Woodlake,0,0,0,0,71.04,53.43,3.17,74.69,SSJV,Woodlake
2023,5,26,Ivanhoe,0,0,0,0,71.04,53.43,3.17,74.69,SSJV,Ivanhoe
2023,5,26,Exeter,0,0,0,0,71.04,53.43,3.17,74.69,SSJV,Exeter
2023,5,26,South Exeter,0,0,0,0,71.04,53.43,3.17,74.69,SSJV,South Exeter
2023,5,26,Tonyville,1,0,1,0,71.04,53.43,3.17,74.69,SSJV,Tonyville
2023,5,26,West Lindsay,0,0,0,0,71.04,53.43,3.17,74.69,SSJV,West Lindsay
2023,5,26,Strathmore,1,0,1,0,71.04,53.43,3.17,74.69,SSJV,Strathmore
2023,5,26,Porterville,0,0,0,0.03,60.33,59.29,4.54,71.41,SSJV,Porterville
2023,5,26,Terra Bella,0,0,0,0.03,60.33,59.29,4.54,71.41,SSJV,Terra Bella
2023,5,26,City of Visalia,0,0,0,0,71.04,53.43,3.17,74.69,SSJV,City of Visalia
2023,6,2,Woodlake,0,0,0,0.02,72.11,55.43,3.3,75.03,SSJV,Woodlake
2023,6,2,Ivanhoe,0,0,0,0.02,72.11,55.43,3.3,75.03,SSJV,Ivanhoe
2023,6,2,Exeter,0,1,1,0.02,72.11,55.43,3.3,75.03,SSJV,Exeter
2023,6,2,South Exeter,0,1,1,0.02,72.11,55.43,3.3,75.03,SSJV,South Exeter
2023,6,2,Tonyville,5,1,6,0.02,72.11,55.43,3.3,75.03,SSJV,Tonyville
2023,6,2,West Lindsay,0,0,0,0.02,72.11,55.43,3.3,75.03,SSJV,West Lindsay
2023,6,2,Strathmore,0,0,0,0.02,72.11,55.43,3.3,75.03,SSJV,Strathmore
2023,6,2,Porterville,0,0,0,0,64.01,62.14,3.39,72.19,SSJV,Porterville
2023,6,2,Terra Bella,0,0,0,0,64.01,62.14,3.39,72.19,SSJV,Terra Bella
2023,6,2,City of Visalia,0,0,0,0.02,72.11,55.43,3.3,75.03,SSJV,City of Visalia
2023,6,9,Woodlake,0,0,0,0.01,74.13,55.43,3.31,76.69,SSJV,Woodlake
2023,6,9,Ivanhoe,0,0,0,0.01,74.13,55.43,3.31,76.69,SSJV,Ivanhoe
2023,6,9,Exeter,1,0,1,0.01,74.13,55.43,3.31,76.69,SSJV,Exeter
2023,6,9,South Exeter,0,0,0,0.01,74.13,55.43,3.31,76.69,SSJV,South Exeter
2023,6,9,Tonyville,1,1,2,0.01,74.13,55.43,3.31,76.69,SSJV,Tonyville
2023,6,9,West Lindsay,0,0,0,0.01,74.13,55.43,3.31,76.69,SSJV,West Lindsay
2023,6,9,Strathmore,2,0,2,0.01,74.13,55.43,3.31,76.69,SSJV,Strathmore
2023,6,9,Porterville,1,0,1,0,76.71,49.86,3.16,80.83,SSJV,Porterville
2023,6,9,Terra Bella,0,0,0,0,76.71,49.86,3.16,80.83,SSJV,Terra Bella
2023,6,9,City of Visalia,0,0,0,0.01,74.13,55.43,3.31,76.69,SSJV,City of Visalia
2023,6,16,Woodlake,0,0,0,0,72.77,41.71,3.7,78.53,SSJV,Woodlake
2023,6,16,Ivanhoe,0,0,0,0,72.77,41.71,3.7,78.53,SSJV,Ivanhoe
2023,6,16,Exeter,0,0,0,0,72.77,41.71,3.7,78.53,SSJV,Exeter
2023,6,16,South Exeter,0,0,0,0,72.77,41.71,3.7,78.53,SSJV,South Exeter
2023,6,16,Tonyville,2,0,2,0,72.77,41.71,3.7,78.53,SSJV,Tonyville
2023,6,16,West Lindsay,0,0,0,0,72.77,41.71,3.7,78.53,SSJV,West Lindsay
2023,6,16,Strathmore,0,0,0,0,72.77,41.71,3.7,78.53,SSJV,Strathmore
2023,6,16,Porterville,0,0,0,0,70.29,53.86,4.2,80.74,SSJV,Porterville
2023,6,16,Terra Bella,0,0,0,0,70.29,53.86,4.2,80.74,SSJV,Terra Bella
2023,6,16,City of Visalia,0,0,0,0,72.77,41.71,3.7,78.53,SSJV,City of Visalia
2023,6,23,Woodlake,0,0,0,0,72.54,51.14,3.17,77.87,SSJV,Woodlake
2023,6,23,Ivanhoe,0,0,0,0,72.54,51.14,3.17,77.87,SSJV,Ivanhoe
2023,6,23,Exeter,0,0,0,0,72.54,51.14,3.17,77.87,SSJV,Exeter
2023,6,23,South Exeter,0,0,0,0,72.54,51.14,3.17,77.87,SSJV,South Exeter
2023,6,23,Tonyville,3,0,3,0,72.54,51.14,3.17,77.87,SSJV,Tonyville
2023,6,23,West Lindsay,0,0,0,0,72.54,51.14,3.17,77.87,SSJV,West Lindsay
2023,6,23,Strathmore,1,0,1,0,72.54,51.14,3.17,77.87,SSJV,Strathmore
2023,6,23,Porterville,0,0,0,0,69.5,54,3.71,80.04,SSJV,Porterville
2023,6,23,Terra Bella,0,0,0,0,69.5,54,3.71,80.04,SSJV,Terra Bella
2023,6,23,City of Visalia,0,0,0,0,72.54,51.14,3.17,77.87,SSJV,City of Visalia
2023,6,30,Woodlake,0,0,0,0,84.76,37,3.3,83.9,SSJV,Woodlake
2023,6,30,Ivanhoe,0,0,0,0,84.76,37,3.3,83.9,SSJV,Ivanhoe
2023,6,30,Exeter,0,1,1,0,84.76,37,3.3,83.9,SSJV,Exeter
2023,6,30,South Exeter,0,0,0,0,84.76,37,3.3,83.9,SSJV,South Exeter
2023,6,30,Tonyville,0,0,0,0,84.76,37,3.3,83.9,SSJV,Tonyville
2023,6,30,West Lindsay,0,0,0,0,84.76,37,3.3,83.9,SSJV,West Lindsay
2023,6,30,Strathmore,0,0,0,0,84.76,37,3.3,83.9,SSJV,Strathmore
2023,6,30,Porterville,1,0,1,0,84.76,37,3.3,83.9,SSJV,Porterville
2023,6,30,Terra Bella,1,0,1,0,84.76,37,3.3,83.9,SSJV,Terra Bella
2023,6,30,City of Visalia,0,0,0,0,84.76,37,3.3,83.9,SSJV,City of Visalia
2023,7,7,Woodlake,0,0,0,0,78.54,41,3.29,82.36,SSJV,Woodlake
2023,7,7,Ivanhoe,0,0,0,0,78.54,41,3.29,82.36,SSJV,Ivanhoe
2023,7,7,Exeter,0,0,0,0,78.54,41,3.29,82.36,SSJV,Exeter
2023,7,7,South Exeter,0,0,0,0,78.54,41,3.29,82.36,SSJV,South Exeter
2023,7,7,Tonyville,0,0,0,0,78.54,41,3.29,82.36,SSJV,Tonyville
2023,7,7,West Lindsay,0,0,0,0,78.54,41,3.29,82.36,SSJV,West Lindsay
2023,7,7,Strathmore,0,0,0,0,78.54,41,3.29,82.36,SSJV,Strathmore
2023,7,7,Porterville,0,0,0,0.1,70.01,64,4.23,79.24,SSJV,Porterville
2023,7,7,Terra Bella,0,0,0,0.1,70.01,64,4.23,79.24,SSJV,Terra Bella
2023,7,7,City of Visalia,0,0,0,0,78.54,41,3.29,82.36,SSJV,City of Visalia
2023,7,14,Woodlake,0,0,0,0.04,86.49,41,2.96,81.83,SSJV,Woodlake
2023,7,14,Ivanhoe,0,0,0,0.04,86.49,41,2.96,81.83,SSJV,Ivanhoe
2023,7,14,Exeter,0,0,0,0.04,86.49,41,2.96,81.83,SSJV,Exeter
2023,7,14,South Exeter,0,0,0,0.04,86.49,41,2.96,81.83,SSJV,South Exeter
2023,7,14,Tonyville,0,0,0,0.04,86.49,41,2.96,81.83,SSJV,Tonyville
2023,7,14,West Lindsay,0,0,0,0.04,86.49,41,2.96,81.83,SSJV,West Lindsay
2023,7,14,Strathmore,0,0,0,0.04,86.49,41,2.96,81.83,SSJV,Strathmore
2023,7,14,Porterville,0,0,0,0,74.84,58.86,3.81,83.27,SSJV,Porterville
2023,7,14,Terra Bella,0,0,0,0,74.84,58.86,3.81,83.27,SSJV,Terra Bella
2023,7,14,City of Visalia,0,0,0,0.04,86.49,41,2.96,81.83,SSJV,City of Visalia
2023,7,21,Woodlake,0,0,0,0.06,85.01,44.71,2.97,81.34,SSJV,Woodlake
2023,7,21,Ivanhoe,0,0,0,0.06,85.01,44.71,2.97,81.34,SSJV,Ivanhoe
2023,7,21,Exeter,0,0,0,0.06,85.01,44.71,2.97,81.34,SSJV,Exeter
2023,7,21,South Exeter,0,0,0,0.06,85.01,44.71,2.97,81.34,SSJV,South Exeter
2023,7,21,Tonyville,0,0,0,0.06,85.01,44.71,2.97,81.34,SSJV,Tonyville
2023,7,21,West Lindsay,0,0,0,0.06,85.01,44.71,2.97,81.34,SSJV,West Lindsay
2023,7,21,Strathmore,0,0,0,0.06,85.01,44.71,2.97,81.34,SSJV,Strathmore
2023,7,21,Porterville,0,0,0,0,68.14,58.57,3.84,81.29,SSJV,Porterville
2023,7,21,Terra Bella,0,0,0,0,68.14,58.57,3.84,81.29,SSJV,Terra Bella
2023,7,21,City of Visalia,0,0,0,0.06,85.01,44.71,2.97,81.34,SSJV,City of Visalia
2023,7,28,Woodlake,0,0,0,0.02,80.23,44,3.11,79.54,SSJV,Woodlake
2023,7,28,Ivanhoe,0,0,0,0.02,80.23,44,3.11,79.54,SSJV,Ivanhoe
2023,7,28,Exeter,1,0,1,0.02,80.23,44,3.11,79.54,SSJV,Exeter
2023,7,28,South Exeter,1,0,1,0.02,80.23,44,3.11,79.54,SSJV,South Exeter
2023,7,28,Tonyville,0,0,0,0.02,80.23,44,3.11,79.54,SSJV,Tonyville
2023,7,28,West Lindsay,0,0,0,0.02,80.23,44,3.11,79.54,SSJV,West Lindsay
2023,7,28,Strathmore,0,0,0,0.02,80.23,44,3.11,79.54,SSJV,Strathmore
2023,7,28,Porterville,0,0,0,0,76.06,62,3.04,82.79,SSJV,Porterville
2023,7,28,Terra Bella,0,0,0,0,76.06,62,3.04,82.79,SSJV,Terra Bella
2023,7,28,City of Visalia,0,0,0,0.02,80.23,44,3.11,79.54,SSJV,City of Visalia
2023,8,4,Woodlake,0,0,0,0.03,79.56,45.71,3.06,78.09,SSJV,Woodlake
2023,8,4,Ivanhoe,0,0,0,0.03,79.56,45.71,3.06,78.09,SSJV,Ivanhoe
2023,8,4,Exeter,0,0,0,0.03,79.56,45.71,3.06,78.09,SSJV,Exeter
2023,8,4,South Exeter,0,0,0,0.03,79.56,45.71,3.06,78.09,SSJV,South Exeter
2023,8,4,Tonyville,0,0,0,0.03,79.56,45.71,3.06,78.09,SSJV,Tonyville
2023,8,4,West Lindsay,0,0,0,0.03,79.56,45.71,3.06,78.09,SSJV,West Lindsay
2023,8,4,Strathmore,0,0,0,0.03,79.56,45.71,3.06,78.09,SSJV,Strathmore
2023,8,4,Porterville,0,0,0,0,78.19,64.4,3.1,84.89,SSJV,Porterville
2023,8,4,Terra Bella,0,0,0,0,78.19,64.4,3.1,84.89,SSJV,Terra Bella
2023,8,4,City of Visalia,0,0,0,0.03,79.56,45.71,3.06,78.09,SSJV,City of Visalia
2023,8,11,Woodlake,0,0,0,0.02,84.57,43.86,3.04,78.96,SSJV,Woodlake
2023,8,11,Ivanhoe,0,0,0,0.02,84.57,43.86,3.04,78.96,SSJV,Ivanhoe
2023,8,11,Exeter,0,0,0,0.02,84.57,43.86,3.04,78.96,SSJV,Exeter
2023,8,11,South Exeter,0,0,0,0.02,84.57,43.86,3.04,78.96,SSJV,South Exeter
2023,8,11,Tonyville,0,0,0,0.02,84.57,43.86,3.04,78.96,SSJV,Tonyville
2023,8,11,West Lindsay,0,0,0,0.02,84.57,43.86,3.04,78.96,SSJV,West Lindsay
2023,8,11,Strathmore,0,0,0,0.02,84.57,43.86,3.04,78.96,SSJV,Strathmore
2023,8,11,Porterville,0,0,0,0,77.27,69,2.86,82.51,SSJV,Porterville
2023,8,11,Terra Bella,0,0,0,0,77.27,69,2.86,82.51,SSJV,Terra Bella
2023,8,11,City of Visalia,0,0,0,0.02,84.57,43.86,3.04,78.96,SSJV,City of Visalia
2023,8,18,Woodlake,0,0,0,0.13,78.16,62.14,2.87,78.84,SSJV,Woodlake
2023,8,18,Ivanhoe,0,0,0,0.13,78.16,62.14,2.87,78.84,SSJV,Ivanhoe
2023,8,18,Exeter,0,0,0,0.13,78.16,62.14,2.87,78.84,SSJV,Exeter
2023,8,18,South Exeter,0,0,0,0.13,78.16,62.14,2.87,78.84,SSJV,South Exeter
2023,8,18,Tonyville,0,0,0,0.13,78.16,62.14,2.87,78.84,SSJV,Tonyville
2023,8,18,West Lindsay,0,0,0,0.13,78.16,62.14,2.87,78.84,SSJV,West Lindsay
2023,8,18,Strathmore,0,0,0,0.13,78.16,62.14,2.87,78.84,SSJV,Strathmore
2023,8,18,Porterville,0,0,0,0,84.63,51.8,2.94,86.7,SSJV,Porterville
2023,8,18,Terra Bella,0,0,0,0,84.63,51.8,2.94,86.7,SSJV,Terra Bella
2023,8,18,City of Visalia,0,0,0,0.13,78.16,62.14,2.87,78.84,SSJV,City of Visalia
2023,8,25,Woodlake,0,0,0,0.02,78.39,52.14,3.03,78.3,SSJV,Woodlake
2023,8,25,Ivanhoe,0,0,0,0.02,78.39,52.14,3.03,78.3,SSJV,Ivanhoe
2023,8,25,Exeter,0,0,0,0.02,78.39,52.14,3.03,78.3,SSJV,Exeter
2023,8,25,South Exeter,0,0,0,0.02,78.39,52.14,3.03,78.3,SSJV,South Exeter
2023,8,25,Tonyville,0,0,0,0.02,78.39,52.14,3.03,78.3,SSJV,Tonyville
2023,8,25,West Lindsay,0,0,0,0.02,78.39,52.14,3.03,78.3,SSJV,West Lindsay
2023,8,25,Strathmore,0,0,0,0.02,78.39,52.14,3.03,78.3,SSJV,Strathmore
2023,8,25,Porterville,0,0,0,0,82.69,48.67,2.9,85.96,SSJV,Porterville
2023,8,25,Terra Bella,0,0,0,0,82.69,48.67,2.9,85.96,SSJV,Terra Bella
2023,8,25,City of Visalia,0,0,0,0.02,78.39,52.14,3.03,78.3,SSJV,City of Visalia
2023,9,1,Woodlake,0,0,0,0.03,73,59.86,2.87,75.49,SSJV,Woodlake
2023,9,1,Ivanhoe,0,0,0,0.03,73,59.86,2.87,75.49,SSJV,Ivanhoe
2023,9,1,Exeter,1,0,1,0.03,73,59.86,2.87,75.49,SSJV,Exeter
2023,9,1,South Exeter,0,0,0,0.03,73,59.86,2.87,75.49,SSJV,South Exeter
2023,9,1,Tonyville,0,0,0,0.03,73,59.86,2.87,75.49,SSJV,Tonyville
2023,9,1,West Lindsay,0,0,0,0.03,73,59.86,2.87,75.49,SSJV,West Lindsay
2023,9,1,Strathmore,0,0,0,0.03,73,59.86,2.87,75.49,SSJV,Strathmore
2023,9,1,Porterville,0,0,0,0,76.76,51.71,3.17,82.31,SSJV,Porterville
2023,9,1,Terra Bella,0,0,0,0,76.76,51.71,3.17,82.31,SSJV,Terra Bella
2023,9,1,City of Visalia,0,0,0,0.03,73,59.86,2.87,75.49,SSJV,City of Visalia
2023,9,8,Woodlake,0,0,0,0.03,77.51,50.71,2.8,76.24,SSJV,Woodlake
2023,9,8,Ivanhoe,0,0,0,0.03,77.51,50.71,2.8,76.24,SSJV,Ivanhoe
2023,9,8,Exeter,0,0,0,0.03,77.51,50.71,2.8,76.24,SSJV,Exeter
2023,9,8,South Exeter,0,0,0,0.03,77.51,50.71,2.8,76.24,SSJV,South Exeter
2023,9,8,Tonyville,0,0,0,0.03,77.51,50.71,2.8,76.24,SSJV,Tonyville
2023,9,8,West Lindsay,0,0,0,0.03,77.51,50.71,2.8,76.24,SSJV,West Lindsay
2023,9,8,Strathmore,0,0,0,0.03,77.51,50.71,2.8,76.24,SSJV,Strathmore
2023,9,8,Porterville,0,0,0,0,78.37,53.71,3.33,81.5,SSJV,Porterville
2023,9,8,Terra Bella,0,1,1,0,78.37,53.71,3.33,81.5,SSJV,Terra Bella
2023,9,8,City of Visalia,0,0,0,0.03,77.51,50.71,2.8,76.24,SSJV,City of Visalia
2023,9,15,Woodlake,0,0,0,0.02,72.43,65.57,2.64,75.69,SSJV,Woodlake
2023,9,15,Ivanhoe,0,0,0,0.02,72.43,65.57,2.64,75.69,SSJV,Ivanhoe
2023,9,15,Exeter,0,0,0,0.02,72.43,65.57,2.64,75.69,SSJV,Exeter
2023,9,15,South Exeter,0,0,0,0.02,72.43,65.57,2.64,75.69,SSJV,South Exeter
2023,9,15,Tonyville,0,0,0,0.02,72.43,65.57,2.64,75.69,SSJV,Tonyville
2023,9,15,West Lindsay,0,0,0,0.02,72.43,65.57,2.64,75.69,SSJV,West Lindsay
2023,9,15,Strathmore,1,0,1,0.02,72.43,65.57,2.64,75.69,SSJV,Strathmore
2023,9,15,Porterville,0,0,0,0.02,82.57,51.29,3.34,82.97,SSJV,Porterville
2023,9,15,Terra Bella,0,0,0,0.02,82.57,51.29,3.34,82.97,SSJV,Terra Bella
2023,9,15,City of Visalia,0,0,0,0.02,72.43,65.57,2.64,75.69,SSJV,City of Visalia
2023,9,22,Woodlake,0,0,0,0.02,69.34,60.57,2.59,72.66,SSJV,Woodlake
2023,9,22,Ivanhoe,0,0,0,0.02,69.34,60.57,2.59,72.66,SSJV,Ivanhoe
2023,9,22,Exeter,0,0,0,0.02,69.34,60.57,2.59,72.66,SSJV,Exeter
2023,9,22,South Exeter,0,0,0,0.02,69.34,60.57,2.59,72.66,SSJV,South Exeter
2023,9,22,Tonyville,0,0,0,0.02,69.34,60.57,2.59,72.66,SSJV,Tonyville
2023,9,22,West Lindsay,0,0,0,0.02,69.34,60.57,2.59,72.66,SSJV,West Lindsay
2023,9,22,Strathmore,0,0,0,0.02,69.34,60.57,2.59,72.66,SSJV,Strathmore
2023,9,22,Porterville,0,0,0,0.12,75.81,61.8,3.23,78.99,SSJV,Porterville
2023,9,22,Terra Bella,0,0,0,0.12,75.81,61.8,3.23,78.99,SSJV,Terra Bella
2023,9,22,City of Visalia,0,0,0,0.02,69.34,60.57,2.59,72.66,SSJV,City of Visalia
2023,9,29,Woodlake,0,0,0,0.04,67.66,62.71,2.74,70.47,SSJV,Woodlake
2023,9,29,Ivanhoe,0,0,0,0.04,67.66,62.71,2.74,70.47,SSJV,Ivanhoe
2023,9,29,Exeter,0,0,0,0.04,67.66,62.71,2.74,70.47,SSJV,Exeter
2023,9,29,South Exeter,0,0,0,0.04,67.66,62.71,2.74,70.47,SSJV,South Exeter
2023,9,29,Tonyville,0,0,0,0.04,67.66,62.71,2.74,70.47,SSJV,Tonyville
2023,9,29,West Lindsay,0,0,0,0.04,67.66,62.71,2.74,70.47,SSJV,West Lindsay
2023,9,29,Strathmore,0,0,0,0.04,67.66,62.71,2.74,70.47,SSJV,Strathmore
2023,9,29,Porterville,0,0,0,0,76.79,53.86,3.2,78.23,SSJV,Porterville
2023,9,29,Terra Bella,0,0,0,0,76.79,53.86,3.2,78.23,SSJV,Terra Bella
2023,9,29,City of Visalia,0,0,0,0.04,67.66,62.71,2.74,70.47,SSJV,City of Visalia
2024,4,5,Woodlake,21,1,22,0.09,56.33,67.29,3.01,62.1,SSJV,Woodlake
2024,4,5,Ivanhoe,4,2,6,0.09,56.33,67.29,3.01,62.1,SSJV,Ivanhoe
2024,4,5,Exeter,8,1,9,0.09,56.33,67.29,3.01,62.1,SSJV,Exeter
2024,4,5,South Exeter,1,1,2,0.09,56.33,67.29,3.01,62.1,SSJV,South Exeter
2024,4,5,Tonyville,8,1,9,0.09,56.33,67.29,3.01,62.1,SSJV,Tonyville
2024,4,5,West Lindsay,7,5,12,0.09,56.33,67.29,3.01,62.1,SSJV,West Lindsay
2024,4,5,Strathmore,0,0,0,0.09,56.33,67.29,3.01,62.1,SSJV,Strathmore
2024,4,5,Porterville,21,1,22,0.08,57.93,64,3.86,63.16,SSJV,Porterville
2024,4,5,Terra Bella,4,0,4,0.08,57.93,64,3.86,63.16,SSJV,Terra Bella
2024,4,5,City of Visalia,0,0,0,0.09,56.33,67.29,3.01,62.1,SSJV,City of Visalia
2024,4,12,Woodlake,6,1,7,0.02,57.57,60.71,3.13,61.59,SSJV,Woodlake
2024,4,12,Ivanhoe,4,0,4,0.02,57.57,60.71,3.13,61.59,SSJV,Ivanhoe
2024,4,12,Exeter,3,0,3,0.02,57.57,60.71,3.13,61.59,SSJV,Exeter
2024,4,12,South Exeter,0,0,0,0.02,57.57,60.71,3.13,61.59,SSJV,South Exeter
2024,4,12,Tonyville,4,1,5,0.02,57.57,60.71,3.13,61.59,SSJV,Tonyville
2024,4,12,West Lindsay,3,0,3,0.02,57.57,60.71,3.13,61.59,SSJV,West Lindsay
2024,4,12,Strathmore,3,0,3,0.02,57.57,60.71,3.13,61.59,SSJV,Strathmore
2024,4,12,Porterville,5,1,6,0.01,55.2,63.14,3,61.21,SSJV,Porterville
2024,4,12,Terra Bella,1,0,1,0.01,55.2,63.14,3,61.21,SSJV,Terra Bella
2024,4,12,City of Visalia,0,0,0,0.02,57.57,60.71,3.13,61.59,SSJV,City of Visalia
2024,4,19,Woodlake,31,2,33,0.08,61.1,66.29,3.04,65.74,SSJV,Woodlake
2024,4,19,Ivanhoe,0,0,0,0.08,61.1,66.29,3.04,65.74,SSJV,Ivanhoe
2024,4,19,Exeter,1,0,1,0.08,61.1,66.29,3.04,65.74,SSJV,Exeter
2024,4,19,South Exeter,4,2,6,0.08,61.1,66.29,3.04,65.74,SSJV,South Exeter
2024,4,19,Tonyville,6,2,8,0.08,61.1,66.29,3.04,65.74,SSJV,Tonyville
2024,4,19,West Lindsay,8,3,11,0.08,61.1,66.29,3.04,65.74,SSJV,West Lindsay
2024,4,19,Strathmore,8,0,8,0.08,61.1,66.29,3.04,65.74,SSJV,Strathmore
2024,4,19,Porterville,10,1,11,0.1,60.71,68.14,3.53,64.47,SSJV,Porterville
2024,4,19,Terra Bella,1,0,1,0.1,60.71,68.14,3.53,64.47,SSJV,Terra Bella
2024,4,19,City of Visalia,0,0,0,0.08,61.1,66.29,3.04,65.74,SSJV,City of Visalia
2024,4,26,Woodlake,2,1,3,0,66.67,61.29,3.09,70.91,SSJV,Woodlake
2024,4,26,Ivanhoe,1,0,1,0,66.67,61.29,3.09,70.91,SSJV,Ivanhoe
2024,4,26,Exeter,7,1,8,0,66.67,61.29,3.09,70.91,SSJV,Exeter
2024,4,26,South Exeter,2,0,2,0,66.67,61.29,3.09,70.91,SSJV,South Exeter
2024,4,26,Tonyville,8,0,8,0,66.67,61.29,3.09,70.91,SSJV,Tonyville
2024,4,26,West Lindsay,1,0,1,0,66.67,61.29,3.09,70.91,SSJV,West Lindsay
2024,4,26,Strathmore,1,0,1,0,66.67,61.29,3.09,70.91,SSJV,Strathmore
2024,4,26,Porterville,7,1,8,0,68.31,54.86,3.81,70.87,SSJV,Porterville
2024,4,26,Terra Bella,0,0,0,0,68.31,54.86,3.81,70.87,SSJV,Terra Bella
2024,4,26,City of Visalia,0,0,0,0,66.67,61.29,3.09,70.91,SSJV,City of Visalia
2024,5,3,Woodlake,6,0,6,0.01,62.41,57,3.14,69.41,SSJV,Woodlake
2024,5,3,Ivanhoe,0,0,0,0.01,62.41,57,3.14,69.41,SSJV,Ivanhoe
2024,5,3,Exeter,4,0,4,0.01,62.41,57,3.14,69.41,SSJV,Exeter
2024,5,3,South Exeter,0,0,0,0.01,62.41,57,3.14,69.41,SSJV,South Exeter
2024,5,3,Tonyville,0,0,0,0.01,62.41,57,3.14,69.41,SSJV,Tonyville
2024,5,3,West Lindsay,7,0,7,0.01,62.41,57,3.14,69.41,SSJV,West Lindsay
2024,5,3,Strathmore,1,0,1,0.01,62.41,57,3.14,69.41,SSJV,Strathmore
2024,5,3,Porterville,0,0,0,0,65.23,50,3.51,71.19,SSJV,Porterville
2024,5,3,Terra Bella,0,0,0,0,65.23,50,3.51,71.19,SSJV,Terra Bella
2024,5,3,City of Visalia,0,0,0,0.01,62.41,57,3.14,69.41,SSJV,City of Visalia
2024,5,10,Woodlake,0,0,0,0.08,61.93,57.14,3.4,68.39,SSJV,Woodlake
2024,5,10,Ivanhoe,0,0,0,0.08,61.93,57.14,3.4,68.39,SSJV,Ivanhoe
2024,5,10,Exeter,1,0,1,0.08,61.93,57.14,3.4,68.39,SSJV,Exeter
2024,5,10,South Exeter,1,0,1,0.08,61.93,57.14,3.4,68.39,SSJV,South Exeter
2024,5,10,Tonyville,0,0,0,0.08,61.93,57.14,3.4,68.39,SSJV,Tonyville
2024,5,10,West Lindsay,0,0,0,0.08,61.93,57.14,3.4,68.39,SSJV,West Lindsay
2024,5,10,Strathmore,0,0,0,0.08,61.93,57.14,3.4,68.39,SSJV,Strathmore
2024,5,10,Porterville,1,0,1,0.05,63.44,55.29,3.56,70.2,SSJV,Porterville
2024,5,10,Terra Bella,0,0,0,0.05,63.44,55.29,3.56,70.2,SSJV,Terra Bella
2024,5,10,City of Visalia,0,0,0,0.08,61.93,57.14,3.4,68.39,SSJV,City of Visalia
2024,5,17,Woodlake,4,3,7,0.01,75.06,43.57,3.27,74.21,SSJV,Woodlake
2024,5,17,Ivanhoe,5,1,6,0.01,75.06,43.57,3.27,74.21,SSJV,Ivanhoe
2024,5,17,Exeter,1,0,1,0.01,75.06,43.57,3.27,74.21,SSJV,Exeter
2024,5,17,South Exeter,1,0,1,0.01,75.06,43.57,3.27,74.21,SSJV,South Exeter
2024,5,17,Tonyville,0,0,0,0.01,75.06,43.57,3.27,74.21,SSJV,Tonyville
2024,5,17,West Lindsay,1,0,1,0.01,75.06,43.57,3.27,74.21,SSJV,West Lindsay
2024,5,17,Strathmore,0,0,0,0.01,75.06,43.57,3.27,74.21,SSJV,Strathmore
2024,5,17,Porterville,1,0,1,0,75.4,47,3.03,74.97,SSJV,Porterville
2024,5,17,Terra Bella,1,0,1,0,75.4,47,3.03,74.97,SSJV,Terra Bella
2024,5,17,City of Visalia,0,0,0,0.01,75.06,43.57,3.27,74.21,SSJV,City of Visalia
2024,5,24,Woodlake,16,1,17,0.02,70.63,49.71,3.19,73.69,SSJV,Woodlake
2024,5,24,Ivanhoe,2,0,2,0.02,70.63,49.71,3.19,73.69,SSJV,Ivanhoe
2024,5,24,Exeter,0,0,0,0.02,70.63,49.71,3.19,73.69,SSJV,Exeter
2024,5,24,South Exeter,0,0,0,0.02,70.63,49.71,3.19,73.69,SSJV,South Exeter
2024,5,24,Tonyville,0,0,0,0.02,70.63,49.71,3.19,73.69,SSJV,Tonyville
2024,5,24,West Lindsay,0,0,0,0.02,70.63,49.71,3.19,73.69,SSJV,West Lindsay
2024,5,24,Strathmore,0,0,0,0.02,70.63,49.71,3.19,73.69,SSJV,Strathmore
2024,5,24,Porterville,0,0,0,0,72.37,44.43,3.66,75.43,SSJV,Porterville
2024,5,24,Terra Bella,1,0,1,0,72.37,44.43,3.66,75.43,SSJV,Terra Bella
2024,5,24,City of Visalia,1,0,1,0.02,70.63,49.71,3.19,73.69,SSJV,City of Visalia
2024,5,31,Woodlake,1,7,8,0.02,70.5,49.14,3.3,72.39,SSJV,Woodlake
2024,5,31,Ivanhoe,5,0,5,0.02,70.5,49.14,3.3,72.39,SSJV,Ivanhoe
2024,5,31,Exeter,0,0,0,0.02,70.5,49.14,3.3,72.39,SSJV,Exeter
2024,5,31,South Exeter,0,0,0,0.02,70.5,49.14,3.3,72.39,SSJV,South Exeter
2024,5,31,Tonyville,0,0,0,0.02,70.5,49.14,3.3,72.39,SSJV,Tonyville
2024,5,31,West Lindsay,3,0,3,0.02,70.5,49.14,3.3,72.39,SSJV,West Lindsay
2024,5,31,Strathmore,1,0,1,0.02,70.5,49.14,3.3,72.39,SSJV,Strathmore
2024,5,31,Porterville,3,0,3,0,70.46,47.29,3.19,75.34,SSJV,Porterville
2024,5,31,Terra Bella,0,0,0,0,70.46,47.29,3.19,75.34,SSJV,Terra Bella
2024,5,31,City of Visalia,3,0,3,0.02,70.5,49.14,3.3,72.39,SSJV,City of Visalia
2024,6,7,Woodlake,1,0,1,0.02,78.83,48,3.27,75.83,SSJV,Woodlake
2024,6,7,Ivanhoe,2,0,2,0.02,78.83,48,3.27,75.83,SSJV,Ivanhoe
2024,6,7,Exeter,0,0,0,0.02,78.83,48,3.27,75.83,SSJV,Exeter
2024,6,7,South Exeter,1,1,2,0.02,78.83,48,3.27,75.83,SSJV,South Exeter
2024,6,7,Tonyville,0,0,0,0.02,78.83,48,3.27,75.83,SSJV,Tonyville
2024,6,7,West Lindsay,0,0,0,0.02,78.83,48,3.27,75.83,SSJV,West Lindsay
2024,6,7,Strathmore,0,1,1,0.02,78.83,48,3.27,75.83,SSJV,Strathmore
2024,6,7,Porterville,1,0,1,0,78.69,46.86,3.06,79.2,SSJV,Porterville
2024,6,7,Terra Bella,1,0,1,0,78.69,46.86,3.06,79.2,SSJV,Terra Bella
2024,6,7,City of Visalia,1,1,2,0.02,78.83,48,3.27,75.83,SSJV,City of Visalia
2024,6,14,Woodlake,26,0,26,0.05,82,43.71,3.29,79.21,SSJV,Woodlake
2024,6,14,Ivanhoe,0,0,0,0.05,82,43.71,3.29,79.21,SSJV,Ivanhoe
2024,6,14,Exeter,0,0,0,0.05,82,43.71,3.29,79.21,SSJV,Exeter
2024,6,14,South Exeter,2,0,2,0.05,82,43.71,3.29,79.21,SSJV,South Exeter
2024,6,14,Tonyville,0,0,0,0.05,82,43.71,3.29,79.21,SSJV,Tonyville
2024,6,14,West Lindsay,0,0,0,0.05,82,43.71,3.29,79.21,SSJV,West Lindsay
2024,6,14,Strathmore,0,0,0,0.05,82,43.71,3.29,79.21,SSJV,Strathmore
2024,6,14,Porterville,0,0,0,0,80.87,43.14,3.31,82.63,SSJV,Porterville
2024,6,14,Terra Bella,0,0,0,0,80.87,43.14,3.31,82.63,SSJV,Terra Bella
2024,6,14,City of Visalia,0,0,0,0.05,82,43.71,3.29,79.21,SSJV,City of Visalia
2024,6,21,Woodlake,1,0,1,0.08,73.51,40.29,3.51,75.61,SSJV,Woodlake
2024,6,21,Ivanhoe,0,0,0,0.08,73.51,40.29,3.51,75.61,SSJV,Ivanhoe
2024,6,21,Exeter,0,0,0,0.08,73.51,40.29,3.51,75.61,SSJV,Exeter
2024,6,21,South Exeter,0,0,0,0.08,73.51,40.29,3.51,75.61,SSJV,South Exeter
2024,6,21,Tonyville,0,0,0,0.08,73.51,40.29,3.51,75.61,SSJV,Tonyville
2024,6,21,West Lindsay,1,0,1,0.08,73.51,40.29,3.51,75.61,SSJV,West Lindsay
2024,6,21,Strathmore,0,0,0,0.08,73.51,40.29,3.51,75.61,SSJV,Strathmore
2024,6,21,Porterville,2,0,2,0,73.94,39.14,3.36,78.69,SSJV,Porterville
2024,6,21,Terra Bella,0,0,0,0,73.94,39.14,3.36,78.69,SSJV,Terra Bella
2024,6,21,City of Visalia,8,1,9,0.08,73.51,40.29,3.51,75.61,SSJV,City of Visalia
2024,6,28,Woodlake,4,0,4,0.05,83.56,38.57,3.19,78.19,SSJV,Woodlake
2024,6,28,Ivanhoe,0,0,0,0.05,83.56,38.57,3.19,78.19,SSJV,Ivanhoe
2024,6,28,Exeter,0,0,0,0.05,83.56,38.57,3.19,78.19,SSJV,Exeter
2024,6,28,South Exeter,0,0,0,0.05,83.56,38.57,3.19,78.19,SSJV,South Exeter
2024,6,28,Tonyville,0,0,0,0.05,83.56,38.57,3.19,78.19,SSJV,Tonyville
2024,6,28,West Lindsay,3,2,5,0.05,83.56,38.57,3.19,78.19,SSJV,West Lindsay
2024,6,28,Strathmore,0,0,0,0.05,83.56,38.57,3.19,78.19,SSJV,Strathmore
2024,6,28,Porterville,0,0,0,0,84.13,36.43,2.94,82.89,SSJV,Porterville
2024,6,28,Terra Bella,0,0,0,0,84.13,36.43,2.94,82.89,SSJV,Terra Bella
2024,6,28,City of Visalia,3,1,4,0.05,83.56,38.57,3.19,78.19,SSJV,City of Visalia
2024,7,5,Woodlake,0,0,0,0.02,84.01,40.14,3.27,79.17,SSJV,Woodlake
2024,7,5,Ivanhoe,0,0,0,0.02,84.01,40.14,3.27,79.17,SSJV,Ivanhoe
2024,7,5,Exeter,0,0,0,0.02,84.01,40.14,3.27,79.17,SSJV,Exeter
2024,7,5,South Exeter,0,0,0,0.02,84.01,40.14,3.27,79.17,SSJV,South Exeter
2024,7,5,Tonyville,0,0,0,0.02,84.01,40.14,3.27,79.17,SSJV,Tonyville
2024,7,5,West Lindsay,0,0,0,0.02,84.01,40.14,3.27,79.17,SSJV,West Lindsay
2024,7,5,Strathmore,0,0,0,0.02,84.01,40.14,3.27,79.17,SSJV,Strathmore
2024,7,5,Porterville,0,0,0,0,84.06,41.43,2.9,85.11,SSJV,Porterville
2024,7,5,Terra Bella,0,0,0,0,84.06,41.43,2.9,85.11,SSJV,Terra Bella
2024,7,5,City of Visalia,0,0,0,0.02,84.01,40.14,3.27,79.17,SSJV,City of Visalia
2024,7,12,Woodlake,0,0,0,0.01,89.8,39.57,3.06,83.19,SSJV,Woodlake
2024,7,12,Ivanhoe,0,0,0,0.01,89.8,39.57,3.06,83.19,SSJV,Ivanhoe
2024,7,12,Exeter,0,0,0,0.01,89.8,39.57,3.06,83.19,SSJV,Exeter
2024,7,12,South Exeter,0,0,0,0.01,89.8,39.57,3.06,83.19,SSJV,South Exeter
2024,7,12,Tonyville,0,0,0,0.01,89.8,39.57,3.06,83.19,SSJV,Tonyville
2024,7,12,West Lindsay,0,0,0,0.01,89.8,39.57,3.06,83.19,SSJV,West Lindsay
2024,7,12,Strathmore,0,0,0,0.01,89.8,39.57,3.06,83.19,SSJV,Strathmore
2024,7,12,Porterville,0,0,0,0,88.66,44.43,2.56,88.6,SSJV,Porterville
2024,7,12,Terra Bella,0,0,0,0,88.66,44.43,2.56,88.6,SSJV,Terra Bella
2024,7,12,City of Visalia,0,0,0,0.01,89.8,39.57,3.06,83.19,SSJV,City of Visalia
2024,7,19,Woodlake,0,0,0,0,86.49,43.86,3.13,84.47,SSJV,Woodlake
2024,7,19,Ivanhoe,0,0,0,0,86.49,43.86,3.13,84.47,SSJV,Ivanhoe
2024,7,19,Exeter,1,0,1,0,86.49,43.86,3.13,84.47,SSJV,Exeter
2024,7,19,South Exeter,0,0,0,0,86.49,43.86,3.13,84.47,SSJV,South Exeter
2024,7,19,Tonyville,0,0,0,0,86.49,43.86,3.13,84.47,SSJV,Tonyville
2024,7,19,West Lindsay,0,0,0,0,86.49,43.86,3.13,84.47,SSJV,West Lindsay
2024,7,19,Strathmore,0,0,0,0,86.49,43.86,3.13,84.47,SSJV,Strathmore
2024,7,19,Porterville,0,0,0,0,85.63,43.29,2.99,88.31,SSJV,Porterville
2024,7,19,Terra Bella,0,0,0,0,85.63,43.29,2.99,88.31,SSJV,Terra Bella
2024,7,19,City of Visalia,0,0,0,0,86.49,43.86,3.13,84.47,SSJV,City of Visalia
2024,7,26,Woodlake,0,0,0,0.07,88.16,42.71,3.04,84.01,SSJV,Woodlake
2024,7,26,Ivanhoe,0,0,0,0.07,88.16,42.71,3.04,84.01,SSJV,Ivanhoe
2024,7,26,Exeter,0,0,0,0.07,88.16,42.71,3.04,84.01,SSJV,Exeter
2024,7,26,South Exeter,0,0,0,0.07,88.16,42.71,3.04,84.01,SSJV,South Exeter
2024,7,26,Tonyville,0,0,0,0.07,88.16,42.71,3.04,84.01,SSJV,Tonyville
2024,7,26,West Lindsay,0,0,0,0.07,88.16,42.71,3.04,84.01,SSJV,West Lindsay
2024,7,26,Strathmore,0,0,0,0.07,88.16,42.71,3.04,84.01,SSJV,Strathmore
2024,7,26,Porterville,0,0,0,0,87.9,39.86,2.84,87.79,SSJV,Porterville
2024,7,26,Terra Bella,0,0,0,0,87.9,39.86,2.84,87.79,SSJV,Terra Bella
2024,7,26,City of Visalia,0,0,0,0.07,88.16,42.71,3.04,84.01,SSJV,City of Visalia
2024,8,2,Woodlake,0,0,0,0.08,80.1,44.29,3.16,80.59,SSJV,Woodlake
2024,8,2,Ivanhoe,0,0,0,0.08,80.1,44.29,3.16,80.59,SSJV,Ivanhoe
2024,8,2,Exeter,0,0,0,0.08,80.1,44.29,3.16,80.59,SSJV,Exeter
2024,8,2,South Exeter,0,0,0,0.08,80.1,44.29,3.16,80.59,SSJV,South Exeter
2024,8,2,Tonyville,0,0,0,0.08,80.1,44.29,3.16,80.59,SSJV,Tonyville
2024,8,2,West Lindsay,0,0,0,0.08,80.1,44.29,3.16,80.59,SSJV,West Lindsay
2024,8,2,Strathmore,0,0,0,0.08,80.1,44.29,3.16,80.59,SSJV,Strathmore
2024,8,2,Porterville,0,0,0,0,79.87,44.14,2.97,84.59,SSJV,Porterville
2024,8,2,Terra Bella,0,0,0,0,79.87,44.14,2.97,84.59,SSJV,Terra Bella
2024,8,2,City of Visalia,0,0,0,0.08,80.1,44.29,3.16,80.59,SSJV,City of Visalia
2024,8,9,Woodlake,0,0,0,0.05,85.13,46.14,2.97,81.6,SSJV,Woodlake
2024,8,9,Ivanhoe,0,0,0,0.05,85.13,46.14,2.97,81.6,SSJV,Ivanhoe
2024,8,9,Exeter,0,0,0,0.05,85.13,46.14,2.97,81.6,SSJV,Exeter
2024,8,9,South Exeter,0,0,0,0.05,85.13,46.14,2.97,81.6,SSJV,South Exeter
2024,8,9,Tonyville,0,0,0,0.05,85.13,46.14,2.97,81.6,SSJV,Tonyville
2024,8,9,West Lindsay,0,0,0,0.05,85.13,46.14,2.97,81.6,SSJV,West Lindsay
2024,8,9,Strathmore,0,0,0,0.05,85.13,46.14,2.97,81.6,SSJV,Strathmore
2024,8,9,Porterville,0,0,0,0,85.31,42.43,2.66,85.66,SSJV,Porterville
2024,8,9,Terra Bella,0,0,0,0,85.31,42.43,2.66,85.66,SSJV,Terra Bella
2024,8,9,City of Visalia,0,0,0,0.05,85.13,46.14,2.97,81.6,SSJV,City of Visalia
2024,8,16,Woodlake,0,0,0,0.07,80.19,40.43,3.17,79.9,SSJV,Woodlake
2024,8,16,Ivanhoe,0,0,0,0.07,80.19,40.43,3.17,79.9,SSJV,Ivanhoe
2024,8,16,Exeter,0,0,0,0.07,80.19,40.43,3.17,79.9,SSJV,Exeter
2024,8,16,South Exeter,0,0,0,0.07,80.19,40.43,3.17,79.9,SSJV,South Exeter
2024,8,16,Tonyville,0,0,0,0.07,80.19,40.43,3.17,79.9,SSJV,Tonyville
2024,8,16,West Lindsay,0,0,0,0.07,80.19,40.43,3.17,79.9,SSJV,West Lindsay
2024,8,16,Strathmore,0,0,0,0.07,80.19,40.43,3.17,79.9,SSJV,Strathmore
2024,8,16,Porterville,0,0,0,0,81.61,38.29,2.87,84.66,SSJV,Porterville
2024,8,16,Terra Bella,0,0,0,0,81.61,38.29,2.87,84.66,SSJV,Terra Bella
2024,8,16,City of Visalia,0,0,0,0.07,80.19,40.43,3.17,79.9,SSJV,City of Visalia
2024,8,23,Woodlake,0,0,0,0.06,76.66,49.71,3.09,77.86,SSJV,Woodlake
2024,8,23,Ivanhoe,0,0,0,0.06,76.66,49.71,3.09,77.86,SSJV,Ivanhoe
2024,8,23,Exeter,0,0,0,0.06,76.66,49.71,3.09,77.86,SSJV,Exeter
2024,8,23,South Exeter,0,0,0,0.06,76.66,49.71,3.09,77.86,SSJV,South Exeter
2024,8,23,Tonyville,0,0,0,0.06,76.66,49.71,3.09,77.86,SSJV,Tonyville
2024,8,23,West Lindsay,0,0,0,0.06,76.66,49.71,3.09,77.86,SSJV,West Lindsay
2024,8,23,Strathmore,0,0,0,0.06,76.66,49.71,3.09,77.86,SSJV,Strathmore
2024,8,23,Porterville,0,0,0,0,77.46,44.29,3.26,80.44,SSJV,Porterville
2024,8,23,Terra Bella,0,0,0,0,77.46,44.29,3.26,80.44,SSJV,Terra Bella
2024,8,23,City of Visalia,0,0,0,0.06,76.66,49.71,3.09,77.86,SSJV,City of Visalia
2024,8,30,Woodlake,0,0,0,0.03,75.29,46.57,3.23,75.47,SSJV,Woodlake
2024,8,30,Ivanhoe,0,0,0,0.03,75.29,46.57,3.23,75.47,SSJV,Ivanhoe
2024,8,30,Exeter,0,0,0,0.03,75.29,46.57,3.23,75.47,SSJV,Exeter
2024,8,30,South Exeter,0,0,0,0.03,75.29,46.57,3.23,75.47,SSJV,South Exeter
2024,8,30,Tonyville,0,0,0,0.03,75.29,46.57,3.23,75.47,SSJV,Tonyville
2024,8,30,West Lindsay,0,0,0,0.03,75.29,46.57,3.23,75.47,SSJV,West Lindsay
2024,8,30,Strathmore,0,0,0,0.03,75.29,46.57,3.23,75.47,SSJV,Strathmore
2024,8,30,Porterville,0,0,0,0,74.74,45.71,3.04,76.99,SSJV,Porterville
2024,8,30,Terra Bella,0,0,0,0,74.74,45.71,3.04,76.99,SSJV,Terra Bella
2024,8,30,City of Visalia,0,0,0,0.03,75.29,46.57,3.23,75.47,SSJV,City of Visalia
2024,9,6,Woodlake,0,0,0,0.04,81.44,46.14,2.96,77.64,SSJV,Woodlake
2024,9,6,Ivanhoe,0,0,0,0.04,81.44,46.14,2.96,77.64,SSJV,Ivanhoe
2024,9,6,Exeter,0,0,0,0.04,81.44,46.14,2.96,77.64,SSJV,Exeter
2024,9,6,South Exeter,0,0,0,0.04,81.44,46.14,2.96,77.64,SSJV,South Exeter
2024,9,6,Tonyville,0,0,0,0.04,81.44,46.14,2.96,77.64,SSJV,Tonyville
2024,9,6,West Lindsay,0,0,0,0.04,81.44,46.14,2.96,77.64,SSJV,West Lindsay
2024,9,6,Strathmore,0,0,0,0.04,81.44,46.14,2.96,77.64,SSJV,Strathmore
2024,9,6,Porterville,0,0,0,0,72.4,73.5,2.73,78.46,SSJV,Porterville
2024,9,6,Terra Bella,0,0,0,0,72.4,73.5,2.73,78.46,SSJV,Terra Bella
2024,9,6,City of Visalia,0,0,0,0.04,81.44,46.14,2.96,77.64,SSJV,City of Visalia
2024,9,13,Woodlake,0,0,0,0.04,79.69,42,3.24,77.76,SSJV,Woodlake
2024,9,13,Ivanhoe,0,0,0,0.04,79.69,42,3.24,77.76,SSJV,Ivanhoe
2024,9,13,Exeter,0,0,0,0.04,79.69,42,3.24,77.76,SSJV,Exeter
2024,9,13,South Exeter,1,0,1,0.04,79.69,42,3.24,77.76,SSJV,South Exeter
2024,9,13,Tonyville,0,0,0,0.04,79.69,42,3.24,77.76,SSJV,Tonyville
2024,9,13,West Lindsay,0,0,0,0.04,79.69,42,3.24,77.76,SSJV,West Lindsay
2024,9,13,Strathmore,0,0,0,0.04,79.69,42,3.24,77.76,SSJV,Strathmore
2024,9,13,Porterville,0,0,0,0,77.93,46.29,3.04,77.3,SSJV,Porterville
2024,9,13,Terra Bella,0,0,0,0,77.93,46.29,3.04,77.3,SSJV,Terra Bella
2024,9,13,City of Visalia,0,0,0,0.04,79.69,42,3.24,77.76,SSJV,City of Visalia
2024,9,20,Woodlake,0,0,0,0.03,69.61,52,3.09,73.41,SSJV,Woodlake
2024,9,20,Ivanhoe,0,0,0,0.03,69.61,52,3.09,73.41,SSJV,Ivanhoe
2024,9,20,Exeter,0,0,0,0.03,69.61,52,3.09,73.41,SSJV,Exeter
2024,9,20,South Exeter,0,0,0,0.03,69.61,52,3.09,73.41,SSJV,South Exeter
2024,9,20,Tonyville,0,0,0,0.03,69.61,52,3.09,73.41,SSJV,Tonyville
2024,9,20,West Lindsay,0,0,0,0.03,69.61,52,3.09,73.41,SSJV,West Lindsay
2024,9,20,Strathmore,0,0,0,0.03,69.61,52,3.09,73.41,SSJV,Strathmore
2024,9,20,Porterville,0,0,0,,,,,,SSJV,Porterville
2024,9,20,Terra Bella,0,0,0,,,,,,SSJV,Terra Bella
2024,9,20,City of Visalia,0,0,0,0.03,69.61,52,3.09,73.41,SSJV,City of Visalia
2024,9,27,Woodlake,0,0,0,0.01,76.77,46.29,3.03,74.33,SSJV,Woodlake
2024,9,27,Ivanhoe,0,0,0,0.01,76.77,46.29,3.03,74.33,SSJV,Ivanhoe
2024,9,27,Exeter,0,0,0,0.01,76.77,46.29,3.03,74.33,SSJV,Exeter
2024,9,27,South Exeter,0,0,0,0.01,76.77,46.29,3.03,74.33,SSJV,South Exeter
2024,9,27,Tonyville,0,0,0,0.01,76.77,46.29,3.03,74.33,SSJV,Tonyville
2024,9,27,West Lindsay,0,0,0,0.01,76.77,46.29,3.03,74.33,SSJV,West Lindsay
2024,9,27,Strathmore,0,0,0,0.01,76.77,46.29,3.03,74.33,SSJV,Strathmore
2024,9,27,Porterville,1,0,1,0,69.29,52.14,3.16,73.43,SSJV,Porterville
2024,9,27,Terra Bella,0,0,0,0,69.29,52.14,3.16,73.43,SSJV,Terra Bella
2024,9,27,City of Visalia,0,0,0,0.01,76.77,46.29,3.03,74.33,SSJV,City of Visalia
2024,10,4,Woodlake,0,0,0,0.01,78.69,43.71,3.33,74.6,SSJV,Woodlake
2024,10,4,Ivanhoe,0,0,0,0.01,78.69,43.71,3.33,74.6,SSJV,Ivanhoe
2024,10,4,Exeter,0,0,0,0.01,78.69,43.71,3.33,74.6,SSJV,Exeter
2024,10,4,South Exeter,1,0,1,0.01,78.69,43.71,3.33,74.6,SSJV,South Exeter
2024,10,4,Tonyville,0,0,0,0.01,78.69,43.71,3.33,74.6,SSJV,Tonyville
2024,10,4,West Lindsay,0,0,0,0.01,78.69,43.71,3.33,74.6,SSJV,West Lindsay
2024,10,4,Strathmore,0,0,0,0.01,78.69,43.71,3.33,74.6,SSJV,Strathmore
2024,10,4,Porterville,0,0,0,0,74.73,52.71,2.81,74.63,SSJV,Porterville
2024,10,4,Terra Bella,0,0,0,0,74.73,52.71,2.81,74.63,SSJV,Terra Bella
2024,10,4,City of Visalia,0,0,0,0.01,78.69,43.71,3.33,74.6,SSJV,City of Visalia
2024,10,11,Woodlake,0,0,0,0.01,79.96,39.71,3.17,74.97,SSJV,Woodlake
2024,10,11,Ivanhoe,0,0,0,0.01,79.96,39.71,3.17,74.97,SSJV,Ivanhoe
2024,10,11,Exeter,0,0,0,0.01,79.96,39.71,3.17,74.97,SSJV,Exeter
2024,10,11,South Exeter,0,0,0,0.01,79.96,39.71,3.17,74.97,SSJV,South Exeter
2024,10,11,Tonyville,0,0,0,0.01,79.96,39.71,3.17,74.97,SSJV,Tonyville
2024,10,11,West Lindsay,0,0,0,0.01,79.96,39.71,3.17,74.97,SSJV,West Lindsay
2024,10,11,Strathmore,0,0,0,0.01,79.96,39.71,3.17,74.97,SSJV,Strathmore
2024,10,11,Porterville,0,0,0,0,76.51,49.29,2.36,74.61,SSJV,Porterville
2024,10,11,Terra Bella,0,0,0,0,76.51,49.29,2.36,74.61,SSJV,Terra Bella
2024,10,11,City of Visalia,0,0,0,0.01,79.96,39.71,3.17,74.97,SSJV,City of Visalia
2024,10,18,Woodlake,0,0,0,0.03,69.17,59.71,2.86,71.3,SSJV,Woodlake
2024,10,18,Ivanhoe,0,0,0,0.03,69.17,59.71,2.86,71.3,SSJV,Ivanhoe
2024,10,18,Exeter,0,0,0,0.03,69.17,59.71,2.86,71.3,SSJV,Exeter
2024,10,18,South Exeter,0,0,0,0.03,69.17,59.71,2.86,71.3,SSJV,South Exeter
2024,10,18,Tonyville,0,0,0,0.03,69.17,59.71,2.86,71.3,SSJV,Tonyville
2024,10,18,West Lindsay,0,0,0,0.03,69.17,59.71,2.86,71.3,SSJV,West Lindsay
2024,10,18,Strathmore,0,0,0,0.03,69.17,59.71,2.86,71.3,SSJV,Strathmore
2024,10,18,Porterville,0,0,0,0,78.6,44.57,2.6,75.99,SSJV,Porterville
2024,10,18,Terra Bella,0,0,0,0,78.6,44.57,2.6,75.99,SSJV,Terra Bella
2024,10,18,City of Visalia,0,0,0,0.03,69.17,59.71,2.86,71.3,SSJV,City of Visalia
2024,10,25,Woodlake,0,0,0,0.01,63.57,41.71,3.07,65.26,SSJV,Woodlake
2024,10,25,Ivanhoe,0,0,0,0.01,63.57,41.71,3.07,65.26,SSJV,Ivanhoe
2024,10,25,Exeter,0,0,0,0.01,63.57,41.71,3.07,65.26,SSJV,Exeter
2024,10,25,South Exeter,0,0,0,0.01,63.57,41.71,3.07,65.26,SSJV,South Exeter
2024,10,25,Tonyville,0,0,0,0.01,63.57,41.71,3.07,65.26,SSJV,Tonyville
2024,10,25,West Lindsay,0,0,0,0.01,63.57,41.71,3.07,65.26,SSJV,West Lindsay
2024,10,25,Strathmore,0,0,0,0.01,63.57,41.71,3.07,65.26,SSJV,Strathmore
2024,10,25,Porterville,0,0,0,0,68.04,61.71,2.89,72.1,SSJV,Porterville
2024,10,25,Terra Bella,0,0,0,0,68.04,61.71,2.89,72.1,SSJV,Terra Bella
2024,10,25,City of Visalia,0,0,0,0.01,63.57,41.71,3.07,65.26,SSJV,City of Visalia
2011,4,15,Corning-1-Treated,0,0,0,0.01,53.49,65.14,4.56,54.33,SV,Barham and Samson-Treated
2011,4,15,Corning-2-Treated,0,0,0,0.01,53.49,65.14,4.56,54.33,SV,Dora and Marguerite-Treated
2011,4,15,Corning-3-Untreated,0,0,0,0.01,53.49,65.14,4.56,54.33,SV,East Corning-Untreated
2011,4,15,Corning-4-Treated,0,0,0,0.01,53.49,65.14,4.56,54.33,SV,Fig Lane and Houghton-Treated
2011,4,15,Orland-1-Untreated,0,0,0,0.01,53.2,62.71,3.67,58.56,SV,Glenn County Fairgrounds-Untreated
2011,4,15,Orland-5-Untreated,0,0,0,0.01,53.2,62.71,3.67,58.56,SV,North East Orland-Untreated
2011,4,15,Corning-5-Treated,0,0,0,0.01,53.49,65.14,4.56,54.33,SV,Northbound I-5 Rest Area-Treated
2011,4,15,Orland-6-Untreated,0,0,0,0.01,53.2,62.71,3.67,58.56,SV,Road 200 and Road C-Untreated
2011,4,15,Orland-10-Treated,0,0,0,0.01,53.2,62.71,3.67,58.56,SV,Road M and Road 24-Treated
2011,4,15,Corning-7-Untreated,0,0,0,0.01,53.49,65.14,4.56,54.33,SV,Sac. River - Garneir and Ferry Rd.-Untreated
2011,4,15,Orland-12-Untreated,0,0,0,0.01,53.2,62.71,3.67,58.56,SV,South East Orland-Untreated
2011,4,15,Corning-8-Treated,0,0,0,0.01,53.49,65.14,4.56,54.33,SV,Viola and Orchard Ave.-Treated
2011,4,22,Corning-1-Treated,0,0,0,0.04,59.29,73.14,4.56,58.34,SV,Barham and Samson-Treated
2011,4,22,Corning-2-Treated,0,0,0,0.04,59.29,73.14,4.56,58.34,SV,Dora and Marguerite-Treated
2011,4,22,Corning-3-Untreated,0,0,0,0.04,59.29,73.14,4.56,58.34,SV,East Corning-Untreated
2011,4,22,Corning-4-Treated,0,0,0,0.04,59.29,73.14,4.56,58.34,SV,Fig Lane and Houghton-Treated
2011,4,22,Orland-1-Untreated,0,0,0,0.01,60.2,71,3.83,64.24,SV,Glenn County Fairgrounds-Untreated
2011,4,22,Orland-5-Untreated,0,0,0,0.01,60.2,71,3.83,64.24,SV,North East Orland-Untreated
2011,4,22,Corning-5-Treated,0,0,0,0.04,59.29,73.14,4.56,58.34,SV,Northbound I-5 Rest Area-Treated
2011,4,22,Orland-6-Untreated,0,0,0,0.01,60.2,71,3.83,64.24,SV,Road 200 and Road C-Untreated
2011,4,22,Orland-10-Treated,0,0,0,0.01,60.2,71,3.83,64.24,SV,Road M and Road 24-Treated
2011,4,22,Corning-7-Untreated,0,0,0,0.04,59.29,73.14,4.56,58.34,SV,Sac. River - Garneir and Ferry Rd.-Untreated
2011,4,22,Orland-12-Untreated,0,0,0,0.01,60.2,71,3.83,64.24,SV,South East Orland-Untreated
2011,4,22,Corning-8-Treated,0,0,0,0.04,59.29,73.14,4.56,58.34,SV,Viola and Orchard Ave.-Treated
2011,4,29,Corning-1-Treated,0,0,0,0.01,57.19,61.57,5.47,59.87,SV,Barham and Samson-Treated
2011,4,29,Corning-2-Treated,0,0,0,0.01,57.19,61.57,5.47,59.87,SV,Dora and Marguerite-Treated
2011,4,29,Corning-3-Untreated,0,0,0,0.01,57.19,61.57,5.47,59.87,SV,East Corning-Untreated
2011,4,29,Corning-4-Treated,0,0,0,0.01,57.19,61.57,5.47,59.87,SV,Fig Lane and Houghton-Treated
2011,4,29,Orland-1-Untreated,0,0,0,0,57.33,53.86,5.33,63.71,SV,Glenn County Fairgrounds-Untreated
2011,4,29,Orland-5-Untreated,0,0,0,0,57.33,53.86,5.33,63.71,SV,North East Orland-Untreated
2011,4,29,Corning-5-Treated,0,0,0,0.01,57.19,61.57,5.47,59.87,SV,Northbound I-5 Rest Area-Treated
2011,4,29,Orland-6-Untreated,0,0,0,0,57.33,53.86,5.33,63.71,SV,Road 200 and Road C-Untreated
2011,4,29,Orland-10-Treated,0,0,0,0,57.33,53.86,5.33,63.71,SV,Road M and Road 24-Treated
2011,4,29,Corning-7-Untreated,0,0,0,0.01,57.19,61.57,5.47,59.87,SV,Sac. River - Garneir and Ferry Rd.-Untreated
2011,4,29,Orland-12-Untreated,0,1,1,0,57.33,53.86,5.33,63.71,SV,South East Orland-Untreated
2011,4,29,Corning-8-Treated,0,0,0,0.01,57.19,61.57,5.47,59.87,SV,Viola and Orchard Ave.-Treated
2011,5,6,Corning-1-Treated,0,0,0,0,64.44,44.86,5.7,60.43,SV,Barham and Samson-Treated
2011,5,6,Corning-2-Treated,0,0,0,0,64.44,44.86,5.7,60.43,SV,Dora and Marguerite-Treated
2011,5,6,Corning-3-Untreated,0,0,0,0,64.44,44.86,5.7,60.43,SV,East Corning-Untreated
2011,5,6,Corning-4-Treated,0,0,0,0,64.44,44.86,5.7,60.43,SV,Fig Lane and Houghton-Treated
2011,5,6,Orland-1-Untreated,0,0,0,0,64.51,43.14,4.14,66.11,SV,Glenn County Fairgrounds-Untreated
2011,5,6,Orland-5-Untreated,0,0,0,0,64.51,43.14,4.14,66.11,SV,North East Orland-Untreated
2011,5,6,Corning-5-Treated,0,0,0,0,64.44,44.86,5.7,60.43,SV,Northbound I-5 Rest Area-Treated
2011,5,6,Orland-6-Untreated,0,0,0,0,64.51,43.14,4.14,66.11,SV,Road 200 and Road C-Untreated
2011,5,6,Orland-10-Treated,0,0,0,0,64.51,43.14,4.14,66.11,SV,Road M and Road 24-Treated
2011,5,6,Corning-7-Untreated,0,0,0,0,64.44,44.86,5.7,60.43,SV,Sac. River - Garneir and Ferry Rd.-Untreated
2011,5,6,Orland-12-Untreated,1,1,2,0,64.51,43.14,4.14,66.11,SV,South East Orland-Untreated
2011,5,6,Corning-8-Treated,0,1,1,0,64.44,44.86,5.7,60.43,SV,Viola and Orchard Ave.-Treated
2011,5,13,Corning-1-Treated,0,0,0,0.02,61.44,60,6.13,63.17,SV,Barham and Samson-Treated
2011,5,13,Corning-2-Treated,0,0,0,0.02,61.44,60,6.13,63.17,SV,Dora and Marguerite-Treated
2011,5,13,Corning-3-Untreated,0,0,0,0.02,61.44,60,6.13,63.17,SV,East Corning-Untreated
2011,5,13,Corning-4-Treated,0,0,0,0.02,61.44,60,6.13,63.17,SV,Fig Lane and Houghton-Treated
2011,5,13,Orland-1-Untreated,0,0,0,0.08,60.99,59.71,4.54,67.36,SV,Glenn County Fairgrounds-Untreated
2011,5,13,Orland-5-Untreated,0,1,1,0.08,60.99,59.71,4.54,67.36,SV,North East Orland-Untreated
2011,5,13,Corning-5-Treated,0,0,0,0.02,61.44,60,6.13,63.17,SV,Northbound I-5 Rest Area-Treated
2011,5,13,Orland-6-Untreated,0,0,0,0.08,60.99,59.71,4.54,67.36,SV,Road 200 and Road C-Untreated
2011,5,13,Orland-10-Treated,0,0,0,0.08,60.99,59.71,4.54,67.36,SV,Road M and Road 24-Treated
2011,5,13,Corning-7-Untreated,0,0,0,0.02,61.44,60,6.13,63.17,SV,Sac. River - Garneir and Ferry Rd.-Untreated
2011,5,13,Orland-12-Untreated,0,1,1,0.08,60.99,59.71,4.54,67.36,SV,South East Orland-Untreated
2011,5,13,Corning-8-Treated,0,0,0,0.02,61.44,60,6.13,63.17,SV,Viola and Orchard Ave.-Treated
2011,5,20,Corning-1-Treated,0,0,0,0.18,56.09,71.57,6.81,61.44,SV,Barham and Samson-Treated
2011,5,20,Corning-2-Treated,0,0,0,0.18,56.09,71.57,6.81,61.44,SV,Dora and Marguerite-Treated
2011,5,20,Corning-3-Untreated,0,0,0,0.18,56.09,71.57,6.81,61.44,SV,East Corning-Untreated
2011,5,20,Corning-4-Treated,0,1,1,0.18,56.09,71.57,6.81,61.44,SV,Fig Lane and Houghton-Treated
2011,5,20,Orland-1-Untreated,0,0,0,0.15,55.81,74.14,4.73,63.5,SV,Glenn County Fairgrounds-Untreated
2011,5,20,Orland-5-Untreated,0,0,0,0.15,55.81,74.14,4.73,63.5,SV,North East Orland-Untreated
2011,5,20,Corning-5-Treated,0,0,0,0.18,56.09,71.57,6.81,61.44,SV,Northbound I-5 Rest Area-Treated
2011,5,20,Orland-6-Untreated,0,1,1,0.15,55.81,74.14,4.73,63.5,SV,Road 200 and Road C-Untreated
2011,5,20,Orland-10-Treated,0,0,0,0.15,55.81,74.14,4.73,63.5,SV,Road M and Road 24-Treated
2011,5,20,Corning-7-Untreated,0,0,0,0.18,56.09,71.57,6.81,61.44,SV,Sac. River - Garneir and Ferry Rd.-Untreated
2011,5,20,Orland-12-Untreated,0,0,0,0.15,55.81,74.14,4.73,63.5,SV,South East Orland-Untreated
2011,5,20,Corning-8-Treated,0,0,0,0.18,56.09,71.57,6.81,61.44,SV,Viola and Orchard Ave.-Treated
2011,5,27,Corning-1-Treated,0,0,0,0.19,60.09,68.29,5.87,63.51,SV,Barham and Samson-Treated
2011,5,27,Corning-2-Treated,0,0,0,0.19,60.09,68.29,5.87,63.51,SV,Dora and Marguerite-Treated
2011,5,27,Corning-3-Untreated,0,0,0,0.19,60.09,68.29,5.87,63.51,SV,East Corning-Untreated
2011,5,27,Corning-4-Treated,0,0,0,0.19,60.09,68.29,5.87,63.51,SV,Fig Lane and Houghton-Treated
2011,5,27,Orland-1-Untreated,0,0,0,0.2,60.81,68.57,4.07,66.94,SV,Glenn County Fairgrounds-Untreated
2011,5,27,Orland-5-Untreated,0,0,0,0.2,60.81,68.57,4.07,66.94,SV,North East Orland-Untreated
2011,5,27,Corning-5-Treated,0,0,0,0.19,60.09,68.29,5.87,63.51,SV,Northbound I-5 Rest Area-Treated
2011,5,27,Orland-6-Untreated,0,0,0,0.2,60.81,68.57,4.07,66.94,SV,Road 200 and Road C-Untreated
2011,5,27,Orland-10-Treated,0,0,0,0.2,60.81,68.57,4.07,66.94,SV,Road M and Road 24-Treated
2011,5,27,Corning-7-Untreated,0,0,0,0.19,60.09,68.29,5.87,63.51,SV,Sac. River - Garneir and Ferry Rd.-Untreated
2011,5,27,Orland-12-Untreated,0,0,0,0.2,60.81,68.57,4.07,66.94,SV,South East Orland-Untreated
2011,5,27,Corning-8-Treated,0,0,0,0.19,60.09,68.29,5.87,63.51,SV,Viola and Orchard Ave.-Treated
2011,6,3,Corning-1-Treated,0,0,0,0.08,55.8,68.57,7.27,61.46,SV,Barham and Samson-Treated
2011,6,3,Corning-2-Treated,0,0,0,0.08,55.8,68.57,7.27,61.46,SV,Dora and Marguerite-Treated
2011,6,3,Corning-3-Untreated,0,0,0,0.08,55.8,68.57,7.27,61.46,SV,East Corning-Untreated
2011,6,3,Corning-4-Treated,0,0,0,0.08,55.8,68.57,7.27,61.46,SV,Fig Lane and Houghton-Treated
2011,6,3,Orland-1-Untreated,0,0,0,0.08,55.23,73.57,4.59,64.24,SV,Glenn County Fairgrounds-Untreated
2011,6,3,Orland-5-Untreated,0,0,0,0.08,55.23,73.57,4.59,64.24,SV,North East Orland-Untreated
2011,6,3,Corning-5-Treated,0,0,0,0.08,55.8,68.57,7.27,61.46,SV,Northbound I-5 Rest Area-Treated
2011,6,3,Orland-6-Untreated,0,0,0,0.08,55.23,73.57,4.59,64.24,SV,Road 200 and Road C-Untreated
2011,6,3,Orland-10-Treated,0,0,0,0.08,55.23,73.57,4.59,64.24,SV,Road M and Road 24-Treated
2011,6,3,Corning-7-Untreated,0,0,0,0.08,55.8,68.57,7.27,61.46,SV,Sac. River - Garneir and Ferry Rd.-Untreated
2011,6,3,Orland-12-Untreated,0,0,0,0.08,55.23,73.57,4.59,64.24,SV,South East Orland-Untreated
2011,6,3,Corning-8-Treated,0,0,0,0.08,55.8,68.57,7.27,61.46,SV,Viola and Orchard Ave.-Treated
2011,6,10,Corning-1-Treated,0,0,0,0.06,66.27,71.43,4.03,63.86,SV,Barham and Samson-Treated
2011,6,10,Corning-2-Treated,0,0,0,0.06,66.27,71.43,4.03,63.86,SV,Dora and Marguerite-Treated
2011,6,10,Corning-3-Untreated,0,0,0,0.06,66.27,71.43,4.03,63.86,SV,East Corning-Untreated
2011,6,10,Corning-4-Treated,0,0,0,0.06,66.27,71.43,4.03,63.86,SV,Fig Lane and Houghton-Treated
2011,6,10,Orland-1-Untreated,0,0,0,0.05,65.14,77.43,2.99,69.36,SV,Glenn County Fairgrounds-Untreated
2011,6,10,Orland-5-Untreated,0,0,0,0.05,65.14,77.43,2.99,69.36,SV,North East Orland-Untreated
2011,6,10,Corning-5-Treated,0,0,0,0.06,66.27,71.43,4.03,63.86,SV,Northbound I-5 Rest Area-Treated
2011,6,10,Orland-6-Untreated,0,0,0,0.05,65.14,77.43,2.99,69.36,SV,Road 200 and Road C-Untreated
2011,6,10,Orland-10-Treated,0,0,0,0.05,65.14,77.43,2.99,69.36,SV,Road M and Road 24-Treated
2011,6,10,Corning-7-Untreated,0,0,0,0.06,66.27,71.43,4.03,63.86,SV,Sac. River - Garneir and Ferry Rd.-Untreated
2011,6,10,Orland-12-Untreated,0,1,1,0.05,65.14,77.43,2.99,69.36,SV,South East Orland-Untreated
2011,6,10,Corning-8-Treated,0,0,0,0.06,66.27,71.43,4.03,63.86,SV,Viola and Orchard Ave.-Treated
2011,6,17,Corning-1-Treated,0,0,0,0,73.87,52.57,6.3,69.06,SV,Barham and Samson-Treated
2011,6,17,Corning-2-Treated,0,0,0,0,73.87,52.57,6.3,69.06,SV,Dora and Marguerite-Treated
2011,6,17,Corning-3-Untreated,0,0,0,0,73.87,52.57,6.3,69.06,SV,East Corning-Untreated
2011,6,17,Corning-4-Treated,0,0,0,0,73.87,52.57,6.3,69.06,SV,Fig Lane and Houghton-Treated
2011,6,17,Orland-1-Untreated,0,1,1,0,71.84,58.71,3.76,77.24,SV,Glenn County Fairgrounds-Untreated
2011,6,17,Orland-5-Untreated,0,0,0,0,71.84,58.71,3.76,77.24,SV,North East Orland-Untreated
2011,6,17,Corning-5-Treated,1,2,3,0,73.87,52.57,6.3,69.06,SV,Northbound I-5 Rest Area-Treated
2011,6,17,Orland-6-Untreated,6,5,11,0,71.84,58.71,3.76,77.24,SV,Road 200 and Road C-Untreated
2011,6,17,Orland-10-Treated,0,0,0,0,71.84,58.71,3.76,77.24,SV,Road M and Road 24-Treated
2011,6,17,Corning-7-Untreated,0,0,0,0,73.87,52.57,6.3,69.06,SV,Sac. River - Garneir and Ferry Rd.-Untreated
2011,6,17,Orland-12-Untreated,0,4,4,0,71.84,58.71,3.76,77.24,SV,South East Orland-Untreated
2011,6,17,Corning-8-Treated,0,1,1,0,73.87,52.57,6.3,69.06,SV,Viola and Orchard Ave.-Treated
2011,6,24,Corning-1-Treated,0,0,0,0,78.83,49.57,6.27,71.53,SV,Barham and Samson-Treated
2011,6,24,Corning-2-Treated,0,0,0,0,78.83,49.57,6.27,71.53,SV,Dora and Marguerite-Treated
2011,6,24,Corning-3-Untreated,0,0,0,0,78.83,49.57,6.27,71.53,SV,East Corning-Untreated
2011,6,24,Corning-4-Treated,0,0,0,0,78.83,49.57,6.27,71.53,SV,Fig Lane and Houghton-Treated
2011,6,24,Orland-1-Untreated,0,0,0,0,74.97,61.57,3.36,79,SV,Glenn County Fairgrounds-Untreated
2011,6,24,Orland-5-Untreated,0,0,0,0,74.97,61.57,3.36,79,SV,North East Orland-Untreated
2011,6,24,Corning-5-Treated,4,3,7,0,78.83,49.57,6.27,71.53,SV,Northbound I-5 Rest Area-Treated
2011,6,24,Orland-6-Untreated,2,3,5,0,74.97,61.57,3.36,79,SV,Road 200 and Road C-Untreated
2011,6,24,Orland-10-Treated,0,0,0,0,74.97,61.57,3.36,79,SV,Road M and Road 24-Treated
2011,6,24,Corning-7-Untreated,0,0,0,0,78.83,49.57,6.27,71.53,SV,Sac. River - Garneir and Ferry Rd.-Untreated
2011,6,24,Orland-12-Untreated,1,1,2,0,74.97,61.57,3.36,79,SV,South East Orland-Untreated
2011,6,24,Corning-8-Treated,0,0,0,0,78.83,49.57,6.27,71.53,SV,Viola and Orchard Ave.-Treated
2011,7,1,Corning-1-Treated,0,0,0,0.08,71.41,65.57,5.66,70.96,SV,Barham and Samson-Treated
2011,7,1,Corning-2-Treated,0,0,0,0.08,71.41,65.57,5.66,70.96,SV,Dora and Marguerite-Treated
2011,7,1,Corning-3-Untreated,0,0,0,0.08,71.41,65.57,5.66,70.96,SV,East Corning-Untreated
2011,7,1,Corning-4-Treated,1,0,1,0.08,71.41,65.57,5.66,70.96,SV,Fig Lane and Houghton-Treated
2011,7,1,Orland-1-Untreated,0,0,0,0.19,69.1,70.43,3.41,76.67,SV,Glenn County Fairgrounds-Untreated
2011,7,1,Orland-5-Untreated,0,0,0,0.19,69.1,70.43,3.41,76.67,SV,North East Orland-Untreated
2011,7,1,Corning-5-Treated,0,2,2,0.08,71.41,65.57,5.66,70.96,SV,Northbound I-5 Rest Area-Treated
2011,7,1,Orland-6-Untreated,0,1,1,0.19,69.1,70.43,3.41,76.67,SV,Road 200 and Road C-Untreated
2011,7,1,Orland-10-Treated,0,0,0,0.19,69.1,70.43,3.41,76.67,SV,Road M and Road 24-Treated
2011,7,1,Corning-7-Untreated,0,0,0,0.08,71.41,65.57,5.66,70.96,SV,Sac. River - Garneir and Ferry Rd.-Untreated
2011,7,1,Orland-12-Untreated,1,0,1,0.19,69.1,70.43,3.41,76.67,SV,South East Orland-Untreated
2011,7,1,Corning-8-Treated,0,0,0,0.08,71.41,65.57,5.66,70.96,SV,Viola and Orchard Ave.-Treated
2011,7,8,Corning-1-Treated,1,0,1,0,80.57,54.71,4.84,74.16,SV,Barham and Samson-Treated
2011,7,8,Corning-2-Treated,0,0,0,0,80.57,54.71,4.84,74.16,SV,Dora and Marguerite-Treated
2011,7,8,Corning-3-Untreated,2,0,2,0,80.57,54.71,4.84,74.16,SV,East Corning-Untreated
2011,7,8,Corning-4-Treated,0,0,0,0,80.57,54.71,4.84,74.16,SV,Fig Lane and Houghton-Treated
2011,7,8,Orland-1-Untreated,0,1,1,0,77.86,69,2.34,79.49,SV,Glenn County Fairgrounds-Untreated
2011,7,8,Orland-5-Untreated,0,0,0,0,77.86,69,2.34,79.49,SV,North East Orland-Untreated
2011,7,8,Corning-5-Treated,0,1,1,0,80.57,54.71,4.84,74.16,SV,Northbound I-5 Rest Area-Treated
2011,7,8,Orland-6-Untreated,0,0,0,0,77.86,69,2.34,79.49,SV,Road 200 and Road C-Untreated
2011,7,8,Orland-10-Treated,0,0,0,0,77.86,69,2.34,79.49,SV,Road M and Road 24-Treated
2011,7,8,Corning-7-Untreated,0,0,0,0,80.57,54.71,4.84,74.16,SV,Sac. River - Garneir and Ferry Rd.-Untreated
2011,7,8,Orland-12-Untreated,0,0,0,0,77.86,69,2.34,79.49,SV,South East Orland-Untreated
2011,7,8,Corning-8-Treated,0,0,0,0,80.57,54.71,4.84,74.16,SV,Viola and Orchard Ave.-Treated
2011,7,14,Corning-1-Treated,0,0,0,0,73.14,64.57,5.64,73.49,SV,Barham and Samson-Treated
2011,7,14,Corning-2-Treated,0,0,0,0,73.14,64.57,5.64,73.49,SV,Dora and Marguerite-Treated
2011,7,14,Corning-3-Untreated,1,0,1,0,73.14,64.57,5.64,73.49,SV,East Corning-Untreated
2011,7,14,Corning-4-Treated,0,0,0,0,73.14,64.57,5.64,73.49,SV,Fig Lane and Houghton-Treated
2011,7,14,Orland-1-Untreated,0,0,0,0,70.84,72.57,3.6,77.61,SV,Glenn County Fairgrounds-Untreated
2011,7,14,Orland-5-Untreated,0,0,0,0,70.84,72.57,3.6,77.61,SV,North East Orland-Untreated
2011,7,14,Corning-5-Treated,0,0,0,0,73.14,64.57,5.64,73.49,SV,Northbound I-5 Rest Area-Treated
2011,7,14,Orland-6-Untreated,0,0,0,0,70.84,72.57,3.6,77.61,SV,Road 200 and Road C-Untreated
2011,7,14,Orland-10-Treated,0,0,0,0,70.84,72.57,3.6,77.61,SV,Road M and Road 24-Treated
2011,7,14,Corning-7-Untreated,0,0,0,0,73.14,64.57,5.64,73.49,SV,Sac. River - Garneir and Ferry Rd.-Untreated
2011,7,14,Orland-12-Untreated,0,0,0,0,70.84,72.57,3.6,77.61,SV,South East Orland-Untreated
2011,7,14,Corning-8-Treated,0,0,0,0,73.14,64.57,5.64,73.49,SV,Viola and Orchard Ave.-Treated
2011,7,22,Corning-1-Treated,0,0,0,0,73.73,59.86,5.2,72.53,SV,Barham and Samson-Treated
2011,7,22,Corning-2-Treated,0,0,0,0,73.73,59.86,5.2,72.53,SV,Dora and Marguerite-Treated
2011,7,22,Corning-3-Untreated,0,0,0,0,73.73,59.86,5.2,72.53,SV,East Corning-Untreated
2011,7,22,Corning-4-Treated,1,0,1,0,73.73,59.86,5.2,72.53,SV,Fig Lane and Houghton-Treated
2011,7,22,Orland-1-Untreated,0,0,0,0,71.63,70.43,3.3,76.23,SV,Glenn County Fairgrounds-Untreated
2011,7,22,Orland-5-Untreated,0,0,0,0,71.63,70.43,3.3,76.23,SV,North East Orland-Untreated
2011,7,22,Corning-5-Treated,0,0,0,0,73.73,59.86,5.2,72.53,SV,Northbound I-5 Rest Area-Treated
2011,7,22,Orland-6-Untreated,0,0,0,0,71.63,70.43,3.3,76.23,SV,Road 200 and Road C-Untreated
2011,7,22,Orland-10-Treated,0,1,1,0,71.63,70.43,3.3,76.23,SV,Road M and Road 24-Treated
2011,7,22,Corning-7-Untreated,0,0,0,0,73.73,59.86,5.2,72.53,SV,Sac. River - Garneir and Ferry Rd.-Untreated
2011,7,22,Orland-12-Untreated,0,0,0,0,71.63,70.43,3.3,76.23,SV,South East Orland-Untreated
2011,7,22,Corning-8-Treated,0,0,0,0,73.73,59.86,5.2,72.53,SV,Viola and Orchard Ave.-Treated
2011,7,28,Corning-1-Treated,0,0,0,0,76.87,59,4.13,73.84,SV,Barham and Samson-Treated
2011,7,28,Corning-2-Treated,0,0,0,0,76.87,59,4.13,73.84,SV,Dora and Marguerite-Treated
2011,7,28,Corning-3-Untreated,0,0,0,0,76.87,59,4.13,73.84,SV,East Corning-Untreated
2011,7,28,Corning-4-Treated,0,0,0,0,76.87,59,4.13,73.84,SV,Fig Lane and Houghton-Treated
2011,7,28,Orland-1-Untreated,0,0,0,0,73.64,70.57,2.7,79.74,SV,Glenn County Fairgrounds-Untreated
2011,7,28,Orland-5-Untreated,0,0,0,0,73.64,70.57,2.7,79.74,SV,North East Orland-Untreated
2011,7,28,Corning-5-Treated,0,0,0,0,76.87,59,4.13,73.84,SV,Northbound I-5 Rest Area-Treated
2011,7,28,Orland-6-Untreated,0,0,0,0,73.64,70.57,2.7,79.74,SV,Road 200 and Road C-Untreated
2011,7,28,Orland-10-Treated,0,0,0,0,73.64,70.57,2.7,79.74,SV,Road M and Road 24-Treated
2011,7,28,Corning-7-Untreated,0,0,0,0,76.87,59,4.13,73.84,SV,Sac. River - Garneir and Ferry Rd.-Untreated
2011,7,28,Orland-12-Untreated,0,0,0,0,73.64,70.57,2.7,79.74,SV,South East Orland-Untreated
2011,7,28,Corning-8-Treated,0,0,0,0,76.87,59,4.13,73.84,SV,Viola and Orchard Ave.-Treated
2011,8,4,Corning-1-Treated,0,0,0,0,76.51,62.29,4.54,74.23,SV,Barham and Samson-Treated
2011,8,4,Corning-2-Treated,0,1,1,0,76.51,62.29,4.54,74.23,SV,Dora and Marguerite-Treated
2011,8,4,Corning-3-Untreated,0,0,0,0,76.51,62.29,4.54,74.23,SV,East Corning-Untreated
2011,8,4,Corning-4-Treated,0,0,0,0,76.51,62.29,4.54,74.23,SV,Fig Lane and Houghton-Treated
2011,8,4,Orland-1-Untreated,0,0,0,0,72.89,73.71,2.91,79.73,SV,Glenn County Fairgrounds-Untreated
2011,8,4,Orland-5-Untreated,0,0,0,0,72.89,73.71,2.91,79.73,SV,North East Orland-Untreated
2011,8,4,Corning-5-Treated,1,0,1,0,76.51,62.29,4.54,74.23,SV,Northbound I-5 Rest Area-Treated
2011,8,4,Orland-6-Untreated,0,0,0,0,72.89,73.71,2.91,79.73,SV,Road 200 and Road C-Untreated
2011,8,4,Orland-10-Treated,0,0,0,0,72.89,73.71,2.91,79.73,SV,Road M and Road 24-Treated
2011,8,4,Corning-7-Untreated,0,0,0,0,76.51,62.29,4.54,74.23,SV,Sac. River - Garneir and Ferry Rd.-Untreated
2011,8,4,Orland-12-Untreated,0,0,0,0,72.89,73.71,2.91,79.73,SV,South East Orland-Untreated
2011,8,4,Corning-8-Treated,0,0,0,0,76.51,62.29,4.54,74.23,SV,Viola and Orchard Ave.-Treated
2011,8,8,Corning-1-Treated,0,0,0,0,74.9,62.29,4.01,72.93,SV,Barham and Samson-Treated
2011,8,8,Corning-2-Treated,0,0,0,0,74.9,62.29,4.01,72.93,SV,Dora and Marguerite-Treated
2011,8,8,Corning-3-Untreated,0,0,0,0,74.9,62.29,4.01,72.93,SV,East Corning-Untreated
2011,8,8,Corning-4-Treated,0,0,0,0,74.9,62.29,4.01,72.93,SV,Fig Lane and Houghton-Treated
2011,8,8,Orland-1-Untreated,0,0,0,0,71.78,73.4,2.78,78.42,SV,Glenn County Fairgrounds-Untreated
2011,8,8,Orland-5-Untreated,0,0,0,0,71.78,73.4,2.78,78.42,SV,North East Orland-Untreated
2011,8,8,Corning-5-Treated,0,0,0,0,74.9,62.29,4.01,72.93,SV,Northbound I-5 Rest Area-Treated
2011,8,8,Orland-6-Untreated,0,0,0,0,71.78,73.4,2.78,78.42,SV,Road 200 and Road C-Untreated
2011,8,8,Orland-10-Treated,0,0,0,0,71.78,73.4,2.78,78.42,SV,Road M and Road 24-Treated
2011,8,8,Corning-7-Untreated,0,0,0,0,74.9,62.29,4.01,72.93,SV,Sac. River - Garneir and Ferry Rd.-Untreated
2011,8,8,Orland-12-Untreated,0,0,0,0,71.78,73.4,2.78,78.42,SV,South East Orland-Untreated
2011,8,8,Corning-8-Treated,0,0,0,0,74.9,62.29,4.01,72.93,SV,Viola and Orchard Ave.-Treated
2011,8,18,Corning-1-Treated,0,0,0,0,75.5,58.14,3.77,72.6,SV,Barham and Samson-Treated
2011,8,18,Corning-2-Treated,0,0,0,0,75.5,58.14,3.77,72.6,SV,Dora and Marguerite-Treated
2011,8,18,Corning-3-Untreated,1,0,1,0,75.5,58.14,3.77,72.6,SV,East Corning-Untreated
2011,8,18,Corning-4-Treated,1,1,2,0,75.5,58.14,3.77,72.6,SV,Fig Lane and Houghton-Treated
2011,8,18,Orland-1-Untreated,0,0,0,0,72.59,68.43,2.64,76.17,SV,Glenn County Fairgrounds-Untreated
2011,8,18,Orland-5-Untreated,0,0,0,0,72.59,68.43,2.64,76.17,SV,North East Orland-Untreated
2011,8,18,Corning-5-Treated,1,0,1,0,75.5,58.14,3.77,72.6,SV,Northbound I-5 Rest Area-Treated
2011,8,18,Orland-6-Untreated,0,0,0,0,72.59,68.43,2.64,76.17,SV,Road 200 and Road C-Untreated
2011,8,18,Orland-10-Treated,1,0,1,0,72.59,68.43,2.64,76.17,SV,Road M and Road 24-Treated
2011,8,18,Corning-7-Untreated,0,0,0,0,75.5,58.14,3.77,72.6,SV,Sac. River - Garneir and Ferry Rd.-Untreated
2011,8,18,Orland-12-Untreated,1,1,2,0,72.59,68.43,2.64,76.17,SV,South East Orland-Untreated
2011,8,18,Corning-8-Treated,0,0,0,0,75.5,58.14,3.77,72.6,SV,Viola and Orchard Ave.-Treated
2011,8,26,Corning-1-Treated,0,0,0,0,75.74,55.57,3.77,72.36,SV,Barham and Samson-Treated
2011,8,26,Corning-2-Treated,0,0,0,0,75.74,55.57,3.77,72.36,SV,Dora and Marguerite-Treated
2011,8,26,Corning-3-Untreated,2,0,2,0,75.74,55.57,3.77,72.36,SV,East Corning-Untreated
2011,8,26,Corning-4-Treated,1,1,2,0,75.74,55.57,3.77,72.36,SV,Fig Lane and Houghton-Treated
2011,8,26,Orland-1-Untreated,0,0,0,0,72.09,71,2.41,75.41,SV,Glenn County Fairgrounds-Untreated
2011,8,26,Orland-5-Untreated,0,0,0,0,72.09,71,2.41,75.41,SV,North East Orland-Untreated
2011,8,26,Corning-5-Treated,0,0,0,0,75.74,55.57,3.77,72.36,SV,Northbound I-5 Rest Area-Treated
2011,8,26,Orland-6-Untreated,0,0,0,0,72.09,71,2.41,75.41,SV,Road 200 and Road C-Untreated
2011,8,26,Orland-10-Treated,0,0,0,0,72.09,71,2.41,75.41,SV,Road M and Road 24-Treated
2011,8,26,Corning-7-Untreated,0,0,0,0,75.74,55.57,3.77,72.36,SV,Sac. River - Garneir and Ferry Rd.-Untreated
2011,8,26,Orland-12-Untreated,5,3,8,0,72.09,71,2.41,75.41,SV,South East Orland-Untreated
2011,8,26,Corning-8-Treated,0,0,0,0,75.74,55.57,3.77,72.36,SV,Viola and Orchard Ave.-Treated
2011,9,1,Corning-1-Treated,0,0,0,0,76.43,52.71,4.07,72.46,SV,Barham and Samson-Treated
2011,9,1,Corning-2-Treated,0,0,0,0,76.43,52.71,4.07,72.46,SV,Dora and Marguerite-Treated
2011,9,1,Corning-3-Untreated,1,0,1,0,76.43,52.71,4.07,72.46,SV,East Corning-Untreated
2011,9,1,Corning-4-Treated,0,0,0,0,76.43,52.71,4.07,72.46,SV,Fig Lane and Houghton-Treated
2011,9,1,Orland-1-Untreated,0,0,0,0,72.61,68.71,2.39,78.44,SV,Glenn County Fairgrounds-Untreated
2011,9,1,Orland-5-Untreated,0,0,0,0,72.61,68.71,2.39,78.44,SV,North East Orland-Untreated
2011,9,1,Corning-5-Treated,0,0,0,0,76.43,52.71,4.07,72.46,SV,Northbound I-5 Rest Area-Treated
2011,9,1,Orland-6-Untreated,0,0,0,0,72.61,68.71,2.39,78.44,SV,Road 200 and Road C-Untreated
2011,9,1,Orland-10-Treated,0,0,0,0,72.61,68.71,2.39,78.44,SV,Road M and Road 24-Treated
2011,9,1,Corning-7-Untreated,1,0,1,0,76.43,52.71,4.07,72.46,SV,Sac. River - Garneir and Ferry Rd.-Untreated
2011,9,1,Orland-12-Untreated,2,3,5,0,72.61,68.71,2.39,78.44,SV,South East Orland-Untreated
2011,9,1,Corning-8-Treated,0,0,0,0,76.43,52.71,4.07,72.46,SV,Viola and Orchard Ave.-Treated
2011,9,9,Corning-1-Treated,0,0,0,0,76.96,47.86,3.97,71.17,SV,Barham and Samson-Treated
2011,9,9,Corning-2-Treated,0,0,0,0,76.96,47.86,3.97,71.17,SV,Dora and Marguerite-Treated
2011,9,9,Corning-3-Untreated,0,1,1,0,76.96,47.86,3.97,71.17,SV,East Corning-Untreated
2011,9,9,Corning-4-Treated,0,0,0,0,76.96,47.86,3.97,71.17,SV,Fig Lane and Houghton-Treated
2011,9,9,Orland-1-Untreated,0,0,0,0,71.86,70.86,2.13,77.69,SV,Glenn County Fairgrounds-Untreated
2011,9,9,Orland-5-Untreated,0,0,0,0,71.86,70.86,2.13,77.69,SV,North East Orland-Untreated
2011,9,9,Corning-5-Treated,1,1,2,0,76.96,47.86,3.97,71.17,SV,Northbound I-5 Rest Area-Treated
2011,9,9,Orland-6-Untreated,0,1,1,0,71.86,70.86,2.13,77.69,SV,Road 200 and Road C-Untreated
2011,9,9,Orland-10-Treated,0,1,1,0,71.86,70.86,2.13,77.69,SV,Road M and Road 24-Treated
2011,9,9,Corning-7-Untreated,0,0,0,0,76.96,47.86,3.97,71.17,SV,Sac. River - Garneir and Ferry Rd.-Untreated
2011,9,9,Orland-12-Untreated,0,2,2,0,71.86,70.86,2.13,77.69,SV,South East Orland-Untreated
2011,9,9,Corning-8-Treated,0,0,0,0,76.96,47.86,3.97,71.17,SV,Viola and Orchard Ave.-Treated
2011,9,16,Corning-1-Treated,0,0,0,0,74.21,60.86,4.53,71.81,SV,Barham and Samson-Treated
2011,9,16,Corning-2-Treated,0,0,0,0,74.21,60.86,4.53,71.81,SV,Dora and Marguerite-Treated
2011,9,16,Corning-3-Untreated,0,0,0,0,74.21,60.86,4.53,71.81,SV,East Corning-Untreated
2011,9,16,Corning-4-Treated,0,1,1,0,74.21,60.86,4.53,71.81,SV,Fig Lane and Houghton-Treated
2011,9,16,Orland-1-Untreated,0,0,0,0,71.27,69.29,2.89,77.26,SV,Glenn County Fairgrounds-Untreated
2011,9,16,Orland-5-Untreated,0,0,0,0,71.27,69.29,2.89,77.26,SV,North East Orland-Untreated
2011,9,16,Corning-5-Treated,0,0,0,0,74.21,60.86,4.53,71.81,SV,Northbound I-5 Rest Area-Treated
2011,9,16,Orland-6-Untreated,0,0,0,0,71.27,69.29,2.89,77.26,SV,Road 200 and Road C-Untreated
2011,9,16,Orland-10-Treated,0,0,0,0,71.27,69.29,2.89,77.26,SV,Road M and Road 24-Treated
2011,9,16,Corning-7-Untreated,0,0,0,0,74.21,60.86,4.53,71.81,SV,Sac. River - Garneir and Ferry Rd.-Untreated
2011,9,16,Orland-12-Untreated,0,0,0,0,71.27,69.29,2.89,77.26,SV,South East Orland-Untreated
2011,9,16,Corning-8-Treated,0,0,0,0,74.21,60.86,4.53,71.81,SV,Viola and Orchard Ave.-Treated
2011,9,23,Corning-1-Treated,0,0,0,0,73.91,51.43,3.34,70.51,SV,Barham and Samson-Treated
2011,9,23,Corning-2-Treated,0,1,1,0,73.91,51.43,3.34,70.51,SV,Dora and Marguerite-Treated
2011,9,23,Corning-3-Untreated,0,0,0,0,73.91,51.43,3.34,70.51,SV,East Corning-Untreated
2011,9,23,Corning-4-Treated,0,0,0,0,73.91,51.43,3.34,70.51,SV,Fig Lane and Houghton-Treated
2011,9,23,Orland-1-Untreated,0,0,0,0,69.83,70.57,2.1,74.01,SV,Glenn County Fairgrounds-Untreated
2011,9,23,Orland-5-Untreated,1,1,2,0,69.83,70.57,2.1,74.01,SV,North East Orland-Untreated
2011,9,23,Corning-5-Treated,0,0,0,0,73.91,51.43,3.34,70.51,SV,Northbound I-5 Rest Area-Treated
2011,9,23,Orland-6-Untreated,0,0,0,0,69.83,70.57,2.1,74.01,SV,Road 200 and Road C-Untreated
2011,9,23,Orland-10-Treated,0,0,0,0,69.83,70.57,2.1,74.01,SV,Road M and Road 24-Treated
2011,9,23,Corning-7-Untreated,0,0,0,0,73.91,51.43,3.34,70.51,SV,Sac. River - Garneir and Ferry Rd.-Untreated
2011,9,23,Orland-12-Untreated,1,0,1,0,69.83,70.57,2.1,74.01,SV,South East Orland-Untreated
2011,9,23,Corning-8-Treated,0,0,0,0,73.91,51.43,3.34,70.51,SV,Viola and Orchard Ave.-Treated
2011,9,30,Corning-1-Treated,0,0,0,0,70.1,61,5,69.03,SV,Barham and Samson-Treated
2011,9,30,Corning-2-Treated,0,0,0,0,70.1,61,5,69.03,SV,Dora and Marguerite-Treated
2011,9,30,Corning-3-Untreated,0,0,0,0,70.1,61,5,69.03,SV,East Corning-Untreated
2011,9,30,Corning-4-Treated,0,0,0,0,70.1,61,5,69.03,SV,Fig Lane and Houghton-Treated
2011,9,30,Orland-1-Untreated,0,0,0,0,68.24,71.43,3.23,71.83,SV,Glenn County Fairgrounds-Untreated
2011,9,30,Orland-5-Untreated,1,0,1,0,68.24,71.43,3.23,71.83,SV,North East Orland-Untreated
2011,9,30,Corning-5-Treated,0,0,0,0,70.1,61,5,69.03,SV,Northbound I-5 Rest Area-Treated
2011,9,30,Orland-6-Untreated,0,0,0,0,68.24,71.43,3.23,71.83,SV,Road 200 and Road C-Untreated
2011,9,30,Orland-10-Treated,0,0,0,0,68.24,71.43,3.23,71.83,SV,Road M and Road 24-Treated
2011,9,30,Corning-7-Untreated,0,0,0,0,70.1,61,5,69.03,SV,Sac. River - Garneir and Ferry Rd.-Untreated
2011,9,30,Orland-12-Untreated,0,0,0,0,68.24,71.43,3.23,71.83,SV,South East Orland-Untreated
2011,9,30,Corning-8-Treated,0,0,0,0,70.1,61,5,69.03,SV,Viola and Orchard Ave.-Treated
2011,10,7,Corning-1-Treated,0,0,0,0.16,57.46,77.14,5.64,64.9,SV,Barham and Samson-Treated
2011,10,7,Corning-2-Treated,0,0,0,0.16,57.46,77.14,5.64,64.9,SV,Dora and Marguerite-Treated
2011,10,7,Corning-3-Untreated,0,0,0,0.16,57.46,77.14,5.64,64.9,SV,East Corning-Untreated
2011,10,7,Corning-4-Treated,0,0,0,0.16,57.46,77.14,5.64,64.9,SV,Fig Lane and Houghton-Treated
2011,10,7,Orland-1-Untreated,0,0,0,0.15,57.73,81,3.44,66.59,SV,Glenn County Fairgrounds-Untreated
2011,10,7,Orland-5-Untreated,0,0,0,0.15,57.73,81,3.44,66.59,SV,North East Orland-Untreated
2011,10,7,Corning-5-Treated,0,0,0,0.16,57.46,77.14,5.64,64.9,SV,Northbound I-5 Rest Area-Treated
2011,10,7,Orland-6-Untreated,0,0,0,0.15,57.73,81,3.44,66.59,SV,Road 200 and Road C-Untreated
2011,10,7,Orland-10-Treated,0,0,0,0.15,57.73,81,3.44,66.59,SV,Road M and Road 24-Treated
2011,10,7,Corning-7-Untreated,0,0,0,0.16,57.46,77.14,5.64,64.9,SV,Sac. River - Garneir and Ferry Rd.-Untreated
2011,10,7,Orland-12-Untreated,0,0,0,0.15,57.73,81,3.44,66.59,SV,South East Orland-Untreated
2011,10,7,Corning-8-Treated,0,0,0,0.16,57.46,77.14,5.64,64.9,SV,Viola and Orchard Ave.-Treated
2011,10,14,Corning-1-Treated,0,0,0,0.08,64.8,74.71,4.23,63.67,SV,Barham and Samson-Treated
2011,10,14,Corning-2-Treated,0,0,0,0.08,64.8,74.71,4.23,63.67,SV,Dora and Marguerite-Treated
2011,10,14,Corning-3-Untreated,0,0,0,0.08,64.8,74.71,4.23,63.67,SV,East Corning-Untreated
2011,10,14,Corning-4-Treated,0,0,0,0.08,64.8,74.71,4.23,63.67,SV,Fig Lane and Houghton-Treated
2011,10,14,Orland-1-Untreated,0,0,0,0.1,61.63,83.43,2.54,63.97,SV,Glenn County Fairgrounds-Untreated
2011,10,14,Orland-5-Untreated,0,0,0,0.1,61.63,83.43,2.54,63.97,SV,North East Orland-Untreated
2011,10,14,Corning-5-Treated,0,1,1,0.08,64.8,74.71,4.23,63.67,SV,Northbound I-5 Rest Area-Treated
2011,10,14,Orland-6-Untreated,0,0,0,0.1,61.63,83.43,2.54,63.97,SV,Road 200 and Road C-Untreated
2011,10,14,Orland-10-Treated,0,0,0,0.1,61.63,83.43,2.54,63.97,SV,Road M and Road 24-Treated
2011,10,14,Corning-7-Untreated,0,0,0,0.08,64.8,74.71,4.23,63.67,SV,Sac. River - Garneir and Ferry Rd.-Untreated
2011,10,14,Orland-12-Untreated,0,0,0,0.1,61.63,83.43,2.54,63.97,SV,South East Orland-Untreated
2011,10,14,Corning-8-Treated,0,0,0,0.08,64.8,74.71,4.23,63.67,SV,Viola and Orchard Ave.-Treated
2011,10,21,Corning-1-Treated,0,0,0,0,65.41,73.43,3.81,64.99,SV,Barham and Samson-Treated
2011,10,21,Corning-2-Treated,0,0,0,0,65.41,73.43,3.81,64.99,SV,Dora and Marguerite-Treated
2011,10,21,Corning-3-Untreated,0,0,0,0,65.41,73.43,3.81,64.99,SV,East Corning-Untreated
2011,10,21,Corning-4-Treated,0,0,0,0,65.41,73.43,3.81,64.99,SV,Fig Lane and Houghton-Treated
2011,10,21,Orland-1-Untreated,0,0,0,0,65.04,79.29,2.3,66.29,SV,Glenn County Fairgrounds-Untreated
2011,10,21,Orland-5-Untreated,0,0,0,0,65.04,79.29,2.3,66.29,SV,North East Orland-Untreated
2011,10,21,Corning-5-Treated,0,1,1,0,65.41,73.43,3.81,64.99,SV,Northbound I-5 Rest Area-Treated
2011,10,21,Orland-6-Untreated,0,0,0,0,65.04,79.29,2.3,66.29,SV,Road 200 and Road C-Untreated
2011,10,21,Orland-10-Treated,0,0,0,0,65.04,79.29,2.3,66.29,SV,Road M and Road 24-Treated
2011,10,21,Corning-7-Untreated,0,0,0,0,65.41,73.43,3.81,64.99,SV,Sac. River - Garneir and Ferry Rd.-Untreated
2011,10,21,Orland-12-Untreated,0,0,0,0,65.04,79.29,2.3,66.29,SV,South East Orland-Untreated
2011,10,21,Corning-8-Treated,0,0,0,0,65.41,73.43,3.81,64.99,SV,Viola and Orchard Ave.-Treated
2011,10,28,Corning-1-Treated,0,0,0,0,59.66,50.71,5,61.53,SV,Barham and Samson-Treated
2011,10,28,Corning-2-Treated,0,0,0,0,59.66,50.71,5,61.53,SV,Dora and Marguerite-Treated
2011,10,28,Corning-3-Untreated,0,0,0,0,59.66,50.71,5,61.53,SV,East Corning-Untreated
2011,10,28,Corning-4-Treated,0,0,0,0,59.66,50.71,5,61.53,SV,Fig Lane and Houghton-Treated
2011,10,28,Orland-1-Untreated,0,0,0,0,57.26,63,2.63,62.46,SV,Glenn County Fairgrounds-Untreated
2011,10,28,Orland-5-Untreated,0,0,0,0,57.26,63,2.63,62.46,SV,North East Orland-Untreated
2011,10,28,Corning-5-Treated,0,0,0,0,59.66,50.71,5,61.53,SV,Northbound I-5 Rest Area-Treated
2011,10,28,Orland-6-Untreated,0,0,0,0,57.26,63,2.63,62.46,SV,Road 200 and Road C-Untreated
2011,10,28,Orland-10-Treated,0,0,0,0,57.26,63,2.63,62.46,SV,Road M and Road 24-Treated
2011,10,28,Corning-7-Untreated,0,0,0,0,59.66,50.71,5,61.53,SV,Sac. River - Garneir and Ferry Rd.-Untreated
2011,10,28,Orland-12-Untreated,0,0,0,0,57.26,63,2.63,62.46,SV,South East Orland-Untreated
2011,10,28,Corning-8-Treated,0,0,0,0,59.66,50.71,5,61.53,SV,Viola and Orchard Ave.-Treated
2011,11,4,Corning-1-Treated,0,0,0,0.01,55.76,53.57,6.29,58.01,SV,Barham and Samson-Treated
2011,11,4,Corning-2-Treated,0,0,0,0.01,55.76,53.57,6.29,58.01,SV,Dora and Marguerite-Treated
2011,11,4,Corning-3-Untreated,0,0,0,0.01,55.76,53.57,6.29,58.01,SV,East Corning-Untreated
2011,11,4,Corning-4-Treated,0,0,0,0.01,55.76,53.57,6.29,58.01,SV,Fig Lane and Houghton-Treated
2011,11,4,Orland-1-Untreated,0,0,0,0,54.73,60.57,3.49,57.61,SV,Glenn County Fairgrounds-Untreated
2011,11,4,Orland-5-Untreated,4,11,15,0,54.73,60.57,3.49,57.61,SV,North East Orland-Untreated
2011,11,4,Corning-5-Treated,0,0,0,0.01,55.76,53.57,6.29,58.01,SV,Northbound I-5 Rest Area-Treated
2011,11,4,Orland-6-Untreated,0,0,0,0,54.73,60.57,3.49,57.61,SV,Road 200 and Road C-Untreated
2011,11,4,Orland-10-Treated,0,0,0,0,54.73,60.57,3.49,57.61,SV,Road M and Road 24-Treated
2011,11,4,Corning-7-Untreated,1,0,1,0.01,55.76,53.57,6.29,58.01,SV,Sac. River - Garneir and Ferry Rd.-Untreated
2011,11,4,Orland-12-Untreated,2,2,4,0,54.73,60.57,3.49,57.61,SV,South East Orland-Untreated
2011,11,4,Corning-8-Treated,0,0,0,0.01,55.76,53.57,6.29,58.01,SV,Viola and Orchard Ave.-Treated
2011,11,11,Corning-1-Treated,0,0,0,0.01,45.5,73.43,4.63,53.49,SV,Barham and Samson-Treated
2011,11,11,Corning-2-Treated,0,0,0,0.01,45.5,73.43,4.63,53.49,SV,Dora and Marguerite-Treated
2011,11,11,Corning-3-Untreated,0,0,0,0.01,45.5,73.43,4.63,53.49,SV,East Corning-Untreated
2011,11,11,Corning-4-Treated,0,0,0,0.01,45.5,73.43,4.63,53.49,SV,Fig Lane and Houghton-Treated
2011,11,11,Orland-1-Untreated,0,0,0,0.06,44.51,82.86,2.6,51.26,SV,Glenn County Fairgrounds-Untreated
2011,11,11,Orland-5-Untreated,0,0,0,0.06,44.51,82.86,2.6,51.26,SV,North East Orland-Untreated
2011,11,11,Corning-5-Treated,0,0,0,0.01,45.5,73.43,4.63,53.49,SV,Northbound I-5 Rest Area-Treated
2011,11,11,Orland-6-Untreated,0,0,0,0.06,44.51,82.86,2.6,51.26,SV,Road 200 and Road C-Untreated
2011,11,11,Orland-10-Treated,0,0,0,0.06,44.51,82.86,2.6,51.26,SV,Road M and Road 24-Treated
2011,11,11,Corning-7-Untreated,0,0,0,0.01,45.5,73.43,4.63,53.49,SV,Sac. River - Garneir and Ferry Rd.-Untreated
2011,11,11,Orland-12-Untreated,0,0,0,0.06,44.51,82.86,2.6,51.26,SV,South East Orland-Untreated
2011,11,11,Corning-8-Treated,0,0,0,0.01,45.5,73.43,4.63,53.49,SV,Viola and Orchard Ave.-Treated
2012,3,30,Corning-1-Treated,0,0,0,0.28,51.43,78.14,6.09,51.14,SV,Barham and Samson-Treated
2012,3,30,Corning-2-Treated,0,0,0,0.28,51.43,78.14,6.09,51.14,SV,Dora and Marguerite-Treated
2012,3,30,Corning-3-Untreated,0,0,0,0.28,51.43,78.14,6.09,51.14,SV,East Corning-Untreated
2012,3,30,Corning-4-Treated,0,0,0,0.28,51.43,78.14,6.09,51.14,SV,Fig Lane and Houghton-Treated
2012,3,30,Orland-1-Untreated,0,0,0,0.2,51.96,82.71,5.69,53.94,SV,Glenn County Fairgrounds-Untreated
2012,3,30,Orland-5-Untreated,0,0,0,0.2,51.96,82.71,5.69,53.94,SV,North East Orland-Untreated
2012,3,30,Corning-5-Treated,0,0,0,0.28,51.43,78.14,6.09,51.14,SV,Northbound I-5 Rest Area-Treated
2012,3,30,Orland-6-Untreated,0,0,0,0.2,51.96,82.71,5.69,53.94,SV,Road 200 and Road C-Untreated
2012,3,30,Corning-7-Untreated,0,0,0,0.28,51.43,78.14,6.09,51.14,SV,Sac. River - Garneir and Ferry Rd.-Untreated
2012,3,30,Orland-12-Untreated,0,0,0,0.2,51.96,82.71,5.69,53.94,SV,South East Orland-Untreated
2012,3,30,Corning-8-Treated,0,0,0,0.28,51.43,78.14,6.09,51.14,SV,Viola and Orchard Ave.-Treated
2012,4,6,Corning-1-Treated,0,0,0,0.06,49.21,66.71,6.8,51.94,SV,Barham and Samson-Treated
2012,4,6,Corning-2-Treated,0,0,0,0.06,49.21,66.71,6.8,51.94,SV,Dora and Marguerite-Treated
2012,4,6,Corning-3-Untreated,0,0,0,0.06,49.21,66.71,6.8,51.94,SV,East Corning-Untreated
2012,4,6,Corning-4-Treated,0,0,0,0.06,49.21,66.71,6.8,51.94,SV,Fig Lane and Houghton-Treated
2012,4,6,Orland-1-Untreated,0,0,0,0.04,50.11,66.43,4.8,55.9,SV,Glenn County Fairgrounds-Untreated
2012,4,6,Orland-5-Untreated,2,0,2,0.04,50.11,66.43,4.8,55.9,SV,North East Orland-Untreated
2012,4,6,Corning-5-Treated,0,0,0,0.06,49.21,66.71,6.8,51.94,SV,Northbound I-5 Rest Area-Treated
2012,4,6,Orland-6-Untreated,0,0,0,0.04,50.11,66.43,4.8,55.9,SV,Road 200 and Road C-Untreated
2012,4,6,Corning-7-Untreated,0,0,0,0.06,49.21,66.71,6.8,51.94,SV,Sac. River - Garneir and Ferry Rd.-Untreated
2012,4,6,Orland-12-Untreated,0,0,0,0.04,50.11,66.43,4.8,55.9,SV,South East Orland-Untreated
2012,4,6,Corning-8-Treated,0,0,0,0.06,49.21,66.71,6.8,51.94,SV,Viola and Orchard Ave.-Treated
2012,4,12,Corning-1-Treated,1,1,2,0.14,51.63,71.71,6.34,52.09,SV,Barham and Samson-Treated
2012,4,12,Corning-2-Treated,0,0,0,0.14,51.63,71.71,6.34,52.09,SV,Dora and Marguerite-Treated
2012,4,12,Corning-3-Untreated,0,0,0,0.14,51.63,71.71,6.34,52.09,SV,East Corning-Untreated
2012,4,12,Corning-4-Treated,0,0,0,0.14,51.63,71.71,6.34,52.09,SV,Fig Lane and Houghton-Treated
2012,4,12,Orland-1-Untreated,0,0,0,0.1,52.21,70.43,4.23,56.34,SV,Glenn County Fairgrounds-Untreated
2012,4,12,Orland-5-Untreated,1,1,2,0.1,52.21,70.43,4.23,56.34,SV,North East Orland-Untreated
2012,4,12,Corning-5-Treated,0,0,0,0.14,51.63,71.71,6.34,52.09,SV,Northbound I-5 Rest Area-Treated
2012,4,12,Orland-6-Untreated,0,0,0,0.1,52.21,70.43,4.23,56.34,SV,Road 200 and Road C-Untreated
2012,4,12,Corning-7-Untreated,0,0,0,0.14,51.63,71.71,6.34,52.09,SV,Sac. River - Garneir and Ferry Rd.-Untreated
2012,4,12,Orland-12-Untreated,0,0,0,0.1,52.21,70.43,4.23,56.34,SV,South East Orland-Untreated
2012,4,12,Corning-8-Treated,0,0,0,0.14,51.63,71.71,6.34,52.09,SV,Viola and Orchard Ave.-Treated
2012,4,20,Corning-1-Treated,2,4,6,0,60.7,74.71,3.74,55.44,SV,Barham and Samson-Treated
2012,4,20,Corning-2-Treated,1,0,1,0,60.7,74.71,3.74,55.44,SV,Dora and Marguerite-Treated
2012,4,20,Corning-3-Untreated,0,0,0,0,60.7,74.71,3.74,55.44,SV,East Corning-Untreated
2012,4,20,Corning-4-Treated,1,2,3,0,60.7,74.71,3.74,55.44,SV,Fig Lane and Houghton-Treated
2012,4,20,Orland-1-Untreated,0,1,1,0,61.11,70.71,3.31,60.37,SV,Glenn County Fairgrounds-Untreated
2012,4,20,Orland-5-Untreated,3,3,6,0,61.11,70.71,3.31,60.37,SV,North East Orland-Untreated
2012,4,20,Corning-5-Treated,0,1,1,0,60.7,74.71,3.74,55.44,SV,Northbound I-5 Rest Area-Treated
2012,4,20,Orland-6-Untreated,0,0,0,0,61.11,70.71,3.31,60.37,SV,Road 200 and Road C-Untreated
2012,4,20,Corning-7-Untreated,0,0,0,0,60.7,74.71,3.74,55.44,SV,Sac. River - Garneir and Ferry Rd.-Untreated
2012,4,20,Orland-12-Untreated,0,0,0,0,61.11,70.71,3.31,60.37,SV,South East Orland-Untreated
2012,4,20,Corning-8-Treated,0,1,1,0,60.7,74.71,3.74,55.44,SV,Viola and Orchard Ave.-Treated
2012,4,27,Corning-1-Treated,0,1,1,0.01,64.34,71.43,5.03,62.07,SV,Barham and Samson-Treated
2012,4,27,Corning-2-Treated,0,0,0,0.01,64.34,71.43,5.03,62.07,SV,Dora and Marguerite-Treated
2012,4,27,Corning-3-Untreated,4,5,9,0.01,64.34,71.43,5.03,62.07,SV,East Corning-Untreated
2012,4,27,Corning-4-Treated,2,3,5,0.01,64.34,71.43,5.03,62.07,SV,Fig Lane and Houghton-Treated
2012,4,27,Orland-1-Untreated,0,1,1,0.07,64.74,69.71,4.01,65.87,SV,Glenn County Fairgrounds-Untreated
2012,4,27,Orland-5-Untreated,0,3,3,0.07,64.74,69.71,4.01,65.87,SV,North East Orland-Untreated
2012,4,27,Corning-5-Treated,0,1,1,0.01,64.34,71.43,5.03,62.07,SV,Northbound I-5 Rest Area-Treated
2012,4,27,Orland-6-Untreated,0,0,0,0.07,64.74,69.71,4.01,65.87,SV,Road 200 and Road C-Untreated
2012,4,27,Corning-7-Untreated,1,0,1,0.01,64.34,71.43,5.03,62.07,SV,Sac. River - Garneir and Ferry Rd.-Untreated
2012,4,27,Orland-12-Untreated,0,0,0,0.07,64.74,69.71,4.01,65.87,SV,South East Orland-Untreated
2012,4,27,Corning-8-Treated,0,0,0,0.01,64.34,71.43,5.03,62.07,SV,Viola and Orchard Ave.-Treated
2012,5,4,Corning-1-Treated,1,1,2,0,63.01,58.86,5.77,62.34,SV,Barham and Samson-Treated
2012,5,4,Corning-2-Treated,0,0,0,0,63.01,58.86,5.77,62.34,SV,Dora and Marguerite-Treated
2012,5,4,Corning-3-Untreated,0,0,0,0,63.01,58.86,5.77,62.34,SV,East Corning-Untreated
2012,5,4,Corning-4-Treated,15,17,32,0,63.01,58.86,5.77,62.34,SV,Fig Lane and Houghton-Treated
2012,5,4,Orland-1-Untreated,4,5,9,0,62.69,64.29,4.19,66.39,SV,Glenn County Fairgrounds-Untreated
2012,5,4,Orland-5-Untreated,3,5,8,0,62.69,64.29,4.19,66.39,SV,North East Orland-Untreated
2012,5,4,Corning-5-Treated,1,2,3,0,63.01,58.86,5.77,62.34,SV,Northbound I-5 Rest Area-Treated
2012,5,4,Orland-6-Untreated,1,1,2,0,62.69,64.29,4.19,66.39,SV,Road 200 and Road C-Untreated
2012,5,4,Corning-7-Untreated,0,0,0,0,63.01,58.86,5.77,62.34,SV,Sac. River - Garneir and Ferry Rd.-Untreated
2012,5,4,Orland-12-Untreated,1,0,1,0,62.69,64.29,4.19,66.39,SV,South East Orland-Untreated
2012,5,4,Corning-8-Treated,0,0,0,0,63.01,58.86,5.77,62.34,SV,Viola and Orchard Ave.-Treated
2012,5,11,Corning-1-Treated,2,4,6,0,68.67,40.43,7.47,63.16,SV,Barham and Samson-Treated
2012,5,11,Corning-2-Treated,0,1,1,0,68.67,40.43,7.47,63.16,SV,Dora and Marguerite-Treated
2012,5,11,Corning-3-Untreated,1,0,1,0,68.67,40.43,7.47,63.16,SV,East Corning-Untreated
2012,5,11,Corning-4-Treated,25,26,51,0,68.67,40.43,7.47,63.16,SV,Fig Lane and Houghton-Treated
2012,5,11,Orland-1-Untreated,3,2,5,0,67.84,40.86,5.09,67.66,SV,Glenn County Fairgrounds-Untreated
2012,5,11,Orland-5-Untreated,0,0,0,0,67.84,40.86,5.09,67.66,SV,North East Orland-Untreated
2012,5,11,Corning-5-Treated,2,0,2,0,68.67,40.43,7.47,63.16,SV,Northbound I-5 Rest Area-Treated
2012,5,11,Orland-6-Untreated,1,2,3,0,67.84,40.86,5.09,67.66,SV,Road 200 and Road C-Untreated
2012,5,11,Corning-7-Untreated,0,0,0,0,68.67,40.43,7.47,63.16,SV,Sac. River - Garneir and Ferry Rd.-Untreated
2012,5,11,Orland-12-Untreated,0,0,0,0,67.84,40.86,5.09,67.66,SV,South East Orland-Untreated
2012,5,11,Corning-8-Treated,0,0,0,0,68.67,40.43,7.47,63.16,SV,Viola and Orchard Ave.-Treated
2012,5,19,Corning-1-Treated,2,1,3,0,67.89,57.29,4.7,65.9,SV,Barham and Samson-Treated
2012,5,19,Corning-2-Treated,0,0,0,0,67.89,57.29,4.7,65.9,SV,Dora and Marguerite-Treated
2012,5,19,Corning-3-Untreated,0,0,0,0,67.89,57.29,4.7,65.9,SV,East Corning-Untreated
2012,5,19,Corning-4-Treated,3,0,3,0,67.89,57.29,4.7,65.9,SV,Fig Lane and Houghton-Treated
2012,5,19,Orland-1-Untreated,4,6,10,0,65.4,65.86,3.06,70.66,SV,Glenn County Fairgrounds-Untreated
2012,5,19,Orland-5-Untreated,0,0,0,0,65.4,65.86,3.06,70.66,SV,North East Orland-Untreated
2012,5,19,Corning-5-Treated,0,0,0,0,67.89,57.29,4.7,65.9,SV,Northbound I-5 Rest Area-Treated
2012,5,19,Orland-6-Untreated,0,0,0,0,65.4,65.86,3.06,70.66,SV,Road 200 and Road C-Untreated
2012,5,19,Corning-7-Untreated,0,0,0,0,67.89,57.29,4.7,65.9,SV,Sac. River - Garneir and Ferry Rd.-Untreated
2012,5,19,Orland-12-Untreated,0,0,0,0,65.4,65.86,3.06,70.66,SV,South East Orland-Untreated
2012,5,19,Corning-8-Treated,0,0,0,0,67.89,57.29,4.7,65.9,SV,Viola and Orchard Ave.-Treated
2012,5,25,Corning-1-Treated,1,2,3,0,67.03,49.71,7.24,65.87,SV,Barham and Samson-Treated
2012,5,25,Corning-2-Treated,0,0,0,0,67.03,49.71,7.24,65.87,SV,Dora and Marguerite-Treated
2012,5,25,Corning-3-Untreated,0,0,0,0,67.03,49.71,7.24,65.87,SV,East Corning-Untreated
2012,5,25,Corning-4-Treated,1,2,3,0,67.03,49.71,7.24,65.87,SV,Fig Lane and Houghton-Treated
2012,5,25,Orland-1-Untreated,3,1,4,0,66.9,51.86,4.94,72.89,SV,Glenn County Fairgrounds-Untreated
2012,5,25,Orland-5-Untreated,0,0,0,0,66.9,51.86,4.94,72.89,SV,North East Orland-Untreated
2012,5,25,Corning-5-Treated,0,0,0,0,67.03,49.71,7.24,65.87,SV,Northbound I-5 Rest Area-Treated
2012,5,25,Orland-6-Untreated,0,0,0,0,66.9,51.86,4.94,72.89,SV,Road 200 and Road C-Untreated
2012,5,25,Corning-7-Untreated,0,0,0,0,67.03,49.71,7.24,65.87,SV,Sac. River - Garneir and Ferry Rd.-Untreated
2012,5,25,Orland-12-Untreated,0,0,0,0,66.9,51.86,4.94,72.89,SV,South East Orland-Untreated
2012,5,25,Corning-8-Treated,0,0,0,0,67.03,49.71,7.24,65.87,SV,Viola and Orchard Ave.-Treated
2012,6,1,Corning-1-Treated,2,1,3,0,69.14,58.43,4.7,65.71,SV,Barham and Samson-Treated
2012,6,1,Corning-2-Treated,0,0,0,0,69.14,58.43,4.7,65.71,SV,Dora and Marguerite-Treated
2012,6,1,Corning-3-Untreated,0,0,0,0,69.14,58.43,4.7,65.71,SV,East Corning-Untreated
2012,6,1,Corning-4-Treated,0,0,0,0,69.14,58.43,4.7,65.71,SV,Fig Lane and Houghton-Treated
2012,6,1,Orland-1-Untreated,6,2,8,0,66.81,67.57,2.73,73.94,SV,Glenn County Fairgrounds-Untreated
2012,6,1,Orland-5-Untreated,0,0,0,0,66.81,67.57,2.73,73.94,SV,North East Orland-Untreated
2012,6,1,Corning-5-Treated,0,1,1,0,69.14,58.43,4.7,65.71,SV,Northbound I-5 Rest Area-Treated
2012,6,1,Orland-6-Untreated,0,0,0,0,66.81,67.57,2.73,73.94,SV,Road 200 and Road C-Untreated
2012,6,1,Corning-7-Untreated,0,0,0,0,69.14,58.43,4.7,65.71,SV,Sac. River - Garneir and Ferry Rd.-Untreated
2012,6,1,Orland-12-Untreated,0,0,0,0,66.81,67.57,2.73,73.94,SV,South East Orland-Untreated
2012,6,1,Corning-8-Treated,0,0,0,0,69.14,58.43,4.7,65.71,SV,Viola and Orchard Ave.-Treated
2012,6,8,Corning-1-Treated,0,0,0,0.02,67.96,53.57,7.09,67.79,SV,Barham and Samson-Treated
2012,6,8,Corning-2-Treated,0,0,0,0.02,67.96,53.57,7.09,67.79,SV,Dora and Marguerite-Treated
2012,6,8,Corning-3-Untreated,1,0,1,0.02,67.96,53.57,7.09,67.79,SV,East Corning-Untreated
2012,6,8,Corning-4-Treated,0,0,0,0.02,67.96,53.57,7.09,67.79,SV,Fig Lane and Houghton-Treated
2012,6,8,Orland-1-Untreated,2,2,4,0.02,67.06,57.14,4.51,74.5,SV,Glenn County Fairgrounds-Untreated
2012,6,8,Orland-5-Untreated,1,0,1,0.02,67.06,57.14,4.51,74.5,SV,North East Orland-Untreated
2012,6,8,Corning-5-Treated,0,0,0,0.02,67.96,53.57,7.09,67.79,SV,Northbound I-5 Rest Area-Treated
2012,6,8,Orland-6-Untreated,1,0,1,0.02,67.06,57.14,4.51,74.5,SV,Road 200 and Road C-Untreated
2012,6,8,Corning-7-Untreated,0,0,0,0.02,67.96,53.57,7.09,67.79,SV,Sac. River - Garneir and Ferry Rd.-Untreated
2012,6,8,Orland-12-Untreated,0,0,0,0.02,67.06,57.14,4.51,74.5,SV,South East Orland-Untreated
2012,6,8,Corning-8-Treated,0,0,0,0.02,67.96,53.57,7.09,67.79,SV,Viola and Orchard Ave.-Treated
2012,6,15,Corning-1-Treated,1,2,3,0,77.03,34.86,9.3,67.56,SV,Barham and Samson-Treated
2012,6,15,Corning-2-Treated,2,0,2,0,77.03,34.86,9.3,67.56,SV,Dora and Marguerite-Treated
2012,6,15,Corning-3-Untreated,2,4,6,0,77.03,34.86,9.3,67.56,SV,East Corning-Untreated
2012,6,15,Corning-4-Treated,0,0,0,0,77.03,34.86,9.3,67.56,SV,Fig Lane and Houghton-Treated
2012,6,15,Orland-1-Untreated,3,1,4,0,73.83,46.71,4.9,72.53,SV,Glenn County Fairgrounds-Untreated
2012,6,15,Orland-5-Untreated,3,2,5,0,73.83,46.71,4.9,72.53,SV,North East Orland-Untreated
2012,6,15,Corning-5-Treated,12,7,19,0,77.03,34.86,9.3,67.56,SV,Northbound I-5 Rest Area-Treated
2012,6,15,Orland-6-Untreated,1,0,1,0,73.83,46.71,4.9,72.53,SV,Road 200 and Road C-Untreated
2012,6,15,Corning-7-Untreated,0,0,0,0,77.03,34.86,9.3,67.56,SV,Sac. River - Garneir and Ferry Rd.-Untreated
2012,6,15,Orland-12-Untreated,1,0,1,0,73.83,46.71,4.9,72.53,SV,South East Orland-Untreated
2012,6,15,Corning-8-Treated,1,0,1,0,77.03,34.86,9.3,67.56,SV,Viola and Orchard Ave.-Treated
2012,6,21,Corning-1-Treated,0,0,0,0,79.46,39,8.63,70.27,SV,Barham and Samson-Treated
2012,6,21,Corning-2-Treated,1,2,3,0,79.46,39,8.63,70.27,SV,Dora and Marguerite-Treated
2012,6,21,Corning-3-Untreated,0,1,1,0,79.46,39,8.63,70.27,SV,East Corning-Untreated
2012,6,21,Corning-4-Treated,5,4,9,0,79.46,39,8.63,70.27,SV,Fig Lane and Houghton-Treated
2012,6,21,Orland-1-Untreated,0,1,1,0,76.09,50.29,4.39,76.21,SV,Glenn County Fairgrounds-Untreated
2012,6,21,Orland-5-Untreated,0,0,0,0,76.09,50.29,4.39,76.21,SV,North East Orland-Untreated
2012,6,21,Corning-5-Treated,6,2,8,0,79.46,39,8.63,70.27,SV,Northbound I-5 Rest Area-Treated
2012,6,21,Orland-6-Untreated,0,0,0,0,76.09,50.29,4.39,76.21,SV,Road 200 and Road C-Untreated
2012,6,21,Corning-7-Untreated,0,0,0,0,79.46,39,8.63,70.27,SV,Sac. River - Garneir and Ferry Rd.-Untreated
2012,6,21,Orland-12-Untreated,2,0,2,0,76.09,50.29,4.39,76.21,SV,South East Orland-Untreated
2012,6,21,Corning-8-Treated,0,0,0,0,79.46,39,8.63,70.27,SV,Viola and Orchard Ave.-Treated
2012,6,29,Corning-1-Treated,2,1,3,0,66.93,54,6.71,67.64,SV,Barham and Samson-Treated
2012,6,29,Corning-2-Treated,2,2,4,0,66.93,54,6.71,67.64,SV,Dora and Marguerite-Treated
2012,6,29,Corning-3-Untreated,4,1,5,0,66.93,54,6.71,67.64,SV,East Corning-Untreated
2012,6,29,Corning-4-Treated,9,13,22,0,66.93,54,6.71,67.64,SV,Fig Lane and Houghton-Treated
2012,6,29,Orland-1-Untreated,0,2,2,0,66.47,54.86,4.19,73.47,SV,Glenn County Fairgrounds-Untreated
2012,6,29,Orland-5-Untreated,0,0,0,0,66.47,54.86,4.19,73.47,SV,North East Orland-Untreated
2012,6,29,Corning-5-Treated,0,0,0,0,66.93,54,6.71,67.64,SV,Northbound I-5 Rest Area-Treated
2012,6,29,Orland-6-Untreated,0,0,0,0,66.47,54.86,4.19,73.47,SV,Road 200 and Road C-Untreated
2012,6,29,Corning-7-Untreated,0,0,0,0,66.93,54,6.71,67.64,SV,Sac. River - Garneir and Ferry Rd.-Untreated
2012,6,29,Orland-12-Untreated,0,0,0,0,66.47,54.86,4.19,73.47,SV,South East Orland-Untreated
2012,6,29,Corning-8-Treated,1,1,2,0,66.93,54,6.71,67.64,SV,Viola and Orchard Ave.-Treated
2012,7,6,Corning-1-Treated,0,0,0,0,75.49,56.86,5,71.09,SV,Barham and Samson-Treated
2012,7,6,Corning-2-Treated,0,0,0,0,75.49,56.86,5,71.09,SV,Dora and Marguerite-Treated
2012,7,6,Corning-3-Untreated,2,1,3,0,75.49,56.86,5,71.09,SV,East Corning-Untreated
2012,7,6,Corning-4-Treated,2,6,8,0,75.49,56.86,5,71.09,SV,Fig Lane and Houghton-Treated
2012,7,6,Orland-1-Untreated,0,0,0,0,72.47,68.71,3.16,77.74,SV,Glenn County Fairgrounds-Untreated
2012,7,6,Orland-5-Untreated,0,0,0,0,72.47,68.71,3.16,77.74,SV,North East Orland-Untreated
2012,7,6,Corning-5-Treated,0,0,0,0,75.49,56.86,5,71.09,SV,Northbound I-5 Rest Area-Treated
2012,7,6,Orland-6-Untreated,0,0,0,0,72.47,68.71,3.16,77.74,SV,Road 200 and Road C-Untreated
2012,7,6,Corning-7-Untreated,1,0,1,0,75.49,56.86,5,71.09,SV,Sac. River - Garneir and Ferry Rd.-Untreated
2012,7,6,Orland-12-Untreated,1,0,1,0,72.47,68.71,3.16,77.74,SV,South East Orland-Untreated
2012,7,6,Corning-8-Treated,1,0,1,0,75.49,56.86,5,71.09,SV,Viola and Orchard Ave.-Treated
2012,7,13,Corning-1-Treated,0,0,0,0,79.01,49.57,4.24,72.93,SV,Barham and Samson-Treated
2012,7,13,Corning-2-Treated,0,0,0,0,79.01,49.57,4.24,72.93,SV,Dora and Marguerite-Treated
2012,7,13,Corning-3-Untreated,0,0,0,0,79.01,49.57,4.24,72.93,SV,East Corning-Untreated
2012,7,13,Corning-4-Treated,0,0,0,0,79.01,49.57,4.24,72.93,SV,Fig Lane and Houghton-Treated
2012,7,13,Orland-1-Untreated,0,0,0,0,76.14,62.86,2.27,79.84,SV,Glenn County Fairgrounds-Untreated
2012,7,13,Orland-5-Untreated,0,0,0,0,76.14,62.86,2.27,79.84,SV,North East Orland-Untreated
2012,7,13,Corning-5-Treated,0,0,0,0,79.01,49.57,4.24,72.93,SV,Northbound I-5 Rest Area-Treated
2012,7,13,Orland-6-Untreated,0,0,0,0,76.14,62.86,2.27,79.84,SV,Road 200 and Road C-Untreated
2012,7,13,Corning-7-Untreated,0,0,0,0,79.01,49.57,4.24,72.93,SV,Sac. River - Garneir and Ferry Rd.-Untreated
2012,7,13,Orland-12-Untreated,0,0,0,0,76.14,62.86,2.27,79.84,SV,South East Orland-Untreated
2012,7,13,Corning-8-Treated,0,1,1,0,79.01,49.57,4.24,72.93,SV,Viola and Orchard Ave.-Treated
2012,7,20,Corning-1-Treated,0,0,0,0,71.29,59.14,5.91,72.53,SV,Barham and Samson-Treated
2012,7,20,Corning-2-Treated,0,0,0,0,71.29,59.14,5.91,72.53,SV,Dora and Marguerite-Treated
2012,7,20,Corning-3-Untreated,0,0,0,0,71.29,59.14,5.91,72.53,SV,East Corning-Untreated
2012,7,20,Corning-4-Treated,0,0,0,0,71.29,59.14,5.91,72.53,SV,Fig Lane and Houghton-Treated
2012,7,20,Orland-1-Untreated,0,0,0,0,68.7,68.57,3.5,76.51,SV,Glenn County Fairgrounds-Untreated
2012,7,20,Orland-5-Untreated,0,0,0,0,68.7,68.57,3.5,76.51,SV,North East Orland-Untreated
2012,7,20,Corning-5-Treated,0,0,0,0,71.29,59.14,5.91,72.53,SV,Northbound I-5 Rest Area-Treated
2012,7,20,Orland-6-Untreated,0,0,0,0,68.7,68.57,3.5,76.51,SV,Road 200 and Road C-Untreated
2012,7,20,Corning-7-Untreated,0,0,0,0,71.29,59.14,5.91,72.53,SV,Sac. River - Garneir and Ferry Rd.-Untreated
2012,7,20,Orland-12-Untreated,0,0,0,0,68.7,68.57,3.5,76.51,SV,South East Orland-Untreated
2012,7,20,Corning-8-Treated,1,1,2,0,71.29,59.14,5.91,72.53,SV,Viola and Orchard Ave.-Treated
2012,7,27,Corning-1-Treated,0,0,0,0,78.07,42.14,5.04,73.56,SV,Barham and Samson-Treated
2012,7,27,Corning-2-Treated,1,1,2,0,78.07,42.14,5.04,73.56,SV,Dora and Marguerite-Treated
2012,7,27,Corning-3-Untreated,0,0,0,0,78.07,42.14,5.04,73.56,SV,East Corning-Untreated
2012,7,27,Corning-4-Treated,0,0,0,0,78.07,42.14,5.04,73.56,SV,Fig Lane and Houghton-Treated
2012,7,27,Orland-1-Untreated,0,0,0,0,73.89,62.86,2.64,77.39,SV,Glenn County Fairgrounds-Untreated
2012,7,27,Orland-5-Untreated,1,0,1,0,73.89,62.86,2.64,77.39,SV,North East Orland-Untreated
2012,7,27,Corning-5-Treated,0,0,0,0,78.07,42.14,5.04,73.56,SV,Northbound I-5 Rest Area-Treated
2012,7,27,Orland-6-Untreated,0,0,0,0,73.89,62.86,2.64,77.39,SV,Road 200 and Road C-Untreated
2012,7,27,Corning-7-Untreated,0,0,0,0,78.07,42.14,5.04,73.56,SV,Sac. River - Garneir and Ferry Rd.-Untreated
2012,7,27,Orland-12-Untreated,0,0,0,0,73.89,62.86,2.64,77.39,SV,South East Orland-Untreated
2012,7,27,Corning-8-Treated,1,0,1,0,78.07,42.14,5.04,73.56,SV,Viola and Orchard Ave.-Treated
2012,8,3,Corning-1-Treated,0,0,0,0,78.91,36.43,3.7,73.91,SV,Barham and Samson-Treated
2012,8,3,Corning-2-Treated,0,0,0,0,78.91,36.43,3.7,73.91,SV,Dora and Marguerite-Treated
2012,8,3,Corning-3-Untreated,0,0,0,0,78.91,36.43,3.7,73.91,SV,East Corning-Untreated
2012,8,3,Corning-4-Treated,0,0,0,0,78.91,36.43,3.7,73.91,SV,Fig Lane and Houghton-Treated
2012,8,3,Orland-1-Untreated,0,0,0,0,74.64,64.86,2.04,76.24,SV,Glenn County Fairgrounds-Untreated
2012,8,3,Orland-5-Untreated,0,0,0,0,74.64,64.86,2.04,76.24,SV,North East Orland-Untreated
2012,8,3,Corning-5-Treated,0,0,0,0,78.91,36.43,3.7,73.91,SV,Northbound I-5 Rest Area-Treated
2012,8,3,Orland-6-Untreated,0,0,0,0,74.64,64.86,2.04,76.24,SV,Road 200 and Road C-Untreated
2012,8,3,Corning-7-Untreated,0,0,0,0,78.91,36.43,3.7,73.91,SV,Sac. River - Garneir and Ferry Rd.-Untreated
2012,8,3,Orland-12-Untreated,0,0,0,0,74.64,64.86,2.04,76.24,SV,South East Orland-Untreated
2012,8,3,Corning-8-Treated,0,0,0,0,78.91,36.43,3.7,73.91,SV,Viola and Orchard Ave.-Treated
2012,8,10,Corning-1-Treated,0,0,0,0,77.74,38,4.44,74.14,SV,Barham and Samson-Treated
2012,8,10,Corning-2-Treated,0,0,0,0,77.74,38,4.44,74.14,SV,Dora and Marguerite-Treated
2012,8,10,Corning-3-Untreated,0,0,0,0,77.74,38,4.44,74.14,SV,East Corning-Untreated
2012,8,10,Corning-4-Treated,0,0,0,0,77.74,38,4.44,74.14,SV,Fig Lane and Houghton-Treated
2012,8,10,Orland-1-Untreated,0,0,0,0,73.66,67,2.26,74.94,SV,Glenn County Fairgrounds-Untreated
2012,8,10,Orland-5-Untreated,0,0,0,0,73.66,67,2.26,74.94,SV,North East Orland-Untreated
2012,8,10,Corning-5-Treated,0,0,0,0,77.74,38,4.44,74.14,SV,Northbound I-5 Rest Area-Treated
2012,8,10,Orland-6-Untreated,0,0,0,0,73.66,67,2.26,74.94,SV,Road 200 and Road C-Untreated
2012,8,10,Corning-7-Untreated,0,0,0,0,77.74,38,4.44,74.14,SV,Sac. River - Garneir and Ferry Rd.-Untreated
2012,8,10,Orland-12-Untreated,0,0,0,0,73.66,67,2.26,74.94,SV,South East Orland-Untreated
2012,8,10,Corning-8-Treated,0,0,0,0,77.74,38,4.44,74.14,SV,Viola and Orchard Ave.-Treated
2012,8,17,Corning-1-Treated,0,0,0,0,81.94,32.86,3.87,74.81,SV,Barham and Samson-Treated
2012,8,17,Corning-2-Treated,0,0,0,0,81.94,32.86,3.87,74.81,SV,Dora and Marguerite-Treated
2012,8,17,Corning-3-Untreated,0,0,0,0,81.94,32.86,3.87,74.81,SV,East Corning-Untreated
2012,8,17,Corning-4-Treated,0,0,0,0,81.94,32.86,3.87,74.81,SV,Fig Lane and Houghton-Treated
2012,8,17,Orland-1-Untreated,0,0,0,0,78.43,62.57,2.1,77.66,SV,Glenn County Fairgrounds-Untreated
2012,8,17,Orland-5-Untreated,0,0,0,0,78.43,62.57,2.1,77.66,SV,North East Orland-Untreated
2012,8,17,Corning-5-Treated,0,0,0,0,81.94,32.86,3.87,74.81,SV,Northbound I-5 Rest Area-Treated
2012,8,17,Orland-6-Untreated,0,0,0,0,78.43,62.57,2.1,77.66,SV,Road 200 and Road C-Untreated
2012,8,17,Corning-7-Untreated,0,0,0,0,81.94,32.86,3.87,74.81,SV,Sac. River - Garneir and Ferry Rd.-Untreated
2012,8,17,Orland-12-Untreated,0,0,0,0,78.43,62.57,2.1,77.66,SV,South East Orland-Untreated
2012,8,17,Corning-8-Treated,0,0,0,0,81.94,32.86,3.87,74.81,SV,Viola and Orchard Ave.-Treated
2012,8,23,Corning-1-Treated,0,0,0,0,77.14,44.29,4.03,74.89,SV,Barham and Samson-Treated
2012,8,23,Corning-2-Treated,0,0,0,0,77.14,44.29,4.03,74.89,SV,Dora and Marguerite-Treated
2012,8,23,Corning-3-Untreated,0,0,0,0,77.14,44.29,4.03,74.89,SV,East Corning-Untreated
2012,8,23,Corning-4-Treated,0,0,0,0,77.14,44.29,4.03,74.89,SV,Fig Lane and Houghton-Treated
2012,8,23,Orland-1-Untreated,0,1,1,0,73.26,68.57,2.33,79.16,SV,Glenn County Fairgrounds-Untreated
2012,8,23,Orland-5-Untreated,0,0,0,0,73.26,68.57,2.33,79.16,SV,North East Orland-Untreated
2012,8,23,Corning-5-Treated,0,0,0,0,77.14,44.29,4.03,74.89,SV,Northbound I-5 Rest Area-Treated
2012,8,23,Orland-6-Untreated,0,0,0,0,73.26,68.57,2.33,79.16,SV,Road 200 and Road C-Untreated
2012,8,23,Corning-7-Untreated,0,0,0,0,77.14,44.29,4.03,74.89,SV,Sac. River - Garneir and Ferry Rd.-Untreated
2012,8,23,Orland-12-Untreated,0,0,0,0,73.26,68.57,2.33,79.16,SV,South East Orland-Untreated
2012,8,23,Corning-8-Treated,0,0,0,0,77.14,44.29,4.03,74.89,SV,Viola and Orchard Ave.-Treated
2012,8,31,Corning-1-Treated,0,0,0,0,71.27,42.71,4.7,71.64,SV,Barham and Samson-Treated
2012,8,31,Corning-2-Treated,0,0,0,0,71.27,42.71,4.7,71.64,SV,Dora and Marguerite-Treated
2012,8,31,Corning-4-Treated,0,0,0,0,71.27,42.71,4.7,71.64,SV,Fig Lane and Houghton-Treated
2012,8,31,Orland-1-Untreated,0,0,0,0,67.69,61.14,2.79,74.3,SV,Glenn County Fairgrounds-Untreated
2012,8,31,Orland-5-Untreated,0,0,0,0,67.69,61.14,2.79,74.3,SV,North East Orland-Untreated
2012,8,31,Corning-5-Treated,0,0,0,0,71.27,42.71,4.7,71.64,SV,Northbound I-5 Rest Area-Treated
2012,8,31,Orland-6-Untreated,0,0,0,0,67.69,61.14,2.79,74.3,SV,Road 200 and Road C-Untreated
2012,8,31,Corning-7-Untreated,0,0,0,0,71.27,42.71,4.7,71.64,SV,Sac. River - Garneir and Ferry Rd.-Untreated
2012,8,31,Orland-12-Untreated,0,0,0,0,67.69,61.14,2.79,74.3,SV,South East Orland-Untreated
2012,8,31,Corning-8-Treated,0,0,0,0,71.27,42.71,4.7,71.64,SV,Viola and Orchard Ave.-Treated
2012,9,6,Corning-1-Treated,0,0,0,0,70.74,49.57,4.16,70.1,SV,Barham and Samson-Treated
2012,9,6,Corning-2-Treated,0,0,0,0,70.74,49.57,4.16,70.1,SV,Dora and Marguerite-Treated
2012,9,6,Corning-4-Treated,0,0,0,0,70.74,49.57,4.16,70.1,SV,Fig Lane and Houghton-Treated
2012,9,6,Orland-1-Untreated,0,0,0,0,67.96,64.43,2.31,72.06,SV,Glenn County Fairgrounds-Untreated
2012,9,6,Orland-5-Untreated,0,0,0,0,67.96,64.43,2.31,72.06,SV,North East Orland-Untreated
2012,9,6,Corning-5-Treated,0,0,0,0,70.74,49.57,4.16,70.1,SV,Northbound I-5 Rest Area-Treated
2012,9,6,Orland-6-Untreated,0,0,0,0,67.96,64.43,2.31,72.06,SV,Road 200 and Road C-Untreated
2012,9,6,Corning-7-Untreated,0,0,0,0,70.74,49.57,4.16,70.1,SV,Sac. River - Garneir and Ferry Rd.-Untreated
2012,9,6,Orland-12-Untreated,0,1,1,0,67.96,64.43,2.31,72.06,SV,South East Orland-Untreated
2012,9,6,Corning-8-Treated,0,0,0,0,70.74,49.57,4.16,70.1,SV,Viola and Orchard Ave.-Treated
2012,9,13,Corning-1-Treated,0,0,0,0,72.74,45.43,3.56,70.16,SV,Barham and Samson-Treated
2012,9,13,Corning-2-Treated,0,0,0,0,72.74,45.43,3.56,70.16,SV,Dora and Marguerite-Treated
2012,9,13,Corning-4-Treated,0,0,0,0,72.74,45.43,3.56,70.16,SV,Fig Lane and Houghton-Treated
2012,9,13,Orland-1-Untreated,0,0,0,0,69.43,64.57,2.09,71.57,SV,Glenn County Fairgrounds-Untreated
2012,9,13,Orland-5-Untreated,0,0,0,0,69.43,64.57,2.09,71.57,SV,North East Orland-Untreated
2012,9,13,Corning-5-Treated,0,0,0,0,72.74,45.43,3.56,70.16,SV,Northbound I-5 Rest Area-Treated
2012,9,13,Orland-6-Untreated,0,0,0,0,69.43,64.57,2.09,71.57,SV,Road 200 and Road C-Untreated
2012,9,13,Corning-7-Untreated,0,0,0,0,72.74,45.43,3.56,70.16,SV,Sac. River - Garneir and Ferry Rd.-Untreated
2012,9,13,Orland-12-Untreated,0,0,0,0,69.43,64.57,2.09,71.57,SV,South East Orland-Untreated
2012,9,13,Corning-8-Treated,0,0,0,0,72.74,45.43,3.56,70.16,SV,Viola and Orchard Ave.-Treated
2012,9,22,Corning-1-Treated,0,0,0,0,71.19,48,3.56,68.9,SV,Barham and Samson-Treated
2012,9,22,Corning-2-Treated,0,0,0,0,71.19,48,3.56,68.9,SV,Dora and Marguerite-Treated
2012,9,22,Corning-4-Treated,0,0,0,0,71.19,48,3.56,68.9,SV,Fig Lane and Houghton-Treated
2012,9,22,Orland-1-Untreated,0,0,0,0,67.96,65.43,2,69.4,SV,Glenn County Fairgrounds-Untreated
2012,9,22,Orland-5-Untreated,0,0,0,0,67.96,65.43,2,69.4,SV,North East Orland-Untreated
2012,9,22,Corning-5-Treated,0,0,0,0,71.19,48,3.56,68.9,SV,Northbound I-5 Rest Area-Treated
2012,9,22,Orland-6-Untreated,0,0,0,0,67.96,65.43,2,69.4,SV,Road 200 and Road C-Untreated
2012,9,22,Corning-7-Untreated,0,0,0,0,71.19,48,3.56,68.9,SV,Sac. River - Garneir and Ferry Rd.-Untreated
2012,9,22,Orland-12-Untreated,0,0,0,0,67.96,65.43,2,69.4,SV,South East Orland-Untreated
2012,9,22,Corning-8-Treated,0,0,0,0,71.19,48,3.56,68.9,SV,Viola and Orchard Ave.-Treated
2012,9,27,Corning-1-Treated,0,0,0,0,71.89,46.43,3.74,68.74,SV,Barham and Samson-Treated
2012,9,27,Corning-2-Treated,0,0,0,0,71.89,46.43,3.74,68.74,SV,Dora and Marguerite-Treated
2012,9,27,Corning-4-Treated,0,0,0,0,71.89,46.43,3.74,68.74,SV,Fig Lane and Houghton-Treated
2012,9,27,Orland-1-Untreated,0,0,0,0,68.54,64.86,2.03,70.43,SV,Glenn County Fairgrounds-Untreated
2012,9,27,Orland-5-Untreated,0,0,0,0,68.54,64.86,2.03,70.43,SV,North East Orland-Untreated
2012,9,27,Corning-5-Treated,0,0,0,0,71.89,46.43,3.74,68.74,SV,Northbound I-5 Rest Area-Treated
2012,9,27,Orland-6-Untreated,0,0,0,0,68.54,64.86,2.03,70.43,SV,Road 200 and Road C-Untreated
2012,9,27,Corning-7-Untreated,0,0,0,0,71.89,46.43,3.74,68.74,SV,Sac. River - Garneir and Ferry Rd.-Untreated
2012,9,27,Orland-12-Untreated,0,0,0,0,68.54,64.86,2.03,70.43,SV,South East Orland-Untreated
2012,9,27,Corning-8-Treated,0,0,0,0,71.89,46.43,3.74,68.74,SV,Viola and Orchard Ave.-Treated
2012,10,4,Corning-1-Treated,0,0,0,0,71.8,46.71,3.51,68.76,SV,Barham and Samson-Treated
2012,10,4,Corning-2-Treated,0,0,0,0,71.8,46.71,3.51,68.76,SV,Dora and Marguerite-Treated
2012,10,4,Corning-4-Treated,0,0,0,0,71.8,46.71,3.51,68.76,SV,Fig Lane and Houghton-Treated
2012,10,4,Orland-1-Untreated,0,0,0,0,69.4,63.57,2.13,70.67,SV,Glenn County Fairgrounds-Untreated
2012,10,4,Orland-5-Untreated,0,0,0,0,69.4,63.57,2.13,70.67,SV,North East Orland-Untreated
2012,10,4,Corning-5-Treated,0,0,0,0,71.8,46.71,3.51,68.76,SV,Northbound I-5 Rest Area-Treated
2012,10,4,Orland-6-Untreated,0,0,0,0,69.4,63.57,2.13,70.67,SV,Road 200 and Road C-Untreated
2012,10,4,Corning-7-Untreated,0,0,0,0,71.8,46.71,3.51,68.76,SV,Sac. River - Garneir and Ferry Rd.-Untreated
2012,10,4,Orland-12-Untreated,0,1,1,0,69.4,63.57,2.13,70.67,SV,South East Orland-Untreated
2012,10,4,Corning-8-Treated,0,0,0,0,71.8,46.71,3.51,68.76,SV,Viola and Orchard Ave.-Treated
2012,10,11,Corning-1-Treated,0,0,0,0,61.17,64.14,3.73,65.81,SV,Barham and Samson-Treated
2012,10,11,Corning-2-Treated,0,0,0,0,61.17,64.14,3.73,65.81,SV,Dora and Marguerite-Treated
2012,10,11,Corning-4-Treated,0,0,0,0,61.17,64.14,3.73,65.81,SV,Fig Lane and Houghton-Treated
2012,10,11,Orland-1-Untreated,0,0,0,0,60.53,72.57,2.51,66.1,SV,Glenn County Fairgrounds-Untreated
2012,10,11,Orland-5-Untreated,0,1,1,0,60.53,72.57,2.51,66.1,SV,North East Orland-Untreated
2012,10,11,Corning-5-Treated,0,0,0,0,61.17,64.14,3.73,65.81,SV,Northbound I-5 Rest Area-Treated
2012,10,11,Orland-6-Untreated,0,0,0,0,60.53,72.57,2.51,66.1,SV,Road 200 and Road C-Untreated
2012,10,11,Corning-7-Untreated,0,0,0,0,61.17,64.14,3.73,65.81,SV,Sac. River - Garneir and Ferry Rd.-Untreated
2012,10,11,Orland-12-Untreated,1,2,3,0,60.53,72.57,2.51,66.1,SV,South East Orland-Untreated
2012,10,11,Corning-8-Treated,0,0,0,0,61.17,64.14,3.73,65.81,SV,Viola and Orchard Ave.-Treated
2012,10,19,Corning-1-Treated,0,0,0,0,65.87,54.14,4.57,64.37,SV,Barham and Samson-Treated
2012,10,19,Corning-2-Treated,0,0,0,0,65.87,54.14,4.57,64.37,SV,Dora and Marguerite-Treated
2012,10,19,Corning-4-Treated,0,0,0,0,65.87,54.14,4.57,64.37,SV,Fig Lane and Houghton-Treated
2012,10,19,Orland-1-Untreated,0,0,0,0,65.69,63.71,2.69,64.86,SV,Glenn County Fairgrounds-Untreated
2012,10,19,Orland-5-Untreated,1,3,4,0,65.69,63.71,2.69,64.86,SV,North East Orland-Untreated
2012,10,19,Corning-5-Treated,0,0,0,0,65.87,54.14,4.57,64.37,SV,Northbound I-5 Rest Area-Treated
2012,10,19,Orland-6-Untreated,1,0,1,0,65.69,63.71,2.69,64.86,SV,Road 200 and Road C-Untreated
2012,10,19,Corning-7-Untreated,0,0,0,0,65.87,54.14,4.57,64.37,SV,Sac. River - Garneir and Ferry Rd.-Untreated
2012,10,19,Orland-12-Untreated,2,7,9,0,65.69,63.71,2.69,64.86,SV,South East Orland-Untreated
2012,10,19,Corning-8-Treated,0,1,1,0,65.87,54.14,4.57,64.37,SV,Viola and Orchard Ave.-Treated
2012,10,25,Corning-1-Treated,0,0,0,0.07,56.01,64.43,6.71,61.84,SV,Barham and Samson-Treated
2012,10,25,Corning-2-Treated,0,0,0,0.07,56.01,64.43,6.71,61.84,SV,Dora and Marguerite-Treated
2012,10,25,Corning-4-Treated,0,0,0,0.07,56.01,64.43,6.71,61.84,SV,Fig Lane and Houghton-Treated
2012,10,25,Orland-1-Untreated,0,0,0,0.03,56.53,76,3.74,62,SV,Glenn County Fairgrounds-Untreated
2012,10,25,Orland-5-Untreated,0,0,0,0.03,56.53,76,3.74,62,SV,North East Orland-Untreated
2012,10,25,Corning-5-Treated,0,0,0,0.07,56.01,64.43,6.71,61.84,SV,Northbound I-5 Rest Area-Treated
2012,10,25,Orland-6-Untreated,0,0,0,0.03,56.53,76,3.74,62,SV,Road 200 and Road C-Untreated
2012,10,25,Corning-7-Untreated,0,0,0,0.07,56.01,64.43,6.71,61.84,SV,Sac. River - Garneir and Ferry Rd.-Untreated
2012,10,25,Orland-12-Untreated,1,0,1,0.03,56.53,76,3.74,62,SV,South East Orland-Untreated
2012,10,25,Corning-8-Treated,0,0,0,0.07,56.01,64.43,6.71,61.84,SV,Viola and Orchard Ave.-Treated
2012,11,1,Corning-1-Treated,0,0,0,0.06,59.71,70.57,5.1,60.5,SV,Barham and Samson-Treated
2012,11,1,Corning-2-Treated,0,0,0,0.06,59.71,70.57,5.1,60.5,SV,Dora and Marguerite-Treated
2012,11,1,Corning-4-Treated,1,0,1,0.06,59.71,70.57,5.1,60.5,SV,Fig Lane and Houghton-Treated
2012,11,1,Orland-1-Untreated,0,0,0,0,58.41,80,2.49,59.57,SV,Glenn County Fairgrounds-Untreated
2012,11,1,Orland-5-Untreated,1,0,1,0,58.41,80,2.49,59.57,SV,North East Orland-Untreated
2012,11,1,Corning-5-Treated,0,1,1,0.06,59.71,70.57,5.1,60.5,SV,Northbound I-5 Rest Area-Treated
2012,11,1,Orland-6-Untreated,0,0,0,0,58.41,80,2.49,59.57,SV,Road 200 and Road C-Untreated
2012,11,1,Corning-7-Untreated,2,1,3,0.06,59.71,70.57,5.1,60.5,SV,Sac. River - Garneir and Ferry Rd.-Untreated
2012,11,1,Orland-12-Untreated,2,2,4,0,58.41,80,2.49,59.57,SV,South East Orland-Untreated
2012,11,1,Corning-8-Treated,0,0,0,0.06,59.71,70.57,5.1,60.5,SV,Viola and Orchard Ave.-Treated
2012,11,8,Corning-1-Treated,0,0,0,0.02,59.56,72.57,3.73,60.54,SV,Barham and Samson-Treated
2012,11,8,Corning-2-Treated,0,0,0,0.02,59.56,72.57,3.73,60.54,SV,Dora and Marguerite-Treated
2012,11,8,Corning-4-Treated,0,0,0,0.02,59.56,72.57,3.73,60.54,SV,Fig Lane and Houghton-Treated
2012,11,8,Orland-1-Untreated,0,0,0,0,56.91,82.86,2,58.67,SV,Glenn County Fairgrounds-Untreated
2012,11,8,Orland-5-Untreated,0,0,0,0,56.91,82.86,2,58.67,SV,North East Orland-Untreated
2012,11,8,Corning-5-Treated,0,0,0,0.02,59.56,72.57,3.73,60.54,SV,Northbound I-5 Rest Area-Treated
2012,11,8,Orland-6-Untreated,0,2,2,0,56.91,82.86,2,58.67,SV,Road 200 and Road C-Untreated
2012,11,8,Corning-7-Untreated,1,3,4,0.02,59.56,72.57,3.73,60.54,SV,Sac. River - Garneir and Ferry Rd.-Untreated
2012,11,8,Orland-12-Untreated,0,0,0,0,56.91,82.86,2,58.67,SV,South East Orland-Untreated
2012,11,8,Corning-8-Treated,0,0,0,0.02,59.56,72.57,3.73,60.54,SV,Viola and Orchard Ave.-Treated
2012,11,15,Corning-1-Treated,0,0,0,0,48.3,70.29,3.59,56.11,SV,Barham and Samson-Treated
2012,11,15,Corning-2-Treated,0,0,0,0,48.3,70.29,3.59,56.11,SV,Dora and Marguerite-Treated
2012,11,15,Corning-4-Treated,0,0,0,0,48.3,70.29,3.59,56.11,SV,Fig Lane and Houghton-Treated
2012,11,15,Orland-1-Untreated,0,0,0,0,47.21,77,1.89,53.37,SV,Glenn County Fairgrounds-Untreated
2012,11,15,Orland-5-Untreated,1,0,1,0,47.21,77,1.89,53.37,SV,North East Orland-Untreated
2012,11,15,Corning-5-Treated,0,0,0,0,48.3,70.29,3.59,56.11,SV,Northbound I-5 Rest Area-Treated
2012,11,15,Orland-6-Untreated,0,0,0,0,47.21,77,1.89,53.37,SV,Road 200 and Road C-Untreated
2012,11,15,Corning-7-Untreated,0,2,2,0,48.3,70.29,3.59,56.11,SV,Sac. River - Garneir and Ferry Rd.-Untreated
2012,11,15,Orland-12-Untreated,0,1,1,0,47.21,77,1.89,53.37,SV,South East Orland-Untreated
2012,11,15,Corning-8-Treated,0,0,0,0,48.3,70.29,3.59,56.11,SV,Viola and Orchard Ave.-Treated
2013,4,3,Corning-1-Treated,0,0,0,0.05,58.64,76.86,4.13,59.79,SV,Barham and Samson-Treated
2013,4,3,Corning-2-Treated,0,0,0,0.05,58.64,76.86,4.13,59.79,SV,Dora and Marguerite-Treated
2013,4,3,Corning-4-Treated,0,0,0,0.05,58.64,76.86,4.13,59.79,SV,Fig Lane and Houghton-Treated
2013,4,3,Orland-1-Untreated,1,2,3,0.09,59.13,65.29,2.96,58.19,SV,Glenn County Fairgrounds-Untreated
2013,4,3,Orland-3-Untreated,1,0,1,0.09,59.13,65.29,2.96,58.19,SV,Hwy 99W and Road 18 - Untreated
2013,4,3,Orland-4-Untreated,0,0,0,0.09,59.13,65.29,2.96,58.19,SV,NE of N and 12-Untreated
2013,4,3,Corning-5-Treated,0,0,0,0.05,58.64,76.86,4.13,59.79,SV,Northbound I-5 Rest Area-Treated
2013,4,3,Orland-7-Untreated,0,0,0,0.09,59.13,65.29,2.96,58.19,SV,Road 200 and Road E-Untreated
2013,4,3,Orland-9-Treated,0,1,1,0.09,59.13,65.29,2.96,58.19,SV,Road 24 and N-Treated
2013,4,3,Orland-11-Untreated,0,2,2,0.09,59.13,65.29,2.96,58.19,SV,SE of N and 16-Untreated
2013,4,3,Corning-6-Untreated,0,0,0,0.05,58.64,76.86,4.13,59.79,SV,Sac River and Kopta Road - Untreated
2013,4,3,Corning-8-Treated,0,0,0,0.05,58.64,76.86,4.13,59.79,SV,Viola and Orchard Ave.-Treated
2013,4,10,Corning-1-Treated,0,0,0,0.05,59.33,64.29,8.73,59.46,SV,Barham and Samson-Treated
2013,4,10,Corning-2-Treated,0,0,0,0.05,59.33,64.29,8.73,59.46,SV,Dora and Marguerite-Treated
2013,4,10,Corning-4-Treated,3,0,3,0.05,59.33,64.29,8.73,59.46,SV,Fig Lane and Houghton-Treated
2013,4,10,Orland-1-Untreated,1,0,1,0.08,59.94,59.71,6.01,59.04,SV,Glenn County Fairgrounds-Untreated
2013,4,10,Orland-3-Untreated,1,0,1,0.08,59.94,59.71,6.01,59.04,SV,Hwy 99W and Road 18 - Untreated
2013,4,10,Orland-4-Untreated,0,0,0,0.08,59.94,59.71,6.01,59.04,SV,NE of N and 12-Untreated
2013,4,10,Corning-5-Treated,0,0,0,0.05,59.33,64.29,8.73,59.46,SV,Northbound I-5 Rest Area-Treated
2013,4,10,Orland-7-Untreated,3,1,4,0.08,59.94,59.71,6.01,59.04,SV,Road 200 and Road E-Untreated
2013,4,10,Orland-9-Treated,0,0,0,0.08,59.94,59.71,6.01,59.04,SV,Road 24 and N-Treated
2013,4,10,Orland-11-Untreated,1,1,2,0.08,59.94,59.71,6.01,59.04,SV,SE of N and 16-Untreated
2013,4,10,Corning-6-Untreated,0,0,0,0.05,59.33,64.29,8.73,59.46,SV,Sac River and Kopta Road - Untreated
2013,4,10,Corning-8-Treated,0,0,0,0.05,59.33,64.29,8.73,59.46,SV,Viola and Orchard Ave.-Treated
2013,4,17,Corning-1-Treated,0,0,0,0,58.37,42.71,7.53,60.67,SV,Barham and Samson-Treated
2013,4,17,Corning-2-Treated,0,0,0,0,58.37,42.71,7.53,60.67,SV,Dora and Marguerite-Treated
2013,4,17,Corning-4-Treated,0,1,1,0,58.37,42.71,7.53,60.67,SV,Fig Lane and Houghton-Treated
2013,4,17,Orland-1-Untreated,2,0,2,0,58.76,43.71,5.71,58.67,SV,Glenn County Fairgrounds-Untreated
2013,4,17,Orland-3-Untreated,8,5,13,0,58.76,43.71,5.71,58.67,SV,Hwy 99W and Road 18 - Untreated
2013,4,17,Orland-4-Untreated,1,0,1,0,58.76,43.71,5.71,58.67,SV,NE of N and 12-Untreated
2013,4,17,Corning-5-Treated,2,0,2,0,58.37,42.71,7.53,60.67,SV,Northbound I-5 Rest Area-Treated
2013,4,17,Orland-7-Untreated,4,3,7,0,58.76,43.71,5.71,58.67,SV,Road 200 and Road E-Untreated
2013,4,17,Orland-9-Treated,1,0,1,0,58.76,43.71,5.71,58.67,SV,Road 24 and N-Treated
2013,4,17,Orland-11-Untreated,0,0,0,0,58.76,43.71,5.71,58.67,SV,SE of N and 16-Untreated
2013,4,17,Corning-6-Untreated,0,1,1,0,58.37,42.71,7.53,60.67,SV,Sac River and Kopta Road - Untreated
2013,4,17,Corning-8-Treated,0,0,0,0,58.37,42.71,7.53,60.67,SV,Viola and Orchard Ave.-Treated
2013,4,24,Corning-1-Treated,1,0,1,0,66.57,36.43,7.89,61.43,SV,Barham and Samson-Treated
2013,4,24,Corning-2-Treated,0,0,0,0,66.57,36.43,7.89,61.43,SV,Dora and Marguerite-Treated
2013,4,24,Corning-4-Treated,1,0,1,0,66.57,36.43,7.89,61.43,SV,Fig Lane and Houghton-Treated
2013,4,24,Orland-1-Untreated,0,0,0,0,63.44,47,4.37,58.84,SV,Glenn County Fairgrounds-Untreated
2013,4,24,Orland-3-Untreated,3,2,5,0,63.44,47,4.37,58.84,SV,Hwy 99W and Road 18 - Untreated
2013,4,24,Orland-4-Untreated,8,2,10,0,63.44,47,4.37,58.84,SV,NE of N and 12-Untreated
2013,4,24,Corning-5-Treated,2,0,2,0,66.57,36.43,7.89,61.43,SV,Northbound I-5 Rest Area-Treated
2013,4,24,Orland-7-Untreated,4,1,5,0,63.44,47,4.37,58.84,SV,Road 200 and Road E-Untreated
2013,4,24,Orland-9-Treated,2,0,2,0,63.44,47,4.37,58.84,SV,Road 24 and N-Treated
2013,4,24,Orland-11-Untreated,7,2,9,0,63.44,47,4.37,58.84,SV,SE of N and 16-Untreated
2013,4,24,Corning-6-Untreated,0,0,0,0,66.57,36.43,7.89,61.43,SV,Sac River and Kopta Road - Untreated
2013,4,24,Corning-8-Treated,0,0,0,0,66.57,36.43,7.89,61.43,SV,Viola and Orchard Ave.-Treated
2013,5,2,Corning-1-Treated,0,1,1,0,71.47,38,8.29,64.3,SV,Barham and Samson-Treated
2013,5,2,Corning-2-Treated,0,0,0,0,71.47,38,8.29,64.3,SV,Dora and Marguerite-Treated
2013,5,2,Corning-4-Treated,0,0,0,0,71.47,38,8.29,64.3,SV,Fig Lane and Houghton-Treated
2013,5,2,Orland-1-Untreated,2,2,4,0,67.51,46.14,4.83,62.57,SV,Glenn County Fairgrounds-Untreated
2013,5,2,Orland-3-Untreated,7,2,9,0,67.51,46.14,4.83,62.57,SV,Hwy 99W and Road 18 - Untreated
2013,5,2,Orland-4-Untreated,1,1,2,0,67.51,46.14,4.83,62.57,SV,NE of N and 12-Untreated
2013,5,2,Corning-5-Treated,3,1,4,0,71.47,38,8.29,64.3,SV,Northbound I-5 Rest Area-Treated
2013,5,2,Orland-7-Untreated,6,2,8,0,67.51,46.14,4.83,62.57,SV,Road 200 and Road E-Untreated
2013,5,2,Orland-9-Treated,1,0,1,0,67.51,46.14,4.83,62.57,SV,Road 24 and N-Treated
2013,5,2,Orland-11-Untreated,2,0,2,0,67.51,46.14,4.83,62.57,SV,SE of N and 16-Untreated
2013,5,2,Corning-6-Untreated,0,1,1,0,71.47,38,8.29,64.3,SV,Sac River and Kopta Road - Untreated
2013,5,2,Corning-8-Treated,0,0,0,0,71.47,38,8.29,64.3,SV,Viola and Orchard Ave.-Treated
2013,5,8,Corning-1-Treated,0,0,0,0,67.67,52.86,6,65.54,SV,Barham and Samson-Treated
2013,5,8,Corning-2-Treated,0,0,0,0,67.67,52.86,6,65.54,SV,Dora and Marguerite-Treated
2013,5,8,Corning-4-Treated,0,0,0,0,67.67,52.86,6,65.54,SV,Fig Lane and Houghton-Treated
2013,5,8,Orland-1-Untreated,5,2,7,0.03,65.64,54.29,3.27,65.34,SV,Glenn County Fairgrounds-Untreated
2013,5,8,Orland-3-Untreated,1,6,7,0.03,65.64,54.29,3.27,65.34,SV,Hwy 99W and Road 18 - Untreated
2013,5,8,Orland-4-Untreated,3,4,7,0.03,65.64,54.29,3.27,65.34,SV,NE of N and 12-Untreated
2013,5,8,Corning-5-Treated,2,0,2,0,67.67,52.86,6,65.54,SV,Northbound I-5 Rest Area-Treated
2013,5,8,Orland-7-Untreated,2,0,2,0.03,65.64,54.29,3.27,65.34,SV,Road 200 and Road E-Untreated
2013,5,8,Orland-9-Treated,0,2,2,0.03,65.64,54.29,3.27,65.34,SV,Road 24 and N-Treated
2013,5,8,Orland-11-Untreated,10,7,17,0.03,65.64,54.29,3.27,65.34,SV,SE of N and 16-Untreated
2013,5,8,Corning-6-Untreated,0,0,0,0,67.67,52.86,6,65.54,SV,Sac River and Kopta Road - Untreated
2013,5,8,Corning-8-Treated,0,2,2,0,67.67,52.86,6,65.54,SV,Viola and Orchard Ave.-Treated
2013,5,13,Corning-1-Treated,0,0,0,0,70.26,65.71,3.86,69.36,SV,Barham and Samson-Treated
2013,5,13,Corning-2-Treated,0,0,0,0,70.26,65.71,3.86,69.36,SV,Dora and Marguerite-Treated
2013,5,13,Corning-4-Treated,0,0,0,0,70.26,65.71,3.86,69.36,SV,Fig Lane and Houghton-Treated
2013,5,13,Orland-1-Untreated,0,1,1,0,68.71,64.43,2.3,71.64,SV,Glenn County Fairgrounds-Untreated
2013,5,13,Orland-3-Untreated,0,0,0,0,68.71,64.43,2.3,71.64,SV,Hwy 99W and Road 18 - Untreated
2013,5,13,Orland-4-Untreated,0,0,0,0,68.71,64.43,2.3,71.64,SV,NE of N and 12-Untreated
2013,5,13,Corning-5-Treated,1,0,1,0,70.26,65.71,3.86,69.36,SV,Northbound I-5 Rest Area-Treated
2013,5,13,Orland-7-Untreated,0,0,0,0,68.71,64.43,2.3,71.64,SV,Road 200 and Road E-Untreated
2013,5,13,Orland-9-Treated,0,0,0,0,68.71,64.43,2.3,71.64,SV,Road 24 and N-Treated
2013,5,13,Orland-11-Untreated,2,1,3,0,68.71,64.43,2.3,71.64,SV,SE of N and 16-Untreated
2013,5,13,Corning-6-Untreated,0,0,0,0,70.26,65.71,3.86,69.36,SV,Sac River and Kopta Road - Untreated
2013,5,13,Corning-8-Treated,0,0,0,0,70.26,65.71,3.86,69.36,SV,Viola and Orchard Ave.-Treated
2013,5,22,Corning-1-Treated,0,0,0,0.08,65.71,46.57,7.47,68.41,SV,Barham and Samson-Treated
2013,5,22,Corning-2-Treated,0,0,0,0.08,65.71,46.57,7.47,68.41,SV,Dora and Marguerite-Treated
2013,5,22,Corning-4-Treated,1,1,2,0.08,65.71,46.57,7.47,68.41,SV,Fig Lane and Houghton-Treated
2013,5,22,Orland-1-Untreated,4,3,7,0,65.46,49.57,4.89,72.26,SV,Glenn County Fairgrounds-Untreated
2013,5,22,Orland-3-Untreated,2,3,5,0,65.46,49.57,4.89,72.26,SV,Hwy 99W and Road 18 - Untreated
2013,5,22,Orland-4-Untreated,0,1,1,0,65.46,49.57,4.89,72.26,SV,NE of N and 12-Untreated
2013,5,22,Corning-5-Treated,20,12,32,0.08,65.71,46.57,7.47,68.41,SV,Northbound I-5 Rest Area-Treated
2013,5,22,Orland-7-Untreated,11,10,21,0,65.46,49.57,4.89,72.26,SV,Road 200 and Road E-Untreated
2013,5,22,Orland-9-Treated,1,0,1,0,65.46,49.57,4.89,72.26,SV,Road 24 and N-Treated
2013,5,22,Orland-11-Untreated,13,8,21,0,65.46,49.57,4.89,72.26,SV,SE of N and 16-Untreated
2013,5,22,Corning-6-Untreated,0,0,0,0.08,65.71,46.57,7.47,68.41,SV,Sac River and Kopta Road - Untreated
2013,5,22,Corning-8-Treated,1,0,1,0.08,65.71,46.57,7.47,68.41,SV,Viola and Orchard Ave.-Treated
2013,5,28,Corning-1-Treated,2,0,2,0.01,62.41,54.71,6.61,66.87,SV,Barham and Samson-Treated
2013,5,28,Corning-2-Treated,4,5,9,0.01,62.41,54.71,6.61,66.87,SV,Dora and Marguerite-Treated
2013,5,28,Corning-4-Treated,35,15,50,0.01,62.41,54.71,6.61,66.87,SV,Fig Lane and Houghton-Treated
2013,5,28,Orland-1-Untreated,1,1,2,0.01,61.37,58.43,3.91,69.43,SV,Glenn County Fairgrounds-Untreated
2013,5,28,Orland-3-Untreated,4,2,6,0.01,61.37,58.43,3.91,69.43,SV,Hwy 99W and Road 18 - Untreated
2013,5,28,Orland-4-Untreated,2,2,4,0.01,61.37,58.43,3.91,69.43,SV,NE of N and 12-Untreated
2013,5,28,Corning-5-Treated,17,3,20,0.01,62.41,54.71,6.61,66.87,SV,Northbound I-5 Rest Area-Treated
2013,5,28,Orland-7-Untreated,3,5,8,0.01,61.37,58.43,3.91,69.43,SV,Road 200 and Road E-Untreated
2013,5,28,Orland-9-Treated,0,0,0,0.01,61.37,58.43,3.91,69.43,SV,Road 24 and N-Treated
2013,5,28,Orland-11-Untreated,13,8,21,0.01,61.37,58.43,3.91,69.43,SV,SE of N and 16-Untreated
2013,5,28,Corning-6-Untreated,0,0,0,0.01,62.41,54.71,6.61,66.87,SV,Sac River and Kopta Road - Untreated
2013,5,28,Corning-8-Treated,5,5,10,0.01,62.41,54.71,6.61,66.87,SV,Viola and Orchard Ave.-Treated
2013,6,5,Corning-1-Treated,3,2,5,0,76.56,42.14,6.93,69.84,SV,Barham and Samson-Treated
2013,6,5,Corning-2-Treated,1,2,3,0,76.56,42.14,6.93,69.84,SV,Dora and Marguerite-Treated
2013,6,5,Corning-4-Treated,11,8,19,0,76.56,42.14,6.93,69.84,SV,Fig Lane and Houghton-Treated
2013,6,5,Orland-1-Untreated,5,2,7,0,72.41,55,3.37,73.24,SV,Glenn County Fairgrounds-Untreated
2013,6,5,Orland-3-Untreated,14,11,25,0,72.41,55,3.37,73.24,SV,Hwy 99W and Road 18 - Untreated
2013,6,5,Orland-4-Untreated,4,1,5,0,72.41,55,3.37,73.24,SV,NE of N and 12-Untreated
2013,6,5,Corning-5-Treated,14,8,22,0,76.56,42.14,6.93,69.84,SV,Northbound I-5 Rest Area-Treated
2013,6,5,Orland-7-Untreated,7,6,13,0,72.41,55,3.37,73.24,SV,Road 200 and Road E-Untreated
2013,6,5,Orland-9-Treated,0,0,0,0,72.41,55,3.37,73.24,SV,Road 24 and N-Treated
2013,6,5,Orland-11-Untreated,17,10,27,0,72.41,55,3.37,73.24,SV,SE of N and 16-Untreated
2013,6,5,Corning-6-Untreated,0,1,1,0,76.56,42.14,6.93,69.84,SV,Sac River and Kopta Road - Untreated
2013,6,5,Corning-8-Treated,2,1,3,0,76.56,42.14,6.93,69.84,SV,Viola and Orchard Ave.-Treated
2013,6,12,Corning-1-Treated,4,1,5,0,76.6,52.86,6.21,73.7,SV,Barham and Samson-Treated
2013,6,12,Corning-2-Treated,2,4,6,0,76.6,52.86,6.21,73.7,SV,Dora and Marguerite-Treated
2013,6,12,Corning-4-Treated,1,0,1,0,76.6,52.86,6.21,73.7,SV,Fig Lane and Houghton-Treated
2013,6,12,Orland-1-Untreated,0,2,2,0.03,73.4,55.57,3.16,74.03,SV,Glenn County Fairgrounds-Untreated
2013,6,12,Orland-3-Untreated,0,0,0,0.03,73.4,55.57,3.16,74.03,SV,Hwy 99W and Road 18 - Untreated
2013,6,12,Orland-4-Untreated,3,6,9,0.03,73.4,55.57,3.16,74.03,SV,NE of N and 12-Untreated
2013,6,12,Corning-5-Treated,5,3,8,0,76.6,52.86,6.21,73.7,SV,Northbound I-5 Rest Area-Treated
2013,6,12,Orland-7-Untreated,1,3,4,0.03,73.4,55.57,3.16,74.03,SV,Road 200 and Road E-Untreated
2013,6,12,Orland-9-Treated,0,0,0,0.03,73.4,55.57,3.16,74.03,SV,Road 24 and N-Treated
2013,6,12,Orland-11-Untreated,0,0,0,0.03,73.4,55.57,3.16,74.03,SV,SE of N and 16-Untreated
2013,6,12,Corning-6-Untreated,0,0,0,0,76.6,52.86,6.21,73.7,SV,Sac River and Kopta Road - Untreated
2013,6,12,Corning-8-Treated,1,0,1,0,76.6,52.86,6.21,73.7,SV,Viola and Orchard Ave.-Treated
2013,6,19,Corning-1-Treated,13,10,23,0,70.83,44.29,6.29,71.37,SV,Barham and Samson-Treated
2013,6,19,Corning-2-Treated,14,10,24,0,70.83,44.29,6.29,71.37,SV,Dora and Marguerite-Treated
2013,6,19,Corning-4-Treated,12,5,17,0,70.83,44.29,6.29,71.37,SV,Fig Lane and Houghton-Treated
2013,6,19,Orland-1-Untreated,2,3,5,0,69.1,54.71,3.67,70.86,SV,Glenn County Fairgrounds-Untreated
2013,6,19,Orland-3-Untreated,3,3,6,0,69.1,54.71,3.67,70.86,SV,Hwy 99W and Road 18 - Untreated
2013,6,19,Orland-4-Untreated,3,1,4,0,69.1,54.71,3.67,70.86,SV,NE of N and 12-Untreated
2013,6,19,Corning-5-Treated,25,18,43,0,70.83,44.29,6.29,71.37,SV,Northbound I-5 Rest Area-Treated
2013,6,19,Orland-7-Untreated,25,11,36,0,69.1,54.71,3.67,70.86,SV,Road 200 and Road E-Untreated
2013,6,19,Orland-9-Treated,0,0,0,0,69.1,54.71,3.67,70.86,SV,Road 24 and N-Treated
2013,6,19,Orland-11-Untreated,17,21,38,0,69.1,54.71,3.67,70.86,SV,SE of N and 16-Untreated
2013,6,19,Corning-6-Untreated,1,2,3,0,70.83,44.29,6.29,71.37,SV,Sac River and Kopta Road - Untreated
2013,6,19,Corning-8-Treated,0,0,0,0,70.83,44.29,6.29,71.37,SV,Viola and Orchard Ave.-Treated
2013,6,26,Corning-1-Treated,2,3,5,0.07,70.67,58.57,9.2,70.56,SV,Barham and Samson-Treated
2013,6,26,Corning-2-Treated,9,10,19,0.07,70.67,58.57,9.2,70.56,SV,Dora and Marguerite-Treated
2013,6,26,Corning-4-Treated,8,4,12,0.07,70.67,58.57,9.2,70.56,SV,Fig Lane and Houghton-Treated
2013,6,26,Orland-1-Untreated,1,2,3,0.05,68.46,56.14,4.31,68.6,SV,Glenn County Fairgrounds-Untreated
2013,6,26,Orland-3-Untreated,2,2,4,0.05,68.46,56.14,4.31,68.6,SV,Hwy 99W and Road 18 - Untreated
2013,6,26,Orland-4-Untreated,0,4,4,0.05,68.46,56.14,4.31,68.6,SV,NE of N and 12-Untreated
2013,6,26,Corning-5-Treated,20,17,37,0.07,70.67,58.57,9.2,70.56,SV,Northbound I-5 Rest Area-Treated
2013,6,26,Orland-7-Untreated,28,20,48,0.05,68.46,56.14,4.31,68.6,SV,Road 200 and Road E-Untreated
2013,6,26,Orland-9-Treated,0,0,0,0.05,68.46,56.14,4.31,68.6,SV,Road 24 and N-Treated
2013,6,26,Orland-11-Untreated,7,10,17,0.05,68.46,56.14,4.31,68.6,SV,SE of N and 16-Untreated
2013,6,26,Corning-6-Untreated,1,2,3,0.07,70.67,58.57,9.2,70.56,SV,Sac River and Kopta Road - Untreated
2013,6,26,Corning-8-Treated,0,0,0,0.07,70.67,58.57,9.2,70.56,SV,Viola and Orchard Ave.-Treated
2013,7,3,Corning-1-Treated,2,1,3,0,85.03,49.71,5.24,75.04,SV,Barham and Samson-Treated
2013,7,3,Corning-2-Treated,2,3,5,0,85.03,49.71,5.24,75.04,SV,Dora and Marguerite-Treated
2013,7,3,Corning-4-Treated,2,2,4,0,85.03,49.71,5.24,75.04,SV,Fig Lane and Houghton-Treated
2013,7,3,Orland-1-Untreated,0,0,0,0,82.7,50,2.36,79.16,SV,Glenn County Fairgrounds-Untreated
2013,7,3,Orland-3-Untreated,0,0,0,0,82.7,50,2.36,79.16,SV,Hwy 99W and Road 18 - Untreated
2013,7,3,Orland-4-Untreated,0,1,1,0,82.7,50,2.36,79.16,SV,NE of N and 12-Untreated
2013,7,3,Corning-5-Treated,3,0,3,0,85.03,49.71,5.24,75.04,SV,Northbound I-5 Rest Area-Treated
2013,7,3,Orland-7-Untreated,4,1,5,0,82.7,50,2.36,79.16,SV,Road 200 and Road E-Untreated
2013,7,3,Orland-9-Treated,0,0,0,0,82.7,50,2.36,79.16,SV,Road 24 and N-Treated
2013,7,3,Orland-11-Untreated,2,1,3,0,82.7,50,2.36,79.16,SV,SE of N and 16-Untreated
2013,7,3,Corning-6-Untreated,0,0,0,0,85.03,49.71,5.24,75.04,SV,Sac River and Kopta Road - Untreated
2013,7,3,Corning-8-Treated,0,0,0,0,85.03,49.71,5.24,75.04,SV,Viola and Orchard Ave.-Treated
2013,7,8,Corning-1-Treated,1,1,2,0,82.94,45.43,6.21,76.14,SV,Barham and Samson-Treated
2013,7,8,Corning-2-Treated,0,0,0,0,82.94,45.43,6.21,76.14,SV,Dora and Marguerite-Treated
2013,7,8,Corning-4-Treated,0,0,0,0,82.94,45.43,6.21,76.14,SV,Fig Lane and Houghton-Treated
2013,7,8,Orland-1-Untreated,0,0,0,0,78.64,56,2.8,83.33,SV,Glenn County Fairgrounds-Untreated
2013,7,8,Orland-3-Untreated,0,0,0,0,78.64,56,2.8,83.33,SV,Hwy 99W and Road 18 - Untreated
2013,7,8,Orland-4-Untreated,0,0,0,0,78.64,56,2.8,83.33,SV,NE of N and 12-Untreated
2013,7,8,Corning-5-Treated,3,0,3,0,82.94,45.43,6.21,76.14,SV,Northbound I-5 Rest Area-Treated
2013,7,8,Orland-7-Untreated,0,0,0,0,78.64,56,2.8,83.33,SV,Road 200 and Road E-Untreated
2013,7,8,Orland-9-Treated,0,0,0,0,78.64,56,2.8,83.33,SV,Road 24 and N-Treated
2013,7,8,Orland-11-Untreated,0,0,0,0,78.64,56,2.8,83.33,SV,SE of N and 16-Untreated
2013,7,8,Corning-6-Untreated,0,0,0,0,82.94,45.43,6.21,76.14,SV,Sac River and Kopta Road - Untreated
2013,7,8,Corning-8-Treated,0,0,0,0,82.94,45.43,6.21,76.14,SV,Viola and Orchard Ave.-Treated
2013,7,17,Corning-1-Treated,0,2,2,0,74.6,48.29,4.81,73.73,SV,Barham and Samson-Treated
2013,7,17,Corning-2-Treated,0,0,0,0,74.6,48.29,4.81,73.73,SV,Dora and Marguerite-Treated
2013,7,17,Corning-4-Treated,0,0,0,0,74.6,48.29,4.81,73.73,SV,Fig Lane and Houghton-Treated
2013,7,17,Orland-1-Untreated,0,0,0,0,71.76,52.86,2.79,78.7,SV,Glenn County Fairgrounds-Untreated
2013,7,17,Orland-3-Untreated,0,0,0,0,71.76,52.86,2.79,78.7,SV,Hwy 99W and Road 18 - Untreated
2013,7,17,Orland-4-Untreated,0,0,0,0,71.76,52.86,2.79,78.7,SV,NE of N and 12-Untreated
2013,7,17,Corning-5-Treated,2,2,4,0,74.6,48.29,4.81,73.73,SV,Northbound I-5 Rest Area-Treated
2013,7,17,Orland-7-Untreated,0,0,0,0,71.76,52.86,2.79,78.7,SV,Road 200 and Road E-Untreated
2013,7,17,Orland-9-Treated,0,0,0,0,71.76,52.86,2.79,78.7,SV,Road 24 and N-Treated
2013,7,17,Orland-11-Untreated,0,0,0,0,71.76,52.86,2.79,78.7,SV,SE of N and 16-Untreated
2013,7,17,Corning-6-Untreated,0,0,0,0,74.6,48.29,4.81,73.73,SV,Sac River and Kopta Road - Untreated
2013,7,17,Corning-8-Treated,0,0,0,0,74.6,48.29,4.81,73.73,SV,Viola and Orchard Ave.-Treated
2013,7,24,Corning-1-Treated,0,0,0,0,80.54,49.86,4.6,74.44,SV,Barham and Samson-Treated
2013,7,24,Corning-2-Treated,0,0,0,0,80.54,49.86,4.6,74.44,SV,Dora and Marguerite-Treated
2013,7,24,Corning-4-Treated,0,0,0,0,80.54,49.86,4.6,74.44,SV,Fig Lane and Houghton-Treated
2013,7,24,Orland-1-Untreated,0,0,0,0,77.04,62.86,2.66,78.69,SV,Glenn County Fairgrounds-Untreated
2013,7,24,Orland-3-Untreated,0,0,0,0,77.04,62.86,2.66,78.69,SV,Hwy 99W and Road 18 - Untreated
2013,7,24,Orland-4-Untreated,0,0,0,0,77.04,62.86,2.66,78.69,SV,NE of N and 12-Untreated
2013,7,24,Corning-5-Treated,0,0,0,0,80.54,49.86,4.6,74.44,SV,Northbound I-5 Rest Area-Treated
2013,7,24,Orland-7-Untreated,0,0,0,0,77.04,62.86,2.66,78.69,SV,Road 200 and Road E-Untreated
2013,7,24,Orland-9-Treated,0,0,0,0,77.04,62.86,2.66,78.69,SV,Road 24 and N-Treated
2013,7,24,Orland-11-Untreated,0,0,0,0,77.04,62.86,2.66,78.69,SV,SE of N and 16-Untreated
2013,7,24,Corning-6-Untreated,0,0,0,0,80.54,49.86,4.6,74.44,SV,Sac River and Kopta Road - Untreated
2013,7,24,Corning-8-Treated,0,0,0,0,80.54,49.86,4.6,74.44,SV,Viola and Orchard Ave.-Treated
2013,7,31,Corning-1-Treated,0,0,0,0,77.96,56,5.1,76.44,SV,Barham and Samson-Treated
2013,7,31,Corning-2-Treated,0,0,0,0,77.96,56,5.1,76.44,SV,Dora and Marguerite-Treated
2013,7,31,Corning-4-Treated,0,0,0,0,77.96,56,5.1,76.44,SV,Fig Lane and Houghton-Treated
2013,7,31,Orland-1-Untreated,0,0,0,0,74.01,67.86,3.03,77.73,SV,Glenn County Fairgrounds-Untreated
2013,7,31,Orland-3-Untreated,0,0,0,0,74.01,67.86,3.03,77.73,SV,Hwy 99W and Road 18 - Untreated
2013,7,31,Orland-4-Untreated,0,0,0,0,74.01,67.86,3.03,77.73,SV,NE of N and 12-Untreated
2013,7,31,Corning-5-Treated,0,0,0,0,77.96,56,5.1,76.44,SV,Northbound I-5 Rest Area-Treated
2013,7,31,Orland-7-Untreated,0,0,0,0,74.01,67.86,3.03,77.73,SV,Road 200 and Road E-Untreated
2013,7,31,Orland-9-Treated,0,0,0,0,74.01,67.86,3.03,77.73,SV,Road 24 and N-Treated
2013,7,31,Orland-11-Untreated,0,0,0,0,74.01,67.86,3.03,77.73,SV,SE of N and 16-Untreated
2013,7,31,Corning-6-Untreated,0,0,0,0,77.96,56,5.1,76.44,SV,Sac River and Kopta Road - Untreated
2013,7,31,Corning-8-Treated,0,0,0,0,77.96,56,5.1,76.44,SV,Viola and Orchard Ave.-Treated
2013,8,7,Corning-1-Treated,0,0,0,0,72.8,52.71,4.6,74.26,SV,Barham and Samson-Treated
2013,8,7,Corning-2-Treated,0,0,0,0,72.8,52.71,4.6,74.26,SV,Dora and Marguerite-Treated
2013,8,7,Corning-4-Treated,0,0,0,0,72.8,52.71,4.6,74.26,SV,Fig Lane and Houghton-Treated
2013,8,7,Orland-1-Untreated,0,0,0,0,69.24,72.71,2.69,73.04,SV,Glenn County Fairgrounds-Untreated
2013,8,7,Orland-3-Untreated,0,0,0,0,69.24,72.71,2.69,73.04,SV,Hwy 99W and Road 18 - Untreated
2013,8,7,Orland-4-Untreated,0,0,0,0,69.24,72.71,2.69,73.04,SV,NE of N and 12-Untreated
2013,8,7,Corning-5-Treated,0,0,0,0,72.8,52.71,4.6,74.26,SV,Northbound I-5 Rest Area-Treated
2013,8,7,Orland-7-Untreated,0,0,0,0,69.24,72.71,2.69,73.04,SV,Road 200 and Road E-Untreated
2013,8,7,Orland-9-Treated,0,0,0,0,69.24,72.71,2.69,73.04,SV,Road 24 and N-Treated
2013,8,7,Orland-11-Untreated,0,0,0,0,69.24,72.71,2.69,73.04,SV,SE of N and 16-Untreated
2013,8,7,Corning-6-Untreated,0,0,0,0,72.8,52.71,4.6,74.26,SV,Sac River and Kopta Road - Untreated
2013,8,7,Corning-8-Treated,0,0,0,0,72.8,52.71,4.6,74.26,SV,Viola and Orchard Ave.-Treated
2013,8,13,Corning-1-Treated,0,0,0,0,71.97,57.43,4.37,73.2,SV,Barham and Samson-Treated
2013,8,13,Corning-2-Treated,0,0,0,0,71.97,57.43,4.37,73.2,SV,Dora and Marguerite-Treated
2013,8,13,Corning-4-Treated,0,0,0,0,71.97,57.43,4.37,73.2,SV,Fig Lane and Houghton-Treated
2013,8,13,Orland-1-Untreated,1,0,1,0,69.24,69.86,2.61,71.21,SV,Glenn County Fairgrounds-Untreated
2013,8,13,Orland-3-Untreated,0,0,0,0,69.24,69.86,2.61,71.21,SV,Hwy 99W and Road 18 - Untreated
2013,8,13,Orland-4-Untreated,0,0,0,0,69.24,69.86,2.61,71.21,SV,NE of N and 12-Untreated
2013,8,13,Corning-5-Treated,0,0,0,0,71.97,57.43,4.37,73.2,SV,Northbound I-5 Rest Area-Treated
2013,8,13,Orland-7-Untreated,0,0,0,0,69.24,69.86,2.61,71.21,SV,Road 200 and Road E-Untreated
2013,8,13,Orland-9-Treated,0,0,0,0,69.24,69.86,2.61,71.21,SV,Road 24 and N-Treated
2013,8,13,Orland-11-Untreated,1,0,1,0,69.24,69.86,2.61,71.21,SV,SE of N and 16-Untreated
2013,8,13,Corning-6-Untreated,0,0,0,0,71.97,57.43,4.37,73.2,SV,Sac River and Kopta Road - Untreated
2013,8,13,Corning-8-Treated,0,0,0,0,71.97,57.43,4.37,73.2,SV,Viola and Orchard Ave.-Treated
2013,8,21,Corning-1-Treated,0,0,0,0,80.39,51.57,4.67,75.14,SV,Barham and Samson-Treated
2013,8,21,Corning-2-Treated,0,0,0,0,80.39,51.57,4.67,75.14,SV,Dora and Marguerite-Treated
2013,8,21,Corning-4-Treated,0,0,0,0,80.39,51.57,4.67,75.14,SV,Fig Lane and Houghton-Treated
2013,8,21,Orland-1-Untreated,1,0,1,0,76.24,57.5,2.39,76.13,SV,Glenn County Fairgrounds-Untreated
2013,8,21,Orland-3-Untreated,1,5,6,0,76.24,57.5,2.39,76.13,SV,Hwy 99W and Road 18 - Untreated
2013,8,21,Orland-4-Untreated,0,0,0,0,76.24,57.5,2.39,76.13,SV,NE of N and 12-Untreated
2013,8,21,Corning-5-Treated,0,0,0,0,80.39,51.57,4.67,75.14,SV,Northbound I-5 Rest Area-Treated
2013,8,21,Orland-7-Untreated,0,0,0,0,76.24,57.5,2.39,76.13,SV,Road 200 and Road E-Untreated
2013,8,21,Orland-9-Treated,0,0,0,0,76.24,57.5,2.39,76.13,SV,Road 24 and N-Treated
2013,8,21,Orland-11-Untreated,1,1,2,0,76.24,57.5,2.39,76.13,SV,SE of N and 16-Untreated
2013,8,21,Corning-6-Untreated,0,0,0,0,80.39,51.57,4.67,75.14,SV,Sac River and Kopta Road - Untreated
2013,8,21,Corning-8-Treated,0,0,0,0,80.39,51.57,4.67,75.14,SV,Viola and Orchard Ave.-Treated
2013,8,27,Corning-1-Treated,0,0,0,0,73.69,55.71,5.47,73.84,SV,Barham and Samson-Treated
2013,8,27,Corning-2-Treated,0,1,1,0,73.69,55.71,5.47,73.84,SV,Dora and Marguerite-Treated
2013,8,27,Corning-4-Treated,0,0,0,0,73.69,55.71,5.47,73.84,SV,Fig Lane and Houghton-Treated
2013,8,27,Orland-1-Untreated,0,2,2,0,71.47,76.57,3.13,75.27,SV,Glenn County Fairgrounds-Untreated
2013,8,27,Orland-3-Untreated,3,2,5,0,71.47,76.57,3.13,75.27,SV,Hwy 99W and Road 18 - Untreated
2013,8,27,Orland-4-Untreated,0,0,0,0,71.47,76.57,3.13,75.27,SV,NE of N and 12-Untreated
2013,8,27,Corning-5-Treated,0,0,0,0,73.69,55.71,5.47,73.84,SV,Northbound I-5 Rest Area-Treated
2013,8,27,Orland-7-Untreated,0,0,0,0,71.47,76.57,3.13,75.27,SV,Road 200 and Road E-Untreated
2013,8,27,Orland-9-Treated,1,1,2,0,71.47,76.57,3.13,75.27,SV,Road 24 and N-Treated
2013,8,27,Orland-11-Untreated,4,1,5,0,71.47,76.57,3.13,75.27,SV,SE of N and 16-Untreated
2013,8,27,Corning-6-Untreated,0,0,0,0,73.69,55.71,5.47,73.84,SV,Sac River and Kopta Road - Untreated
2013,8,27,Corning-8-Treated,0,0,0,0,73.69,55.71,5.47,73.84,SV,Viola and Orchard Ave.-Treated
2013,9,4,Corning-1-Treated,0,0,0,0,73.91,52.29,5.26,72.31,SV,Barham and Samson-Treated
2013,9,4,Corning-2-Treated,0,0,0,0,73.91,52.29,5.26,72.31,SV,Dora and Marguerite-Treated
2013,9,4,Corning-4-Treated,0,2,2,0,73.91,52.29,5.26,72.31,SV,Fig Lane and Houghton-Treated
2013,9,4,Orland-1-Untreated,0,1,1,0,72.54,75.57,2.93,73.71,SV,Glenn County Fairgrounds-Untreated
2013,9,4,Orland-3-Untreated,2,5,7,0,72.54,75.57,2.93,73.71,SV,Hwy 99W and Road 18 - Untreated
2013,9,4,Orland-4-Untreated,0,0,0,0,72.54,75.57,2.93,73.71,SV,NE of N and 12-Untreated
2013,9,4,Corning-5-Treated,0,0,0,0,73.91,52.29,5.26,72.31,SV,Northbound I-5 Rest Area-Treated
2013,9,4,Orland-7-Untreated,0,0,0,0,72.54,75.57,2.93,73.71,SV,Road 200 and Road E-Untreated
2013,9,4,Orland-9-Treated,0,1,1,0,72.54,75.57,2.93,73.71,SV,Road 24 and N-Treated
2013,9,4,Orland-11-Untreated,6,3,9,0,72.54,75.57,2.93,73.71,SV,SE of N and 16-Untreated
2013,9,4,Corning-6-Untreated,0,0,0,0,73.91,52.29,5.26,72.31,SV,Sac River and Kopta Road - Untreated
2013,9,4,Corning-8-Treated,0,0,0,0,73.91,52.29,5.26,72.31,SV,Viola and Orchard Ave.-Treated
2013,9,11,Corning-1-Treated,0,0,0,0,75.74,44.43,5.2,71.26,SV,Barham and Samson-Treated
2013,9,11,Corning-2-Treated,0,0,0,0,75.74,44.43,5.2,71.26,SV,Dora and Marguerite-Treated
2013,9,11,Corning-4-Treated,0,1,1,0,75.74,44.43,5.2,71.26,SV,Fig Lane and Houghton-Treated
2013,9,11,Orland-1-Untreated,0,0,0,0,71.81,69.57,2.61,71.07,SV,Glenn County Fairgrounds-Untreated
2013,9,11,Orland-3-Untreated,6,2,8,0,71.81,69.57,2.61,71.07,SV,Hwy 99W and Road 18 - Untreated
2013,9,11,Orland-4-Untreated,0,0,0,0,71.81,69.57,2.61,71.07,SV,NE of N and 12-Untreated
2013,9,11,Corning-5-Treated,0,0,0,0,75.74,44.43,5.2,71.26,SV,Northbound I-5 Rest Area-Treated
2013,9,11,Orland-7-Untreated,0,0,0,0,71.81,69.57,2.61,71.07,SV,Road 200 and Road E-Untreated
2013,9,11,Orland-9-Treated,0,0,0,0,71.81,69.57,2.61,71.07,SV,Road 24 and N-Treated
2013,9,11,Orland-11-Untreated,2,2,4,0,71.81,69.57,2.61,71.07,SV,SE of N and 16-Untreated
2013,9,11,Corning-6-Untreated,0,0,0,0,75.74,44.43,5.2,71.26,SV,Sac River and Kopta Road - Untreated
2013,9,11,Corning-8-Treated,0,0,0,0,75.74,44.43,5.2,71.26,SV,Viola and Orchard Ave.-Treated
2013,9,18,Corning-1-Treated,0,0,0,0,71.54,56.14,5.06,70.97,SV,Barham and Samson-Treated
2013,9,18,Corning-2-Treated,0,0,0,0,71.54,56.14,5.06,70.97,SV,Dora and Marguerite-Treated
2013,9,18,Corning-4-Treated,0,0,0,0,71.54,56.14,5.06,70.97,SV,Fig Lane and Houghton-Treated
2013,9,18,Orland-1-Untreated,0,0,0,0,70.01,72,3.11,70.66,SV,Glenn County Fairgrounds-Untreated
2013,9,18,Orland-3-Untreated,2,1,3,0,70.01,72,3.11,70.66,SV,Hwy 99W and Road 18 - Untreated
2013,9,18,Orland-4-Untreated,0,0,0,0,70.01,72,3.11,70.66,SV,NE of N and 12-Untreated
2013,9,18,Corning-5-Treated,0,0,0,0,71.54,56.14,5.06,70.97,SV,Northbound I-5 Rest Area-Treated
2013,9,18,Orland-7-Untreated,0,0,0,0,70.01,72,3.11,70.66,SV,Road 200 and Road E-Untreated
2013,9,18,Orland-9-Treated,0,0,0,0,70.01,72,3.11,70.66,SV,Road 24 and N-Treated
2013,9,18,Orland-11-Untreated,8,2,10,0,70.01,72,3.11,70.66,SV,SE of N and 16-Untreated
2013,9,18,Corning-6-Untreated,0,0,0,0,71.54,56.14,5.06,70.97,SV,Sac River and Kopta Road - Untreated
2013,9,18,Corning-8-Treated,0,0,0,0,71.54,56.14,5.06,70.97,SV,Viola and Orchard Ave.-Treated
2013,9,25,Corning-1-Treated,0,0,0,0.07,64.56,62.29,6.11,67.71,SV,Barham and Samson-Treated
2013,9,25,Corning-2-Treated,0,0,0,0.07,64.56,62.29,6.11,67.71,SV,Dora and Marguerite-Treated
2013,9,25,Corning-4-Treated,1,1,2,0.07,64.56,62.29,6.11,67.71,SV,Fig Lane and Houghton-Treated
2013,9,25,Orland-1-Untreated,0,2,2,0.14,63.81,74.14,3.34,66.29,SV,Glenn County Fairgrounds-Untreated
2013,9,25,Orland-3-Untreated,17,16,33,0.14,63.81,74.14,3.34,66.29,SV,Hwy 99W and Road 18 - Untreated
2013,9,25,Orland-4-Untreated,4,0,4,0.14,63.81,74.14,3.34,66.29,SV,NE of N and 12-Untreated
2013,9,25,Corning-5-Treated,0,0,0,0.07,64.56,62.29,6.11,67.71,SV,Northbound I-5 Rest Area-Treated
2013,9,25,Orland-7-Untreated,0,0,0,0.14,63.81,74.14,3.34,66.29,SV,Road 200 and Road E-Untreated
2013,9,25,Orland-9-Treated,0,0,0,0.14,63.81,74.14,3.34,66.29,SV,Road 24 and N-Treated
2013,9,25,Orland-11-Untreated,7,5,12,0.14,63.81,74.14,3.34,66.29,SV,SE of N and 16-Untreated
2013,9,25,Corning-6-Untreated,0,0,0,0.07,64.56,62.29,6.11,67.71,SV,Sac River and Kopta Road - Untreated
2013,9,25,Corning-8-Treated,0,1,1,0.07,64.56,62.29,6.11,67.71,SV,Viola and Orchard Ave.-Treated
2013,10,2,Corning-1-Treated,0,1,1,0,64.39,51.71,8.99,64.47,SV,Barham and Samson-Treated
2013,10,2,Corning-2-Treated,2,0,2,0,64.39,51.71,8.99,64.47,SV,Dora and Marguerite-Treated
2013,10,2,Corning-4-Treated,2,3,5,0,64.39,51.71,8.99,64.47,SV,Fig Lane and Houghton-Treated
2013,10,2,Orland-1-Untreated,1,4,5,0,64.43,63.71,4.04,63.91,SV,Glenn County Fairgrounds-Untreated
2013,10,2,Orland-3-Untreated,53,49,102,0,64.43,63.71,4.04,63.91,SV,Hwy 99W and Road 18 - Untreated
2013,10,2,Orland-4-Untreated,13,7,20,0,64.43,63.71,4.04,63.91,SV,NE of N and 12-Untreated
2013,10,2,Corning-5-Treated,2,0,2,0,64.39,51.71,8.99,64.47,SV,Northbound I-5 Rest Area-Treated
2013,10,2,Orland-7-Untreated,0,0,0,0,64.43,63.71,4.04,63.91,SV,Road 200 and Road E-Untreated
2013,10,2,Orland-9-Treated,1,1,2,0,64.43,63.71,4.04,63.91,SV,Road 24 and N-Treated
2013,10,2,Orland-11-Untreated,21,30,51,0,64.43,63.71,4.04,63.91,SV,SE of N and 16-Untreated
2013,10,2,Corning-6-Untreated,4,3,7,0,64.39,51.71,8.99,64.47,SV,Sac River and Kopta Road - Untreated
2013,10,2,Corning-8-Treated,0,0,0,0,64.39,51.71,8.99,64.47,SV,Viola and Orchard Ave.-Treated
2013,10,8,Corning-1-Treated,1,0,1,0,63.39,36.57,8.49,62.8,SV,Barham and Samson-Treated
2013,10,8,Corning-2-Treated,1,0,1,0,63.39,36.57,8.49,62.8,SV,Dora and Marguerite-Treated
2013,10,8,Corning-4-Treated,1,4,5,0,63.39,36.57,8.49,62.8,SV,Fig Lane and Houghton-Treated
2013,10,8,Orland-1-Untreated,5,2,7,0,61.51,50.71,4.14,61.46,SV,Glenn County Fairgrounds-Untreated
2013,10,8,Orland-3-Untreated,102,47,149,0,61.51,50.71,4.14,61.46,SV,Hwy 99W and Road 18 - Untreated
2013,10,8,Orland-4-Untreated,6,4,10,0,61.51,50.71,4.14,61.46,SV,NE of N and 12-Untreated
2013,10,8,Corning-5-Treated,1,0,1,0,63.39,36.57,8.49,62.8,SV,Northbound I-5 Rest Area-Treated
2013,10,8,Orland-7-Untreated,0,0,0,0,61.51,50.71,4.14,61.46,SV,Road 200 and Road E-Untreated
2013,10,8,Orland-9-Treated,1,2,3,0,61.51,50.71,4.14,61.46,SV,Road 24 and N-Treated
2013,10,8,Orland-11-Untreated,55,33,88,0,61.51,50.71,4.14,61.46,SV,SE of N and 16-Untreated
2013,10,8,Corning-6-Untreated,2,3,5,0,63.39,36.57,8.49,62.8,SV,Sac River and Kopta Road - Untreated
2013,10,8,Corning-8-Treated,2,1,3,0,63.39,36.57,8.49,62.8,SV,Viola and Orchard Ave.-Treated
2013,10,16,Corning-1-Treated,1,1,2,0,60.17,47.57,5.83,60.56,SV,Barham and Samson-Treated
2013,10,16,Corning-2-Treated,6,5,11,0,60.17,47.57,5.83,60.56,SV,Dora and Marguerite-Treated
2013,10,16,Corning-4-Treated,0,0,0,0,60.17,47.57,5.83,60.56,SV,Fig Lane and Houghton-Treated
2013,10,16,Orland-1-Untreated,7,4,11,0,59.2,57.86,3.19,58.9,SV,Glenn County Fairgrounds-Untreated
2013,10,16,Orland-3-Untreated,74,46,120,0,59.2,57.86,3.19,58.9,SV,Hwy 99W and Road 18 - Untreated
2013,10,16,Orland-4-Untreated,4,4,8,0,59.2,57.86,3.19,58.9,SV,NE of N and 12-Untreated
2013,10,16,Corning-5-Treated,0,0,0,0,60.17,47.57,5.83,60.56,SV,Northbound I-5 Rest Area-Treated
2013,10,16,Orland-7-Untreated,23,15,38,0,59.2,57.86,3.19,58.9,SV,Road 200 and Road E-Untreated
2013,10,16,Orland-9-Treated,2,0,2,0,59.2,57.86,3.19,58.9,SV,Road 24 and N-Treated
2013,10,16,Orland-11-Untreated,69,61,130,0,59.2,57.86,3.19,58.9,SV,SE of N and 16-Untreated
2013,10,16,Corning-6-Untreated,14,10,24,0,60.17,47.57,5.83,60.56,SV,Sac River and Kopta Road - Untreated
2013,10,16,Corning-8-Treated,7,5,12,0,60.17,47.57,5.83,60.56,SV,Viola and Orchard Ave.-Treated
2013,10,23,Corning-1-Treated,1,0,1,0,61.59,47.86,3.33,60.74,SV,Barham and Samson-Treated
2013,10,23,Corning-2-Treated,6,6,12,0,61.59,47.86,3.33,60.74,SV,Dora and Marguerite-Treated
2013,10,23,Corning-4-Treated,3,3,6,0,61.59,47.86,3.33,60.74,SV,Fig Lane and Houghton-Treated
2013,10,23,Orland-1-Untreated,5,2,7,0,59.97,60,1.86,57.26,SV,Glenn County Fairgrounds-Untreated
2013,10,23,Orland-3-Untreated,72,73,145,0,59.97,60,1.86,57.26,SV,Hwy 99W and Road 18 - Untreated
2013,10,23,Orland-4-Untreated,5,6,11,0,59.97,60,1.86,57.26,SV,NE of N and 12-Untreated
2013,10,23,Corning-5-Treated,4,5,9,0,61.59,47.86,3.33,60.74,SV,Northbound I-5 Rest Area-Treated
2013,10,23,Orland-7-Untreated,13,17,30,0,59.97,60,1.86,57.26,SV,Road 200 and Road E-Untreated
2013,10,23,Orland-9-Treated,0,0,0,0,59.97,60,1.86,57.26,SV,Road 24 and N-Treated
2013,10,23,Orland-11-Untreated,61,45,106,0,59.97,60,1.86,57.26,SV,SE of N and 16-Untreated
2013,10,23,Corning-6-Untreated,33,21,54,0,61.59,47.86,3.33,60.74,SV,Sac River and Kopta Road - Untreated
2013,10,23,Corning-8-Treated,0,1,1,0,61.59,47.86,3.33,60.74,SV,Viola and Orchard Ave.-Treated
2013,10,30,Corning-1-Treated,0,0,0,0,54.81,64,3.3,59.33,SV,Barham and Samson-Treated
2013,10,30,Corning-2-Treated,2,0,2,0,54.81,64,3.3,59.33,SV,Dora and Marguerite-Treated
2013,10,30,Corning-4-Treated,1,1,2,0,54.81,64,3.3,59.33,SV,Fig Lane and Houghton-Treated
2013,10,30,Orland-1-Untreated,2,2,4,0.08,53.7,78,2.16,57.6,SV,Glenn County Fairgrounds-Untreated
2013,10,30,Orland-3-Untreated,44,36,80,0.08,53.7,78,2.16,57.6,SV,Hwy 99W and Road 18 - Untreated
2013,10,30,Orland-4-Untreated,2,2,4,0.08,53.7,78,2.16,57.6,SV,NE of N and 12-Untreated
2013,10,30,Corning-5-Treated,2,0,2,0,54.81,64,3.3,59.33,SV,Northbound I-5 Rest Area-Treated
2013,10,30,Orland-7-Untreated,8,18,26,0.08,53.7,78,2.16,57.6,SV,Road 200 and Road E-Untreated
2013,10,30,Orland-9-Treated,0,0,0,0.08,53.7,78,2.16,57.6,SV,Road 24 and N-Treated
2013,10,30,Orland-11-Untreated,27,14,41,0.08,53.7,78,2.16,57.6,SV,SE of N and 16-Untreated
2013,10,30,Corning-6-Untreated,17,16,33,0,54.81,64,3.3,59.33,SV,Sac River and Kopta Road - Untreated
2013,10,30,Corning-8-Treated,2,2,4,0,54.81,64,3.3,59.33,SV,Viola and Orchard Ave.-Treated
2013,11,6,Corning-1-Treated,2,1,3,0,55.36,50.86,6.86,56.94,SV,Barham and Samson-Treated
2013,11,6,Corning-2-Treated,3,3,6,0,55.36,50.86,6.86,56.94,SV,Dora and Marguerite-Treated
2013,11,6,Corning-4-Treated,6,5,11,0,55.36,50.86,6.86,56.94,SV,Fig Lane and Houghton-Treated
2013,11,6,Orland-1-Untreated,21,16,37,0.06,54.89,58,4.31,55.06,SV,Glenn County Fairgrounds-Untreated
2013,11,6,Orland-3-Untreated,58,44,102,0.06,54.89,58,4.31,55.06,SV,Hwy 99W and Road 18 - Untreated
2013,11,6,Orland-4-Untreated,9,7,16,0.06,54.89,58,4.31,55.06,SV,NE of N and 12-Untreated
2013,11,6,Corning-5-Treated,9,3,12,0,55.36,50.86,6.86,56.94,SV,Northbound I-5 Rest Area-Treated
2013,11,6,Orland-7-Untreated,34,33,67,0.06,54.89,58,4.31,55.06,SV,Road 200 and Road E-Untreated
2013,11,6,Orland-9-Treated,1,0,1,0.06,54.89,58,4.31,55.06,SV,Road 24 and N-Treated
2013,11,6,Orland-11-Untreated,63,43,106,0.06,54.89,58,4.31,55.06,SV,SE of N and 16-Untreated
2013,11,6,Corning-6-Untreated,58,45,103,0,55.36,50.86,6.86,56.94,SV,Sac River and Kopta Road - Untreated
2013,11,6,Corning-8-Treated,20,10,30,0,55.36,50.86,6.86,56.94,SV,Viola and Orchard Ave.-Treated
2013,11,13,Corning-1-Treated,5,2,7,0,56.86,55.14,3.86,56.86,SV,Barham and Samson-Treated
2013,11,13,Corning-2-Treated,17,15,32,0,56.86,55.14,3.86,56.86,SV,Dora and Marguerite-Treated
2013,11,13,Corning-4-Treated,45,20,65,0,56.86,55.14,3.86,56.86,SV,Fig Lane and Houghton-Treated
2013,11,13,Orland-1-Untreated,61,27,88,0,54.07,69.14,1.96,54.66,SV,Glenn County Fairgrounds-Untreated
2013,11,13,Orland-3-Untreated,66,45,111,0,54.07,69.14,1.96,54.66,SV,Hwy 99W and Road 18 - Untreated
2013,11,13,Orland-4-Untreated,18,8,26,0,54.07,69.14,1.96,54.66,SV,NE of N and 12-Untreated
2013,11,13,Corning-5-Treated,10,10,20,0,56.86,55.14,3.86,56.86,SV,Northbound I-5 Rest Area-Treated
2013,11,13,Orland-7-Untreated,21,19,40,0,54.07,69.14,1.96,54.66,SV,Road 200 and Road E-Untreated
2013,11,13,Orland-9-Treated,2,3,5,0,54.07,69.14,1.96,54.66,SV,Road 24 and N-Treated
2013,11,13,Orland-11-Untreated,37,39,76,0,54.07,69.14,1.96,54.66,SV,SE of N and 16-Untreated
2013,11,13,Corning-6-Untreated,117,81,198,0,56.86,55.14,3.86,56.86,SV,Sac River and Kopta Road - Untreated
2013,11,13,Corning-8-Treated,61,32,93,0,56.86,55.14,3.86,56.86,SV,Viola and Orchard Ave.-Treated
2013,11,21,Corning-1-Treated,1,1,2,0.14,50.81,67.14,6.17,55.34,SV,Barham and Samson-Treated
2013,11,21,Corning-2-Treated,3,6,9,0.14,50.81,67.14,6.17,55.34,SV,Dora and Marguerite-Treated
2013,11,21,Corning-4-Treated,24,11,35,0.14,50.81,67.14,6.17,55.34,SV,Fig Lane and Houghton-Treated
2013,11,21,Orland-1-Untreated,56,32,88,0.15,51.77,74,3.73,52.89,SV,Glenn County Fairgrounds-Untreated
2013,11,21,Orland-3-Untreated,62,34,96,0.15,51.77,74,3.73,52.89,SV,Hwy 99W and Road 18 - Untreated
2013,11,21,Orland-4-Untreated,8,4,12,0.15,51.77,74,3.73,52.89,SV,NE of N and 12-Untreated
2013,11,21,Corning-5-Treated,4,2,6,0.14,50.81,67.14,6.17,55.34,SV,Northbound I-5 Rest Area-Treated
2013,11,21,Orland-7-Untreated,48,53,101,0.15,51.77,74,3.73,52.89,SV,Road 200 and Road E-Untreated
2013,11,21,Orland-9-Treated,0,0,0,0.15,51.77,74,3.73,52.89,SV,Road 24 and N-Treated
2013,11,21,Orland-11-Untreated,56,23,79,0.15,51.77,74,3.73,52.89,SV,SE of N and 16-Untreated
2013,11,21,Corning-6-Untreated,95,66,161,0.14,50.81,67.14,6.17,55.34,SV,Sac River and Kopta Road - Untreated
2013,11,21,Corning-8-Treated,17,11,28,0.14,50.81,67.14,6.17,55.34,SV,Viola and Orchard Ave.-Treated
2014,4,2,Corning-1-Treated,0,0,0,0.16,49.96,85.57,5.69,54.99,SV,Barham and Samson-Treated
2014,4,2,Corning-2-Treated,0,0,0,0.16,49.96,85.57,5.69,54.99,SV,Dora and Marguerite-Treated
2014,4,2,Corning-4-Treated,0,0,0,0.16,49.96,85.57,5.69,54.99,SV,Fig Lane and Houghton-Treated
2014,4,2,Orland-1-Untreated,0,0,0,0.15,52.49,88.86,4.9,54.37,SV,Glenn County Fairgrounds-Untreated
2014,4,2,Orland-3-Untreated,0,0,0,0.15,52.49,88.86,4.9,54.37,SV,Hwy 99W and Road 18 - Untreated
2014,4,2,Orland-4-Untreated,0,0,0,0.15,52.49,88.86,4.9,54.37,SV,NE of N and 12-Untreated
2014,4,2,Corning-5-Treated,0,0,0,0.16,49.96,85.57,5.69,54.99,SV,Northbound I-5 Rest Area-Treated
2014,4,2,Orland-7-Untreated,0,0,0,0.15,52.49,88.86,4.9,54.37,SV,Road 200 and Road E-Untreated
2014,4,2,Orland-8,0,0,0,0.15,52.49,88.86,4.9,54.37,SV,Road 21 and M
2014,4,2,Orland-11-Untreated,0,0,0,0.15,52.49,88.86,4.9,54.37,SV,SE of N and 16-Untreated
2014,4,2,Corning-6-Untreated,2,1,3,0.16,49.96,85.57,5.69,54.99,SV,Sac River and Kopta Road - Untreated
2014,4,2,Corning-8-Treated,0,0,0,0.16,49.96,85.57,5.69,54.99,SV,Viola and Orchard Ave.-Treated
2014,4,9,Corning-1-Treated,1,0,1,0,58.11,72.43,4.21,56.36,SV,Barham and Samson-Treated
2014,4,9,Corning-2-Treated,2,1,3,0,58.11,72.43,4.21,56.36,SV,Dora and Marguerite-Treated
2014,4,9,Corning-4-Treated,13,7,20,0,58.11,72.43,4.21,56.36,SV,Fig Lane and Houghton-Treated
2014,4,9,Orland-1-Untreated,44,24,68,0.01,59.56,72.43,2.91,55.03,SV,Glenn County Fairgrounds-Untreated
2014,4,9,Orland-3-Untreated,4,4,8,0.01,59.56,72.43,2.91,55.03,SV,Hwy 99W and Road 18 - Untreated
2014,4,9,Orland-4-Untreated,1,1,2,0.01,59.56,72.43,2.91,55.03,SV,NE of N and 12-Untreated
2014,4,9,Corning-5-Treated,5,2,7,0,58.11,72.43,4.21,56.36,SV,Northbound I-5 Rest Area-Treated
2014,4,9,Orland-7-Untreated,18,14,32,0.01,59.56,72.43,2.91,55.03,SV,Road 200 and Road E-Untreated
2014,4,9,Orland-8,3,2,5,0.01,59.56,72.43,2.91,55.03,SV,Road 21 and M
2014,4,9,Orland-11-Untreated,11,10,21,0.01,59.56,72.43,2.91,55.03,SV,SE of N and 16-Untreated
2014,4,9,Corning-6-Untreated,29,30,59,0,58.11,72.43,4.21,56.36,SV,Sac River and Kopta Road - Untreated
2014,4,9,Corning-8-Treated,6,5,11,0,58.11,72.43,4.21,56.36,SV,Viola and Orchard Ave.-Treated
2014,4,16,Corning-1-Treated,1,1,2,0,63.73,59.86,4.29,60.33,SV,Barham and Samson-Treated
2014,4,16,Corning-2-Treated,10,7,17,0,63.73,59.86,4.29,60.33,SV,Dora and Marguerite-Treated
2014,4,16,Corning-4-Treated,15,16,31,0,63.73,59.86,4.29,60.33,SV,Fig Lane and Houghton-Treated
2014,4,16,Orland-1-Untreated,32,20,52,0,64.03,66.43,2.91,59.6,SV,Glenn County Fairgrounds-Untreated
2014,4,16,Orland-3-Untreated,26,12,38,0,64.03,66.43,2.91,59.6,SV,Hwy 99W and Road 18 - Untreated
2014,4,16,Orland-4-Untreated,2,1,3,0,64.03,66.43,2.91,59.6,SV,NE of N and 12-Untreated
2014,4,16,Corning-5-Treated,40,23,63,0,63.73,59.86,4.29,60.33,SV,Northbound I-5 Rest Area-Treated
2014,4,16,Orland-7-Untreated,18,27,45,0,64.03,66.43,2.91,59.6,SV,Road 200 and Road E-Untreated
2014,4,16,Orland-8,14,12,26,0,64.03,66.43,2.91,59.6,SV,Road 21 and M
2014,4,16,Orland-11-Untreated,36,21,57,0,64.03,66.43,2.91,59.6,SV,SE of N and 16-Untreated
2014,4,16,Corning-6-Untreated,13,15,28,0,63.73,59.86,4.29,60.33,SV,Sac River and Kopta Road - Untreated
2014,4,16,Corning-8-Treated,1,2,3,0,63.73,59.86,4.29,60.33,SV,Viola and Orchard Ave.-Treated
2014,4,24,Corning-1-Treated,4,2,6,0.01,60.03,58.86,4.91,61.9,SV,Barham and Samson-Treated
2014,4,24,Corning-2-Treated,8,7,15,0.01,60.03,58.86,4.91,61.9,SV,Dora and Marguerite-Treated
2014,4,24,Corning-4-Treated,10,14,24,0.01,60.03,58.86,4.91,61.9,SV,Fig Lane and Houghton-Treated
2014,4,24,Orland-1-Untreated,32,27,59,0,62.14,65.57,3.61,60.89,SV,Glenn County Fairgrounds-Untreated
2014,4,24,Orland-3-Untreated,40,29,69,0,62.14,65.57,3.61,60.89,SV,Hwy 99W and Road 18 - Untreated
2014,4,24,Orland-4-Untreated,0,0,0,0,62.14,65.57,3.61,60.89,SV,NE of N and 12-Untreated
2014,4,24,Corning-5-Treated,61,30,91,0.01,60.03,58.86,4.91,61.9,SV,Northbound I-5 Rest Area-Treated
2014,4,24,Orland-7-Untreated,6,12,18,0,62.14,65.57,3.61,60.89,SV,Road 200 and Road E-Untreated
2014,4,24,Orland-8,41,17,58,0,62.14,65.57,3.61,60.89,SV,Road 21 and M
2014,4,24,Orland-11-Untreated,37,27,64,0,62.14,65.57,3.61,60.89,SV,SE of N and 16-Untreated
2014,4,24,Corning-6-Untreated,17,14,31,0.01,60.03,58.86,4.91,61.9,SV,Sac River and Kopta Road - Untreated
2014,4,24,Corning-8-Treated,2,1,3,0.01,60.03,58.86,4.91,61.9,SV,Viola and Orchard Ave.-Treated
2014,4,30,Corning-1-Treated,2,3,5,0.01,60.71,60.43,5.4,61.26,SV,Barham and Samson-Treated
2014,4,30,Corning-2-Treated,7,9,16,0.01,60.71,60.43,5.4,61.26,SV,Dora and Marguerite-Treated
2014,4,30,Corning-4-Treated,9,4,13,0.01,60.71,60.43,5.4,61.26,SV,Fig Lane and Houghton-Treated
2014,4,30,Orland-1-Untreated,24,24,48,0.08,61.31,63.57,3.76,61.69,SV,Glenn County Fairgrounds-Untreated
2014,4,30,Orland-3-Untreated,15,11,26,0.08,61.31,63.57,3.76,61.69,SV,Hwy 99W and Road 18 - Untreated
2014,4,30,Orland-4-Untreated,0,0,0,0.08,61.31,63.57,3.76,61.69,SV,NE of N and 12-Untreated
2014,4,30,Corning-5-Treated,51,27,78,0.01,60.71,60.43,5.4,61.26,SV,Northbound I-5 Rest Area-Treated
2014,4,30,Orland-7-Untreated,0,1,1,0.08,61.31,63.57,3.76,61.69,SV,Road 200 and Road E-Untreated
2014,4,30,Orland-8,3,4,7,0.08,61.31,63.57,3.76,61.69,SV,Road 21 and M
2014,4,30,Orland-11-Untreated,23,14,37,0.08,61.31,63.57,3.76,61.69,SV,SE of N and 16-Untreated
2014,4,30,Corning-6-Untreated,13,17,30,0.01,60.71,60.43,5.4,61.26,SV,Sac River and Kopta Road - Untreated
2014,4,30,Corning-8-Treated,0,0,0,0.01,60.71,60.43,5.4,61.26,SV,Viola and Orchard Ave.-Treated
2014,5,7,Corning-1-Treated,2,0,2,0,64.86,49.29,7.03,64.36,SV,Barham and Samson-Treated
2014,5,7,Corning-2-Treated,4,3,7,0,64.86,49.29,7.03,64.36,SV,Dora and Marguerite-Treated
2014,5,7,Corning-4-Treated,5,7,12,0,64.86,49.29,7.03,64.36,SV,Fig Lane and Houghton-Treated
2014,5,7,Orland-1-Untreated,33,27,60,0.07,75.81,55.43,3.93,67.76,SV,Glenn County Fairgrounds-Untreated
2014,5,7,Orland-3-Untreated,23,36,59,0.07,75.81,55.43,3.93,67.76,SV,Hwy 99W and Road 18 - Untreated
2014,5,7,Orland-4-Untreated,0,0,0,0.07,75.81,55.43,3.93,67.76,SV,NE of N and 12-Untreated
2014,5,7,Corning-5-Treated,56,30,86,0,64.86,49.29,7.03,64.36,SV,Northbound I-5 Rest Area-Treated
2014,5,7,Orland-7-Untreated,1,4,5,0.07,75.81,55.43,3.93,67.76,SV,Road 200 and Road E-Untreated
2014,5,7,Orland-8,13,4,17,0.07,75.81,55.43,3.93,67.76,SV,Road 21 and M
2014,5,7,Orland-11-Untreated,23,33,56,0.07,75.81,55.43,3.93,67.76,SV,SE of N and 16-Untreated
2014,5,7,Corning-6-Untreated,3,5,8,0,64.86,49.29,7.03,64.36,SV,Sac River and Kopta Road - Untreated
2014,5,7,Corning-8-Treated,1,0,1,0,64.86,49.29,7.03,64.36,SV,Viola and Orchard Ave.-Treated
2014,5,14,Corning-1-Treated,1,0,1,0,66.49,46.86,6.84,65.21,SV,Barham and Samson-Treated
2014,5,14,Corning-2-Treated,1,5,6,0,66.49,46.86,6.84,65.21,SV,Dora and Marguerite-Treated
2014,5,14,Corning-4-Treated,3,5,8,0,66.49,46.86,6.84,65.21,SV,Fig Lane and Houghton-Treated
2014,5,14,Orland-1-Untreated,20,23,43,0.05,78.39,51.4,4.39,67.27,SV,Glenn County Fairgrounds-Untreated
2014,5,14,Orland-3-Untreated,36,43,79,0.05,78.39,51.4,4.39,67.27,SV,Hwy 99W and Road 18 - Untreated
2014,5,14,Orland-4-Untreated,0,0,0,0.05,78.39,51.4,4.39,67.27,SV,NE of N and 12-Untreated
2014,5,14,Corning-5-Treated,34,39,73,0,66.49,46.86,6.84,65.21,SV,Northbound I-5 Rest Area-Treated
2014,5,14,Orland-7-Untreated,0,0,0,0.05,78.39,51.4,4.39,67.27,SV,Road 200 and Road E-Untreated
2014,5,14,Orland-8,7,3,10,0.05,78.39,51.4,4.39,67.27,SV,Road 21 and M
2014,5,14,Orland-11-Untreated,20,24,44,0.05,78.39,51.4,4.39,67.27,SV,SE of N and 16-Untreated
2014,5,14,Corning-6-Untreated,1,3,4,0,66.49,46.86,6.84,65.21,SV,Sac River and Kopta Road - Untreated
2014,5,14,Corning-8-Treated,0,1,1,0,66.49,46.86,6.84,65.21,SV,Viola and Orchard Ave.-Treated
2014,5,21,Corning-1-Treated,1,1,2,0.07,67.84,54.71,5.33,68.27,SV,Barham and Samson-Treated
2014,5,21,Corning-2-Treated,6,8,14,0.07,67.84,54.71,5.33,68.27,SV,Dora and Marguerite-Treated
2014,5,21,Corning-4-Treated,1,1,2,0.07,67.84,54.71,5.33,68.27,SV,Fig Lane and Houghton-Treated
2014,5,21,Orland-1-Untreated,25,15,40,0,82.24,66.67,3.21,70.33,SV,Glenn County Fairgrounds-Untreated
2014,5,21,Orland-3-Untreated,15,24,39,0,82.24,66.67,3.21,70.33,SV,Hwy 99W and Road 18 - Untreated
2014,5,21,Orland-4-Untreated,0,0,0,0,82.24,66.67,3.21,70.33,SV,NE of N and 12-Untreated
2014,5,21,Corning-5-Treated,52,46,98,0.07,67.84,54.71,5.33,68.27,SV,Northbound I-5 Rest Area-Treated
2014,5,21,Orland-7-Untreated,0,0,0,0,82.24,66.67,3.21,70.33,SV,Road 200 and Road E-Untreated
2014,5,21,Orland-8,2,0,2,0,82.24,66.67,3.21,70.33,SV,Road 21 and M
2014,5,21,Orland-11-Untreated,5,6,11,0,82.24,66.67,3.21,70.33,SV,SE of N and 16-Untreated
2014,5,21,Corning-6-Untreated,0,1,1,0.07,67.84,54.71,5.33,68.27,SV,Sac River and Kopta Road - Untreated
2014,5,21,Corning-8-Treated,0,1,1,0.07,67.84,54.71,5.33,68.27,SV,Viola and Orchard Ave.-Treated
2014,5,29,Corning-1-Treated,7,2,9,0,74.01,37.29,6.67,69.86,SV,Barham and Samson-Treated
2014,5,29,Corning-2-Treated,7,9,16,0,74.01,37.29,6.67,69.86,SV,Dora and Marguerite-Treated
2014,5,29,Corning-4-Treated,1,1,2,0,74.01,37.29,6.67,69.86,SV,Fig Lane and Houghton-Treated
2014,5,29,Orland-1-Untreated,22,21,43,0.12,93,33,2.54,71.69,SV,Glenn County Fairgrounds-Untreated
2014,5,29,Orland-3-Untreated,19,17,36,0.12,93,33,2.54,71.69,SV,Hwy 99W and Road 18 - Untreated
2014,5,29,Orland-4-Untreated,0,0,0,0.12,93,33,2.54,71.69,SV,NE of N and 12-Untreated
2014,5,29,Corning-5-Treated,74,51,125,0,74.01,37.29,6.67,69.86,SV,Northbound I-5 Rest Area-Treated
2014,5,29,Orland-7-Untreated,1,0,1,0.12,93,33,2.54,71.69,SV,Road 200 and Road E-Untreated
2014,5,29,Orland-8,4,1,5,0.12,93,33,2.54,71.69,SV,Road 21 and M
2014,5,29,Orland-11-Untreated,10,10,20,0.12,93,33,2.54,71.69,SV,SE of N and 16-Untreated
2014,5,29,Corning-6-Untreated,0,1,1,0,74.01,37.29,6.67,69.86,SV,Sac River and Kopta Road - Untreated
2014,5,29,Corning-8-Treated,5,2,7,0,74.01,37.29,6.67,69.86,SV,Viola and Orchard Ave.-Treated
2014,6,6,Corning-1-Treated,15,12,27,0,74.86,43,4.77,70.63,SV,Barham and Samson-Treated
2014,6,6,Corning-2-Treated,26,16,42,0,74.86,43,4.77,70.63,SV,Dora and Marguerite-Treated
2014,6,6,Corning-4-Treated,3,4,7,0,74.86,43,4.77,70.63,SV,Fig Lane and Houghton-Treated
2014,6,6,Orland-1-Untreated,46,27,73,0,72.33,59.14,2.46,74.7,SV,Glenn County Fairgrounds-Untreated
2014,6,6,Orland-3-Untreated,17,16,33,0,72.33,59.14,2.46,74.7,SV,Hwy 99W and Road 18 - Untreated
2014,6,6,Orland-4-Untreated,0,0,0,0,72.33,59.14,2.46,74.7,SV,NE of N and 12-Untreated
2014,6,6,Corning-5-Treated,75,49,124,0,74.86,43,4.77,70.63,SV,Northbound I-5 Rest Area-Treated
2014,6,6,Orland-7-Untreated,4,1,5,0,72.33,59.14,2.46,74.7,SV,Road 200 and Road E-Untreated
2014,6,6,Orland-8,40,11,51,0,72.33,59.14,2.46,74.7,SV,Road 21 and M
2014,6,6,Orland-11-Untreated,34,31,65,0,72.33,59.14,2.46,74.7,SV,SE of N and 16-Untreated
2014,6,6,Corning-6-Untreated,2,0,2,0,74.86,43,4.77,70.63,SV,Sac River and Kopta Road - Untreated
2014,6,6,Corning-8-Treated,2,0,2,0,74.86,43,4.77,70.63,SV,Viola and Orchard Ave.-Treated
2014,6,11,Corning-1-Treated,3,1,4,0,82,37,6.93,72.97,SV,Barham and Samson-Treated
2014,6,11,Corning-2-Treated,8,5,13,0,82,37,6.93,72.97,SV,Dora and Marguerite-Treated
2014,6,11,Corning-4-Treated,3,5,8,0,82,37,6.93,72.97,SV,Fig Lane and Houghton-Treated
2014,6,11,Orland-1-Untreated,8,3,11,0,76.63,59.29,2.97,76.8,SV,Glenn County Fairgrounds-Untreated
2014,6,11,Orland-3-Untreated,11,8,19,0,76.63,59.29,2.97,76.8,SV,Hwy 99W and Road 18 - Untreated
2014,6,11,Orland-4-Untreated,0,0,0,0,76.63,59.29,2.97,76.8,SV,NE of N and 12-Untreated
2014,6,11,Corning-5-Treated,28,12,40,0,82,37,6.93,72.97,SV,Northbound I-5 Rest Area-Treated
2014,6,11,Orland-7-Untreated,4,5,9,0,76.63,59.29,2.97,76.8,SV,Road 200 and Road E-Untreated
2014,6,11,Orland-8,9,5,14,0,76.63,59.29,2.97,76.8,SV,Road 21 and M
2014,6,11,Orland-11-Untreated,16,11,27,0,76.63,59.29,2.97,76.8,SV,SE of N and 16-Untreated
2014,6,11,Corning-6-Untreated,0,1,1,0,82,37,6.93,72.97,SV,Sac River and Kopta Road - Untreated
2014,6,11,Corning-8-Treated,4,2,6,0,82,37,6.93,72.97,SV,Viola and Orchard Ave.-Treated
2014,6,17,Corning-1-Treated,23,11,34,0,71.23,43.57,7.8,71.29,SV,Barham and Samson-Treated
2014,6,17,Corning-2-Treated,66,42,108,0,71.23,43.57,7.8,71.29,SV,Dora and Marguerite-Treated
2014,6,17,Corning-4-Treated,20,9,29,0,71.23,43.57,7.8,71.29,SV,Fig Lane and Houghton-Treated
2014,6,17,Orland-1-Untreated,15,3,18,0,70.13,52.14,4.23,73.9,SV,Glenn County Fairgrounds-Untreated
2014,6,17,Orland-3-Untreated,17,8,25,0,70.13,52.14,4.23,73.9,SV,Hwy 99W and Road 18 - Untreated
2014,6,17,Orland-4-Untreated,4,0,4,0,70.13,52.14,4.23,73.9,SV,NE of N and 12-Untreated
2014,6,17,Corning-5-Treated,41,30,71,0,71.23,43.57,7.8,71.29,SV,Northbound I-5 Rest Area-Treated
2014,6,17,Orland-7-Untreated,6,2,8,0,70.13,52.14,4.23,73.9,SV,Road 200 and Road E-Untreated
2014,6,17,Orland-8,56,32,88,0,70.13,52.14,4.23,73.9,SV,Road 21 and M
2014,6,17,Orland-11-Untreated,43,16,59,0,70.13,52.14,4.23,73.9,SV,SE of N and 16-Untreated
2014,6,17,Corning-6-Untreated,15,5,20,0,71.23,43.57,7.8,71.29,SV,Sac River and Kopta Road - Untreated
2014,6,17,Corning-8-Treated,5,4,9,0,71.23,43.57,7.8,71.29,SV,Viola and Orchard Ave.-Treated
2014,6,25,Corning-1-Treated,39,25,64,0,75.57,44.71,4.76,72.16,SV,Barham and Samson-Treated
2014,6,25,Corning-2-Treated,72,37,109,0,75.57,44.71,4.76,72.16,SV,Dora and Marguerite-Treated
2014,6,25,Corning-4-Treated,27,15,42,0,75.57,44.71,4.76,72.16,SV,Fig Lane and Houghton-Treated
2014,6,25,Orland-1-Untreated,10,6,16,0,72.47,55,2.83,72.69,SV,Glenn County Fairgrounds-Untreated
2014,6,25,Orland-3-Untreated,43,30,73,0,72.47,55,2.83,72.69,SV,Hwy 99W and Road 18 - Untreated
2014,6,25,Orland-4-Untreated,3,4,7,0,72.47,55,2.83,72.69,SV,NE of N and 12-Untreated
2014,6,25,Corning-5-Treated,26,12,38,0,75.57,44.71,4.76,72.16,SV,Northbound I-5 Rest Area-Treated
2014,6,25,Orland-7-Untreated,20,13,33,0,72.47,55,2.83,72.69,SV,Road 200 and Road E-Untreated
2014,6,25,Orland-8,118,57,175,0,72.47,55,2.83,72.69,SV,Road 21 and M
2014,6,25,Orland-11-Untreated,63,46,109,0,72.47,55,2.83,72.69,SV,SE of N and 16-Untreated
2014,6,25,Corning-6-Untreated,17,21,38,0,75.57,44.71,4.76,72.16,SV,Sac River and Kopta Road - Untreated
2014,6,25,Corning-8-Treated,21,13,34,0,75.57,44.71,4.76,72.16,SV,Viola and Orchard Ave.-Treated
2014,6,30,Corning-1-Treated,20,9,29,0,76.86,49.43,5.73,73.23,SV,Barham and Samson-Treated
2014,6,30,Corning-2-Treated,28,35,63,0,76.86,49.43,5.73,73.23,SV,Dora and Marguerite-Treated
2014,6,30,Corning-4-Treated,52,23,75,0,76.86,49.43,5.73,73.23,SV,Fig Lane and Houghton-Treated
2014,6,30,Orland-1-Untreated,3,3,6,0,74.74,57.43,3.3,73.07,SV,Glenn County Fairgrounds-Untreated
2014,6,30,Orland-3-Untreated,7,4,11,0,74.74,57.43,3.3,73.07,SV,Hwy 99W and Road 18 - Untreated
2014,6,30,Orland-4-Untreated,1,1,2,0,74.74,57.43,3.3,73.07,SV,NE of N and 12-Untreated
2014,6,30,Corning-5-Treated,6,2,8,0,76.86,49.43,5.73,73.23,SV,Northbound I-5 Rest Area-Treated
2014,6,30,Orland-7-Untreated,2,2,4,0,74.74,57.43,3.3,73.07,SV,Road 200 and Road E-Untreated
2014,6,30,Orland-8,3,1,4,0,74.74,57.43,3.3,73.07,SV,Road 21 and M
2014,6,30,Orland-11-Untreated,7,5,12,0,74.74,57.43,3.3,73.07,SV,SE of N and 16-Untreated
2014,6,30,Corning-6-Untreated,20,23,43,0,76.86,49.43,5.73,73.23,SV,Sac River and Kopta Road - Untreated
2014,6,30,Corning-8-Treated,14,7,21,0,76.86,49.43,5.73,73.23,SV,Viola and Orchard Ave.-Treated
2014,7,9,Corning-1-Treated,7,2,9,0,79.16,47.14,4.46,73.96,SV,Barham and Samson-Treated
2014,7,9,Corning-2-Treated,0,2,2,0,79.16,47.14,4.46,73.96,SV,Dora and Marguerite-Treated
2014,7,9,Corning-4-Treated,14,17,31,0,79.16,47.14,4.46,73.96,SV,Fig Lane and Houghton-Treated
2014,7,9,Orland-1-Untreated,1,2,3,0,75.54,59.29,2.37,73.1,SV,Glenn County Fairgrounds-Untreated
2014,7,9,Orland-3-Untreated,5,7,12,0,75.54,59.29,2.37,73.1,SV,Hwy 99W and Road 18 - Untreated
2014,7,9,Orland-4-Untreated,0,0,0,0,75.54,59.29,2.37,73.1,SV,NE of N and 12-Untreated
2014,7,9,Corning-5-Treated,2,1,3,0,79.16,47.14,4.46,73.96,SV,Northbound I-5 Rest Area-Treated
2014,7,9,Orland-7-Untreated,0,1,1,0,75.54,59.29,2.37,73.1,SV,Road 200 and Road E-Untreated
2014,7,9,Orland-8,1,0,1,0,75.54,59.29,2.37,73.1,SV,Road 21 and M
2014,7,9,Orland-11-Untreated,3,1,4,0,75.54,59.29,2.37,73.1,SV,SE of N and 16-Untreated
2014,7,9,Corning-6-Untreated,1,0,1,0,79.16,47.14,4.46,73.96,SV,Sac River and Kopta Road - Untreated
2014,7,9,Corning-8-Treated,0,1,1,0,79.16,47.14,4.46,73.96,SV,Viola and Orchard Ave.-Treated
2014,7,16,Corning-1-Treated,2,1,3,0,79.5,53,4.74,75.31,SV,Barham and Samson-Treated
2014,7,16,Corning-2-Treated,0,0,0,0,79.5,53,4.74,75.31,SV,Dora and Marguerite-Treated
2014,7,16,Corning-4-Treated,3,0,3,0,79.5,53,4.74,75.31,SV,Fig Lane and Houghton-Treated
2014,7,16,Orland-1-Untreated,1,0,1,0,76.3,64.29,2.8,72.59,SV,Glenn County Fairgrounds-Untreated
2014,7,16,Orland-3-Untreated,2,1,3,0,76.3,64.29,2.8,72.59,SV,Hwy 99W and Road 18 - Untreated
2014,7,16,Orland-4-Untreated,1,0,1,0,76.3,64.29,2.8,72.59,SV,NE of N and 12-Untreated
2014,7,16,Corning-5-Treated,3,0,3,0,79.5,53,4.74,75.31,SV,Northbound I-5 Rest Area-Treated
2014,7,16,Orland-7-Untreated,0,0,0,0,76.3,64.29,2.8,72.59,SV,Road 200 and Road E-Untreated
2014,7,16,Orland-8,0,0,0,0,76.3,64.29,2.8,72.59,SV,Road 21 and M
2014,7,16,Orland-11-Untreated,0,0,0,0,76.3,64.29,2.8,72.59,SV,SE of N and 16-Untreated
2014,7,16,Corning-6-Untreated,0,0,0,0,79.5,53,4.74,75.31,SV,Sac River and Kopta Road - Untreated
2014,7,16,Corning-8-Treated,0,0,0,0,79.5,53,4.74,75.31,SV,Viola and Orchard Ave.-Treated
2014,7,23,Corning-1-Treated,2,0,2,0,75.21,60.57,5.8,75.39,SV,Barham and Samson-Treated
2014,7,23,Corning-2-Treated,0,0,0,0,75.21,60.57,5.8,75.39,SV,Dora and Marguerite-Treated
2014,7,23,Corning-4-Treated,0,0,0,0,75.21,60.57,5.8,75.39,SV,Fig Lane and Houghton-Treated
2014,7,23,Orland-1-Untreated,0,0,0,0,72.81,67.86,3.63,72.43,SV,Glenn County Fairgrounds-Untreated
2014,7,23,Orland-3-Untreated,0,0,0,0,72.81,67.86,3.63,72.43,SV,Hwy 99W and Road 18 - Untreated
2014,7,23,Orland-4-Untreated,0,0,0,0,72.81,67.86,3.63,72.43,SV,NE of N and 12-Untreated
2014,7,23,Corning-5-Treated,2,0,2,0,75.21,60.57,5.8,75.39,SV,Northbound I-5 Rest Area-Treated
2014,7,23,Orland-7-Untreated,0,0,0,0,72.81,67.86,3.63,72.43,SV,Road 200 and Road E-Untreated
2014,7,23,Orland-8,0,0,0,0,72.81,67.86,3.63,72.43,SV,Road 21 and M
2014,7,23,Orland-11-Untreated,1,0,1,0,72.81,67.86,3.63,72.43,SV,SE of N and 16-Untreated
2014,7,23,Corning-6-Untreated,2,2,4,0,75.21,60.57,5.8,75.39,SV,Sac River and Kopta Road - Untreated
2014,7,23,Corning-8-Treated,1,0,1,0,75.21,60.57,5.8,75.39,SV,Viola and Orchard Ave.-Treated
2014,7,30,Corning-1-Treated,0,1,1,0,79.76,41.71,4.19,74.33,SV,Barham and Samson-Treated
2014,7,30,Corning-2-Treated,0,0,0,0,79.76,41.71,4.19,74.33,SV,Dora and Marguerite-Treated
2014,7,30,Corning-4-Treated,0,0,0,0,79.76,41.71,4.19,74.33,SV,Fig Lane and Houghton-Treated
2014,7,30,Orland-1-Untreated,0,0,0,0,76.77,57.43,2.39,71.4,SV,Glenn County Fairgrounds-Untreated
2014,7,30,Orland-3-Untreated,0,2,2,0,76.77,57.43,2.39,71.4,SV,Hwy 99W and Road 18 - Untreated
2014,7,30,Orland-4-Untreated,0,0,0,0,76.77,57.43,2.39,71.4,SV,NE of N and 12-Untreated
2014,7,30,Corning-5-Treated,1,0,1,0,79.76,41.71,4.19,74.33,SV,Northbound I-5 Rest Area-Treated
2014,7,30,Orland-7-Untreated,0,0,0,0,76.77,57.43,2.39,71.4,SV,Road 200 and Road E-Untreated
2014,7,30,Orland-8,0,0,0,0,76.77,57.43,2.39,71.4,SV,Road 21 and M
2014,7,30,Orland-11-Untreated,0,0,0,0,76.77,57.43,2.39,71.4,SV,SE of N and 16-Untreated
2014,7,30,Corning-6-Untreated,0,0,0,0,79.76,41.71,4.19,74.33,SV,Sac River and Kopta Road - Untreated
2014,7,30,Corning-8-Treated,1,0,1,0,79.76,41.71,4.19,74.33,SV,Viola and Orchard Ave.-Treated
2014,8,6,Corning-1-Treated,0,0,0,0.02,77.01,60.86,3.79,75.01,SV,Barham and Samson-Treated
2014,8,6,Corning-2-Treated,0,0,0,0.02,77.01,60.86,3.79,75.01,SV,Dora and Marguerite-Treated
2014,8,6,Corning-4-Treated,1,0,1,0.02,77.01,60.86,3.79,75.01,SV,Fig Lane and Houghton-Treated
2014,8,6,Orland-1-Untreated,0,0,0,0,73.84,76.57,2.3,72.44,SV,Glenn County Fairgrounds-Untreated
2014,8,6,Orland-3-Untreated,0,0,0,0,73.84,76.57,2.3,72.44,SV,Hwy 99W and Road 18 - Untreated
2014,8,6,Orland-4-Untreated,0,0,0,0,73.84,76.57,2.3,72.44,SV,NE of N and 12-Untreated
2014,8,6,Corning-5-Treated,1,0,1,0.02,77.01,60.86,3.79,75.01,SV,Northbound I-5 Rest Area-Treated
2014,8,6,Orland-7-Untreated,0,0,0,0,73.84,76.57,2.3,72.44,SV,Road 200 and Road E-Untreated
2014,8,6,Orland-8,1,0,1,0,73.84,76.57,2.3,72.44,SV,Road 21 and M
2014,8,6,Orland-11-Untreated,0,0,0,0,73.84,76.57,2.3,72.44,SV,SE of N and 16-Untreated
2014,8,6,Corning-6-Untreated,1,0,1,0.02,77.01,60.86,3.79,75.01,SV,Sac River and Kopta Road - Untreated
2014,8,6,Corning-8-Treated,0,0,0,0.02,77.01,60.86,3.79,75.01,SV,Viola and Orchard Ave.-Treated
2014,8,13,Corning-1-Treated,0,0,0,0,77.5,55.83,4.25,73.8,SV,Barham and Samson-Treated
2014,8,13,Corning-2-Treated,0,0,0,0,77.5,55.83,4.25,73.8,SV,Dora and Marguerite-Treated
2014,8,13,Corning-4-Treated,1,0,1,0,77.5,55.83,4.25,73.8,SV,Fig Lane and Houghton-Treated
2014,8,13,Orland-1-Untreated,0,0,0,0,74.03,65.71,3.2,72.56,SV,Glenn County Fairgrounds-Untreated
2014,8,13,Orland-3-Untreated,0,1,1,0,74.03,65.71,3.2,72.56,SV,Hwy 99W and Road 18 - Untreated
2014,8,13,Orland-4-Untreated,0,0,0,0,74.03,65.71,3.2,72.56,SV,NE of N and 12-Untreated
2014,8,13,Corning-5-Treated,0,0,0,0,77.5,55.83,4.25,73.8,SV,Northbound I-5 Rest Area-Treated
2014,8,13,Orland-7-Untreated,0,0,0,0,74.03,65.71,3.2,72.56,SV,Road 200 and Road E-Untreated
2014,8,13,Orland-8,0,0,0,0,74.03,65.71,3.2,72.56,SV,Road 21 and M
2014,8,13,Orland-11-Untreated,0,0,0,0,74.03,65.71,3.2,72.56,SV,SE of N and 16-Untreated
2014,8,13,Corning-6-Untreated,1,0,1,0,77.5,55.83,4.25,73.8,SV,Sac River and Kopta Road - Untreated
2014,8,13,Corning-8-Treated,0,0,0,0,77.5,55.83,4.25,73.8,SV,Viola and Orchard Ave.-Treated
2014,8,20,Corning-1-Treated,0,0,0,0,76.41,54.75,4.75,73.07,SV,Barham and Samson-Treated
2014,8,20,Corning-2-Treated,0,0,0,0,76.41,54.75,4.75,73.07,SV,Dora and Marguerite-Treated
2014,8,20,Corning-4-Treated,2,0,2,0,76.41,54.75,4.75,73.07,SV,Fig Lane and Houghton-Treated
2014,8,20,Orland-1-Untreated,0,0,0,0,72.01,64.86,2.4,69.84,SV,Glenn County Fairgrounds-Untreated
2014,8,20,Orland-3-Untreated,0,0,0,0,72.01,64.86,2.4,69.84,SV,Hwy 99W and Road 18 - Untreated
2014,8,20,Orland-4-Untreated,0,0,0,0,72.01,64.86,2.4,69.84,SV,NE of N and 12-Untreated
2014,8,20,Corning-5-Treated,0,0,0,0,76.41,54.75,4.75,73.07,SV,Northbound I-5 Rest Area-Treated
2014,8,20,Orland-7-Untreated,0,0,0,0,72.01,64.86,2.4,69.84,SV,Road 200 and Road E-Untreated
2014,8,20,Orland-8,0,0,0,0,72.01,64.86,2.4,69.84,SV,Road 21 and M
2014,8,20,Orland-11-Untreated,0,0,0,0,72.01,64.86,2.4,69.84,SV,SE of N and 16-Untreated
2014,8,20,Corning-6-Untreated,0,0,0,0,76.41,54.75,4.75,73.07,SV,Sac River and Kopta Road - Untreated
2014,8,20,Corning-8-Treated,0,0,0,0,76.41,54.75,4.75,73.07,SV,Viola and Orchard Ave.-Treated
2014,8,27,Corning-1-Treated,0,0,0,0,75.73,53,4.21,73.3,SV,Barham and Samson-Treated
2014,8,27,Corning-2-Treated,1,0,1,0,75.73,53,4.21,73.3,SV,Dora and Marguerite-Treated
2014,8,27,Corning-4-Treated,3,1,4,0,75.73,53,4.21,73.3,SV,Fig Lane and Houghton-Treated
2014,8,27,Orland-1-Untreated,0,0,0,0,71.8,66.86,2.57,70.14,SV,Glenn County Fairgrounds-Untreated
2014,8,27,Orland-3-Untreated,0,0,0,0,71.8,66.86,2.57,70.14,SV,Hwy 99W and Road 18 - Untreated
2014,8,27,Orland-4-Untreated,0,0,0,0,71.8,66.86,2.57,70.14,SV,NE of N and 12-Untreated
2014,8,27,Corning-5-Treated,0,0,0,0,75.73,53,4.21,73.3,SV,Northbound I-5 Rest Area-Treated
2014,8,27,Orland-7-Untreated,0,0,0,0,71.8,66.86,2.57,70.14,SV,Road 200 and Road E-Untreated
2014,8,27,Orland-8,0,0,0,0,71.8,66.86,2.57,70.14,SV,Road 21 and M
2014,8,27,Orland-11-Untreated,0,0,0,0,71.8,66.86,2.57,70.14,SV,SE of N and 16-Untreated
2014,8,27,Corning-6-Untreated,1,0,1,0,75.73,53,4.21,73.3,SV,Sac River and Kopta Road - Untreated
2014,8,27,Corning-8-Treated,1,0,1,0,75.73,53,4.21,73.3,SV,Viola and Orchard Ave.-Treated
2014,9,1,Corning-1-Treated,1,0,1,0,76.9,48.29,3.74,73.49,SV,Barham and Samson-Treated
2014,9,1,Corning-2-Treated,0,0,0,0,76.9,48.29,3.74,73.49,SV,Dora and Marguerite-Treated
2014,9,1,Corning-4-Treated,1,0,1,0,76.9,48.29,3.74,73.49,SV,Fig Lane and Houghton-Treated
2014,9,1,Orland-1-Untreated,0,0,0,0,74.37,61.71,2.11,74.44,SV,Glenn County Fairgrounds-Untreated
2014,9,1,Orland-3-Untreated,0,2,2,0,74.37,61.71,2.11,74.44,SV,Hwy 99W and Road 18 - Untreated
2014,9,1,Orland-4-Untreated,0,0,0,0,74.37,61.71,2.11,74.44,SV,NE of N and 12-Untreated
2014,9,1,Corning-5-Treated,0,0,0,0,76.9,48.29,3.74,73.49,SV,Northbound I-5 Rest Area-Treated
2014,9,1,Orland-7-Untreated,0,0,0,0,74.37,61.71,2.11,74.44,SV,Road 200 and Road E-Untreated
2014,9,1,Orland-8,0,0,0,0,74.37,61.71,2.11,74.44,SV,Road 21 and M
2014,9,1,Orland-11-Untreated,0,1,1,0,74.37,61.71,2.11,74.44,SV,SE of N and 16-Untreated
2014,9,1,Corning-6-Untreated,0,1,1,0,76.9,48.29,3.74,73.49,SV,Sac River and Kopta Road - Untreated
2014,9,1,Corning-8-Treated,0,0,0,0,76.9,48.29,3.74,73.49,SV,Viola and Orchard Ave.-Treated
2014,9,10,Corning-1-Treated,0,0,0,0,73.13,42.86,3.86,71.23,SV,Barham and Samson-Treated
2014,9,10,Corning-2-Treated,0,0,0,0,73.13,42.86,3.86,71.23,SV,Dora and Marguerite-Treated
2014,9,10,Corning-4-Treated,0,1,1,0,73.13,42.86,3.86,71.23,SV,Fig Lane and Houghton-Treated
2014,9,10,Orland-1-Untreated,1,2,3,0,69.29,59.14,2.11,71.81,SV,Glenn County Fairgrounds-Untreated
2014,9,10,Orland-3-Untreated,3,3,6,0,69.29,59.14,2.11,71.81,SV,Hwy 99W and Road 18 - Untreated
2014,9,10,Orland-4-Untreated,0,0,0,0,69.29,59.14,2.11,71.81,SV,NE of N and 12-Untreated
2014,9,10,Corning-5-Treated,0,0,0,0,73.13,42.86,3.86,71.23,SV,Northbound I-5 Rest Area-Treated
2014,9,10,Orland-7-Untreated,1,0,1,0,69.29,59.14,2.11,71.81,SV,Road 200 and Road E-Untreated
2014,9,10,Orland-8,0,0,0,0,69.29,59.14,2.11,71.81,SV,Road 21 and M
2014,9,10,Orland-11-Untreated,1,0,1,0,69.29,59.14,2.11,71.81,SV,SE of N and 16-Untreated
2014,9,10,Corning-6-Untreated,1,2,3,0,73.13,42.86,3.86,71.23,SV,Sac River and Kopta Road - Untreated
2014,9,10,Corning-8-Treated,0,0,0,0,73.13,42.86,3.86,71.23,SV,Viola and Orchard Ave.-Treated
2014,9,16,Corning-1-Treated,0,0,0,0,75.29,42.71,3.83,70.99,SV,Barham and Samson-Treated
2014,9,16,Corning-2-Treated,0,1,1,0,75.29,42.71,3.83,70.99,SV,Dora and Marguerite-Treated
2014,9,16,Corning-4-Treated,2,1,3,0,75.29,42.71,3.83,70.99,SV,Fig Lane and Houghton-Treated
2014,9,16,Orland-1-Untreated,0,1,1,0,71.69,58.14,2.2,73.04,SV,Glenn County Fairgrounds-Untreated
2014,9,16,Orland-3-Untreated,3,3,6,0,71.69,58.14,2.2,73.04,SV,Hwy 99W and Road 18 - Untreated
2014,9,16,Orland-4-Untreated,0,0,0,0,71.69,58.14,2.2,73.04,SV,NE of N and 12-Untreated
2014,9,16,Corning-5-Treated,0,0,0,0,75.29,42.71,3.83,70.99,SV,Northbound I-5 Rest Area-Treated
2014,9,16,Orland-7-Untreated,0,0,0,0,71.69,58.14,2.2,73.04,SV,Road 200 and Road E-Untreated
2014,9,16,Orland-8,0,0,0,0,71.69,58.14,2.2,73.04,SV,Road 21 and M
2014,9,16,Orland-11-Untreated,0,0,0,0,71.69,58.14,2.2,73.04,SV,SE of N and 16-Untreated
2014,9,16,Corning-6-Untreated,4,6,10,0,75.29,42.71,3.83,70.99,SV,Sac River and Kopta Road - Untreated
2014,9,16,Corning-8-Treated,0,0,0,0,75.29,42.71,3.83,70.99,SV,Viola and Orchard Ave.-Treated
2014,9,24,Corning-1-Treated,0,0,0,0.03,72.89,60.29,5.53,70.46,SV,Barham and Samson-Treated
2014,9,24,Corning-2-Treated,0,1,1,0.03,72.89,60.29,5.53,70.46,SV,Dora and Marguerite-Treated
2014,9,24,Corning-4-Treated,4,2,6,0.03,72.89,60.29,5.53,70.46,SV,Fig Lane and Houghton-Treated
2014,9,24,Orland-1-Untreated,2,1,3,0,70.69,68,3.23,71.87,SV,Glenn County Fairgrounds-Untreated
2014,9,24,Orland-3-Untreated,1,0,1,0,70.69,68,3.23,71.87,SV,Hwy 99W and Road 18 - Untreated
2014,9,24,Orland-4-Untreated,2,0,2,0,70.69,68,3.23,71.87,SV,NE of N and 12-Untreated
2014,9,24,Corning-5-Treated,0,0,0,0.03,72.89,60.29,5.53,70.46,SV,Northbound I-5 Rest Area-Treated
2014,9,24,Orland-7-Untreated,0,0,0,0,70.69,68,3.23,71.87,SV,Road 200 and Road E-Untreated
2014,9,24,Orland-8,0,0,0,0,70.69,68,3.23,71.87,SV,Road 21 and M
2014,9,24,Orland-11-Untreated,5,1,6,0,70.69,68,3.23,71.87,SV,SE of N and 16-Untreated
2014,9,24,Corning-6-Untreated,65,46,111,0.03,72.89,60.29,5.53,70.46,SV,Sac River and Kopta Road - Untreated
2014,9,24,Corning-8-Treated,0,0,0,0.03,72.89,60.29,5.53,70.46,SV,Viola and Orchard Ave.-Treated
2014,10,1,Corning-1-Treated,0,0,0,0.14,65.81,64.71,6.01,67.83,SV,Barham and Samson-Treated
2014,10,1,Corning-2-Treated,0,0,0,0.14,65.81,64.71,6.01,67.83,SV,Dora and Marguerite-Treated
2014,10,1,Corning-4-Treated,2,1,3,0.14,65.81,64.71,6.01,67.83,SV,Fig Lane and Houghton-Treated
2014,10,1,Orland-1-Untreated,1,0,1,0,64.41,70.43,3.24,68.9,SV,Glenn County Fairgrounds-Untreated
2014,10,1,Orland-3-Untreated,3,1,4,0,64.41,70.43,3.24,68.9,SV,Hwy 99W and Road 18 - Untreated
2014,10,1,Orland-4-Untreated,0,0,0,0,64.41,70.43,3.24,68.9,SV,NE of N and 12-Untreated
2014,10,1,Corning-5-Treated,0,0,0,0.14,65.81,64.71,6.01,67.83,SV,Northbound I-5 Rest Area-Treated
2014,10,1,Orland-7-Untreated,0,1,1,0,64.41,70.43,3.24,68.9,SV,Road 200 and Road E-Untreated
2014,10,1,Orland-8,0,0,0,0,64.41,70.43,3.24,68.9,SV,Road 21 and M
2014,10,1,Orland-11-Untreated,0,1,1,0,64.41,70.43,3.24,68.9,SV,SE of N and 16-Untreated
2014,10,1,Corning-6-Untreated,50,32,82,0.14,65.81,64.71,6.01,67.83,SV,Sac River and Kopta Road - Untreated
2014,10,1,Corning-8-Treated,0,1,1,0.14,65.81,64.71,6.01,67.83,SV,Viola and Orchard Ave.-Treated
2014,10,8,Corning-1-Treated,0,1,1,0,70.16,48,3.01,66.16,SV,Barham and Samson-Treated
2014,10,8,Corning-2-Treated,0,0,0,0,70.16,48,3.01,66.16,SV,Dora and Marguerite-Treated
2014,10,8,Corning-4-Treated,6,6,12,0,70.16,48,3.01,66.16,SV,Fig Lane and Houghton-Treated
2014,10,8,Orland-1-Untreated,4,1,5,0,66.73,59.86,1.71,66.47,SV,Glenn County Fairgrounds-Untreated
2014,10,8,Orland-3-Untreated,15,18,33,0,66.73,59.86,1.71,66.47,SV,Hwy 99W and Road 18 - Untreated
2014,10,8,Orland-4-Untreated,2,1,3,0,66.73,59.86,1.71,66.47,SV,NE of N and 12-Untreated
2014,10,8,Corning-5-Treated,2,0,2,0,70.16,48,3.01,66.16,SV,Northbound I-5 Rest Area-Treated
2014,10,8,Orland-7-Untreated,0,0,0,0,66.73,59.86,1.71,66.47,SV,Road 200 and Road E-Untreated
2014,10,8,Orland-8,12,7,19,0,66.73,59.86,1.71,66.47,SV,Road 21 and M
2014,10,8,Orland-11-Untreated,9,4,13,0,66.73,59.86,1.71,66.47,SV,SE of N and 16-Untreated
2014,10,8,Corning-6-Untreated,13,14,27,0,70.16,48,3.01,66.16,SV,Sac River and Kopta Road - Untreated
2014,10,8,Corning-8-Treated,2,0,2,0,70.16,48,3.01,66.16,SV,Viola and Orchard Ave.-Treated
2014,10,15,Corning-1-Treated,1,0,1,0,66.81,51.71,5.81,64.86,SV,Barham and Samson-Treated
2014,10,15,Corning-2-Treated,2,1,3,0,66.81,51.71,5.81,64.86,SV,Dora and Marguerite-Treated
2014,10,15,Corning-4-Treated,8,10,18,0,66.81,51.71,5.81,64.86,SV,Fig Lane and Houghton-Treated
2014,10,15,Orland-1-Untreated,5,1,6,0,65.6,56.14,3.31,65.27,SV,Glenn County Fairgrounds-Untreated
2014,10,15,Orland-3-Untreated,33,16,49,0,65.6,56.14,3.31,65.27,SV,Hwy 99W and Road 18 - Untreated
2014,10,15,Orland-4-Untreated,3,1,4,0,65.6,56.14,3.31,65.27,SV,NE of N and 12-Untreated
2014,10,15,Corning-5-Treated,2,1,3,0,66.81,51.71,5.81,64.86,SV,Northbound I-5 Rest Area-Treated
2014,10,15,Orland-7-Untreated,0,0,0,0,65.6,56.14,3.31,65.27,SV,Road 200 and Road E-Untreated
2014,10,15,Orland-8,19,14,33,0,65.6,56.14,3.31,65.27,SV,Road 21 and M
2014,10,15,Orland-11-Untreated,5,4,9,0,65.6,56.14,3.31,65.27,SV,SE of N and 16-Untreated
2014,10,15,Corning-6-Untreated,39,20,59,0,66.81,51.71,5.81,64.86,SV,Sac River and Kopta Road - Untreated
2014,10,15,Corning-8-Treated,5,2,7,0,66.81,51.71,5.81,64.86,SV,Viola and Orchard Ave.-Treated
2014,10,22,Corning-1-Treated,0,0,0,0.03,61.23,68.43,4.54,63.31,SV,Barham and Samson-Treated
2014,10,22,Corning-2-Treated,8,1,9,0.03,61.23,68.43,4.54,63.31,SV,Dora and Marguerite-Treated
2014,10,22,Corning-4-Treated,10,0,10,0.03,61.23,68.43,4.54,63.31,SV,Fig Lane and Houghton-Treated
2014,10,22,Orland-1-Untreated,0,0,0,0,59.96,70.57,2.61,63.06,SV,Glenn County Fairgrounds-Untreated
2014,10,22,Orland-3-Untreated,2,2,4,0,59.96,70.57,2.61,63.06,SV,Hwy 99W and Road 18 - Untreated
2014,10,22,Orland-4-Untreated,0,4,4,0,59.96,70.57,2.61,63.06,SV,NE of N and 12-Untreated
2014,10,22,Corning-5-Treated,0,0,0,0.03,61.23,68.43,4.54,63.31,SV,Northbound I-5 Rest Area-Treated
2014,10,22,Orland-7-Untreated,1,0,1,0,59.96,70.57,2.61,63.06,SV,Road 200 and Road E-Untreated
2014,10,22,Orland-8,1,3,4,0,59.96,70.57,2.61,63.06,SV,Road 21 and M
2014,10,22,Orland-11-Untreated,2,3,5,0,59.96,70.57,2.61,63.06,SV,SE of N and 16-Untreated
2014,10,22,Corning-6-Untreated,8,15,23,0.03,61.23,68.43,4.54,63.31,SV,Sac River and Kopta Road - Untreated
2014,10,22,Corning-8-Treated,22,6,28,0.03,61.23,68.43,4.54,63.31,SV,Viola and Orchard Ave.-Treated
2014,10,28,Corning-1-Treated,0,0,0,0.05,58.56,72.86,6.19,61.5,SV,Barham and Samson-Treated
2014,10,28,Corning-2-Treated,1,1,2,0.05,58.56,72.86,6.19,61.5,SV,Dora and Marguerite-Treated
2014,10,28,Corning-4-Treated,6,2,8,0.05,58.56,72.86,6.19,61.5,SV,Fig Lane and Houghton-Treated
2014,10,28,Orland-1-Untreated,9,2,11,0,57.8,72.71,3.23,61.1,SV,Glenn County Fairgrounds-Untreated
2014,10,28,Orland-3-Untreated,10,17,27,0,57.8,72.71,3.23,61.1,SV,Hwy 99W and Road 18 - Untreated
2014,10,28,Orland-4-Untreated,2,1,3,0,57.8,72.71,3.23,61.1,SV,NE of N and 12-Untreated
2014,10,28,Corning-5-Treated,0,0,0,0.05,58.56,72.86,6.19,61.5,SV,Northbound I-5 Rest Area-Treated
2014,10,28,Orland-7-Untreated,0,0,0,0,57.8,72.71,3.23,61.1,SV,Road 200 and Road E-Untreated
2014,10,28,Orland-8,7,16,23,0,57.8,72.71,3.23,61.1,SV,Road 21 and M
2014,10,28,Orland-11-Untreated,22,14,36,0,57.8,72.71,3.23,61.1,SV,SE of N and 16-Untreated
2014,10,28,Corning-6-Untreated,28,30,58,0.05,58.56,72.86,6.19,61.5,SV,Sac River and Kopta Road - Untreated
2014,10,28,Corning-8-Treated,9,3,12,0.05,58.56,72.86,6.19,61.5,SV,Viola and Orchard Ave.-Treated
2014,11,5,Corning-1-Treated,0,0,0,0.2,56.26,75.14,4.73,59.11,SV,Barham and Samson-Treated
2014,11,5,Corning-2-Treated,1,0,1,0.2,56.26,75.14,4.73,59.11,SV,Dora and Marguerite-Treated
2014,11,5,Corning-4-Treated,4,1,5,0.2,56.26,75.14,4.73,59.11,SV,Fig Lane and Houghton-Treated
2014,11,5,Orland-1-Untreated,5,0,5,0,55.03,78.29,2.69,58.79,SV,Glenn County Fairgrounds-Untreated
2014,11,5,Orland-3-Untreated,15,18,33,0,55.03,78.29,2.69,58.79,SV,Hwy 99W and Road 18 - Untreated
2014,11,5,Orland-4-Untreated,0,1,1,0,55.03,78.29,2.69,58.79,SV,NE of N and 12-Untreated
2014,11,5,Corning-5-Treated,0,0,0,0.2,56.26,75.14,4.73,59.11,SV,Northbound I-5 Rest Area-Treated
2014,11,5,Orland-7-Untreated,0,0,0,0,55.03,78.29,2.69,58.79,SV,Road 200 and Road E-Untreated
2014,11,5,Orland-8,6,5,11,0,55.03,78.29,2.69,58.79,SV,Road 21 and M
2014,11,5,Orland-11-Untreated,18,11,29,0,55.03,78.29,2.69,58.79,SV,SE of N and 16-Untreated
2014,11,5,Corning-6-Untreated,26,16,42,0.2,56.26,75.14,4.73,59.11,SV,Sac River and Kopta Road - Untreated
2014,11,5,Corning-8-Treated,3,1,4,0.2,56.26,75.14,4.73,59.11,SV,Viola and Orchard Ave.-Treated
2014,11,11,Corning-1-Treated,0,0,0,0,57.74,75.43,3.53,58.9,SV,Barham and Samson-Treated
2014,11,11,Corning-2-Treated,1,0,1,0,57.74,75.43,3.53,58.9,SV,Dora and Marguerite-Treated
2014,11,11,Corning-4-Treated,3,1,4,0,57.74,75.43,3.53,58.9,SV,Fig Lane and Houghton-Treated
2014,11,11,Orland-1-Untreated,12,4,16,0.07,55.76,81.71,1.89,58.39,SV,Glenn County Fairgrounds-Untreated
2014,11,11,Orland-3-Untreated,21,26,47,0.07,55.76,81.71,1.89,58.39,SV,Hwy 99W and Road 18 - Untreated
2014,11,11,Orland-4-Untreated,2,3,5,0.07,55.76,81.71,1.89,58.39,SV,NE of N and 12-Untreated
2014,11,11,Corning-5-Treated,1,1,2,0,57.74,75.43,3.53,58.9,SV,Northbound I-5 Rest Area-Treated
2014,11,11,Orland-7-Untreated,1,1,2,0.07,55.76,81.71,1.89,58.39,SV,Road 200 and Road E-Untreated
2014,11,11,Orland-8,12,6,18,0.07,55.76,81.71,1.89,58.39,SV,Road 21 and M
2014,11,11,Orland-11-Untreated,51,37,88,0.07,55.76,81.71,1.89,58.39,SV,SE of N and 16-Untreated
2014,11,11,Corning-6-Untreated,9,10,19,0,57.74,75.43,3.53,58.9,SV,Sac River and Kopta Road - Untreated
2014,11,11,Corning-8-Treated,4,4,8,0,57.74,75.43,3.53,58.9,SV,Viola and Orchard Ave.-Treated
2014,11,18,Corning-1-Treated,0,0,0,0.03,51.31,75.57,4.21,57.07,SV,Barham and Samson-Treated
2014,11,18,Corning-2-Treated,0,0,0,0.03,51.31,75.57,4.21,57.07,SV,Dora and Marguerite-Treated
2014,11,18,Corning-4-Treated,2,0,2,0.03,51.31,75.57,4.21,57.07,SV,Fig Lane and Houghton-Treated
2014,11,18,Orland-1-Untreated,1,1,2,0.05,49.94,82.57,2.23,56.06,SV,Glenn County Fairgrounds-Untreated
2014,11,18,Orland-3-Untreated,10,4,14,0.05,49.94,82.57,2.23,56.06,SV,Hwy 99W and Road 18 - Untreated
2014,11,18,Orland-4-Untreated,0,0,0,0.05,49.94,82.57,2.23,56.06,SV,NE of N and 12-Untreated
2014,11,18,Corning-5-Treated,0,0,0,0.03,51.31,75.57,4.21,57.07,SV,Northbound I-5 Rest Area-Treated
2014,11,18,Orland-7-Untreated,4,4,8,0.05,49.94,82.57,2.23,56.06,SV,Road 200 and Road E-Untreated
2014,11,18,Orland-8,3,0,3,0.05,49.94,82.57,2.23,56.06,SV,Road 21 and M
2014,11,18,Orland-11-Untreated,15,6,21,0.05,49.94,82.57,2.23,56.06,SV,SE of N and 16-Untreated
2014,11,18,Corning-6-Untreated,8,3,11,0.03,51.31,75.57,4.21,57.07,SV,Sac River and Kopta Road - Untreated
2014,11,18,Corning-8-Treated,2,0,2,0.03,51.31,75.57,4.21,57.07,SV,Viola and Orchard Ave.-Treated
2014,11,25,Corning-1-Treated,0,0,0,0.14,49.67,86.29,4.97,53.94,SV,Barham and Samson-Treated
2014,11,25,Corning-2-Treated,0,0,0,0.14,49.67,86.29,4.97,53.94,SV,Dora and Marguerite-Treated
2014,11,25,Corning-4-Treated,6,1,7,0.14,49.67,86.29,4.97,53.94,SV,Fig Lane and Houghton-Treated
2014,11,25,Orland-1-Untreated,2,0,2,0.16,48.37,92,2.53,52.96,SV,Glenn County Fairgrounds-Untreated
2014,11,25,Orland-3-Untreated,3,0,3,0.16,48.37,92,2.53,52.96,SV,Hwy 99W and Road 18 - Untreated
2014,11,25,Orland-4-Untreated,0,0,0,0.16,48.37,92,2.53,52.96,SV,NE of N and 12-Untreated
2014,11,25,Corning-5-Treated,0,0,0,0.14,49.67,86.29,4.97,53.94,SV,Northbound I-5 Rest Area-Treated
2014,11,25,Orland-7-Untreated,0,2,2,0.16,48.37,92,2.53,52.96,SV,Road 200 and Road E-Untreated
2014,11,25,Orland-8,0,0,0,0.16,48.37,92,2.53,52.96,SV,Road 21 and M
2014,11,25,Orland-11-Untreated,4,1,5,0.16,48.37,92,2.53,52.96,SV,SE of N and 16-Untreated
2014,11,25,Corning-6-Untreated,11,5,16,0.14,49.67,86.29,4.97,53.94,SV,Sac River and Kopta Road - Untreated
2014,11,25,Corning-8-Treated,0,0,0,0.14,49.67,86.29,4.97,53.94,SV,Viola and Orchard Ave.-Treated
2015,4,6,Corning-1-Treated,26,15,41,0.01,55.3,48.43,7.24,57.31,SV,Barham and Samson-Treated
2015,4,6,Corning-2-Treated,36,21,57,0.01,55.3,48.43,7.24,57.31,SV,Dora and Marguerite-Treated
2015,4,6,Corning-4-Treated,33,19,52,0.01,55.3,48.43,7.24,57.31,SV,Fig Lane and Houghton-Treated
2015,4,6,Orland-1-Untreated,30,15,45,0.02,56.26,46.14,4.89,60.71,SV,Glenn County Fairgrounds-Untreated
2015,4,6,Orland-3-Untreated,1,1,2,0.02,56.26,46.14,4.89,60.71,SV,Hwy 99W and Road 18 - Untreated
2015,4,6,Orland-4-Untreated,2,0,2,0.02,56.26,46.14,4.89,60.71,SV,NE of N and 12-Untreated
2015,4,6,Corning-5-Treated,11,2,13,0.01,55.3,48.43,7.24,57.31,SV,Northbound I-5 Rest Area-Treated
2015,4,6,Orland-7-Untreated,2,0,2,0.02,56.26,46.14,4.89,60.71,SV,Road 200 and Road E-Untreated
2015,4,6,Orland-8,33,20,53,0.02,56.26,46.14,4.89,60.71,SV,Road 21 and M
2015,4,6,Orland-11-Untreated,3,3,6,0.02,56.26,46.14,4.89,60.71,SV,SE of N and 16-Untreated
2015,4,6,Corning-6-Untreated,31,18,49,0.01,55.3,48.43,7.24,57.31,SV,Sac River and Kopta Road - Untreated
2015,4,6,Corning-8-Treated,7,6,13,0.01,55.3,48.43,7.24,57.31,SV,Viola and Orchard Ave.-Treated
2015,4,14,Corning-1-Treated,32,27,59,0,56.79,58.14,5.3,56.13,SV,Barham and Samson-Treated
2015,4,14,Corning-2-Treated,43,30,73,0,56.79,58.14,5.3,56.13,SV,Dora and Marguerite-Treated
2015,4,14,Corning-4-Treated,34,14,48,0,56.79,58.14,5.3,56.13,SV,Fig Lane and Houghton-Treated
2015,4,14,Orland-1-Untreated,20,21,41,0,56.94,57.71,3.6,59.83,SV,Glenn County Fairgrounds-Untreated
2015,4,14,Orland-3-Untreated,10,8,18,0,56.94,57.71,3.6,59.83,SV,Hwy 99W and Road 18 - Untreated
2015,4,14,Orland-4-Untreated,0,1,1,0,56.94,57.71,3.6,59.83,SV,NE of N and 12-Untreated
2015,4,14,Corning-5-Treated,21,8,29,0,56.79,58.14,5.3,56.13,SV,Northbound I-5 Rest Area-Treated
2015,4,14,Orland-7-Untreated,16,24,40,0,56.94,57.71,3.6,59.83,SV,Road 200 and Road E-Untreated
2015,4,14,Orland-8,14,11,25,0,56.94,57.71,3.6,59.83,SV,Road 21 and M
2015,4,14,Orland-11-Untreated,22,10,32,0,56.94,57.71,3.6,59.83,SV,SE of N and 16-Untreated
2015,4,14,Corning-6-Untreated,28,14,42,0,56.79,58.14,5.3,56.13,SV,Sac River and Kopta Road - Untreated
2015,4,14,Corning-8-Treated,5,1,6,0,56.79,58.14,5.3,56.13,SV,Viola and Orchard Ave.-Treated
2015,4,20,Corning-1-Treated,14,20,34,0,63.66,44.86,5.83,58.07,SV,Barham and Samson-Treated
2015,4,20,Corning-2-Treated,26,28,54,0,63.66,44.86,5.83,58.07,SV,Dora and Marguerite-Treated
2015,4,20,Corning-4-Treated,52,35,87,0,63.66,44.86,5.83,58.07,SV,Fig Lane and Houghton-Treated
2015,4,20,Orland-1-Untreated,42,37,79,0,62.17,50.29,3.79,62.5,SV,Glenn County Fairgrounds-Untreated
2015,4,20,Orland-3-Untreated,8,15,23,0,62.17,50.29,3.79,62.5,SV,Hwy 99W and Road 18 - Untreated
2015,4,20,Orland-4-Untreated,3,5,8,0,62.17,50.29,3.79,62.5,SV,NE of N and 12-Untreated
2015,4,20,Corning-5-Treated,86,51,137,0,63.66,44.86,5.83,58.07,SV,Northbound I-5 Rest Area-Treated
2015,4,20,Orland-7-Untreated,30,36,66,0,62.17,50.29,3.79,62.5,SV,Road 200 and Road E-Untreated
2015,4,20,Orland-8,79,59,138,0,62.17,50.29,3.79,62.5,SV,Road 21 and M
2015,4,20,Orland-11-Untreated,35,32,67,0,62.17,50.29,3.79,62.5,SV,SE of N and 16-Untreated
2015,4,20,Corning-6-Untreated,13,9,22,0,63.66,44.86,5.83,58.07,SV,Sac River and Kopta Road - Untreated
2015,4,20,Corning-8-Treated,7,10,17,0,63.66,44.86,5.83,58.07,SV,Viola and Orchard Ave.-Treated
2015,4,27,Corning-1-Treated,1,1,2,0.03,64.87,55.14,6.13,62.06,SV,Barham and Samson-Treated
2015,4,27,Corning-2-Treated,4,1,5,0.03,64.87,55.14,6.13,62.06,SV,Dora and Marguerite-Treated
2015,4,27,Corning-4-Treated,11,8,19,0.03,64.87,55.14,6.13,62.06,SV,Fig Lane and Houghton-Treated
2015,4,27,Orland-1-Untreated,11,8,19,0.16,62.57,68.57,3.27,65.96,SV,Glenn County Fairgrounds-Untreated
2015,4,27,Orland-3-Untreated,3,3,6,0.16,62.57,68.57,3.27,65.96,SV,Hwy 99W and Road 18 - Untreated
2015,4,27,Orland-4-Untreated,0,0,0,0.16,62.57,68.57,3.27,65.96,SV,NE of N and 12-Untreated
2015,4,27,Corning-5-Treated,9,5,14,0.03,64.87,55.14,6.13,62.06,SV,Northbound I-5 Rest Area-Treated
2015,4,27,Orland-7-Untreated,5,8,13,0.16,62.57,68.57,3.27,65.96,SV,Road 200 and Road E-Untreated
2015,4,27,Orland-8,11,10,21,0.16,62.57,68.57,3.27,65.96,SV,Road 21 and M
2015,4,27,Orland-11-Untreated,13,16,29,0.16,62.57,68.57,3.27,65.96,SV,SE of N and 16-Untreated
2015,4,27,Corning-6-Untreated,5,2,7,0.03,64.87,55.14,6.13,62.06,SV,Sac River and Kopta Road - Untreated
2015,4,27,Corning-8-Treated,0,0,0,0.03,64.87,55.14,6.13,62.06,SV,Viola and Orchard Ave.-Treated
2015,5,4,Corning-1-Treated,0,4,4,0,71.2,45.71,5.6,64.41,SV,Barham and Samson-Treated
2015,5,4,Corning-2-Treated,5,4,9,0,71.2,45.71,5.6,64.41,SV,Dora and Marguerite-Treated
2015,5,4,Corning-4-Treated,30,20,50,0,71.2,45.71,5.6,64.41,SV,Fig Lane and Houghton-Treated
2015,5,4,Orland-1-Untreated,44,30,74,0,67.54,60,3.04,68.71,SV,Glenn County Fairgrounds-Untreated
2015,5,4,Orland-3-Untreated,18,16,34,0,67.54,60,3.04,68.71,SV,Hwy 99W and Road 18 - Untreated
2015,5,4,Orland-4-Untreated,1,1,2,0,67.54,60,3.04,68.71,SV,NE of N and 12-Untreated
2015,5,4,Corning-5-Treated,94,87,181,0,71.2,45.71,5.6,64.41,SV,Northbound I-5 Rest Area-Treated
2015,5,4,Orland-7-Untreated,0,0,0,0,67.54,60,3.04,68.71,SV,Road 200 and Road E-Untreated
2015,5,4,Orland-8,44,31,75,0,67.54,60,3.04,68.71,SV,Road 21 and M
2015,5,4,Orland-11-Untreated,64,31,95,0,67.54,60,3.04,68.71,SV,SE of N and 16-Untreated
2015,5,4,Corning-6-Untreated,2,1,3,0,71.2,45.71,5.6,64.41,SV,Sac River and Kopta Road - Untreated
2015,5,4,Corning-8-Treated,0,0,0,0,71.2,45.71,5.6,64.41,SV,Viola and Orchard Ave.-Treated
2015,5,11,Corning-1-Treated,1,12,13,0,65.19,50.14,7.36,64.5,SV,Barham and Samson-Treated
2015,5,11,Corning-2-Treated,1,4,5,0,65.19,50.14,7.36,64.5,SV,Dora and Marguerite-Treated
2015,5,11,Corning-4-Treated,44,23,67,0,65.19,50.14,7.36,64.5,SV,Fig Lane and Houghton-Treated
2015,5,11,Orland-1-Untreated,23,27,50,0,64.44,57.14,3.6,70.11,SV,Glenn County Fairgrounds-Untreated
2015,5,11,Orland-3-Untreated,7,4,11,0,64.44,57.14,3.6,70.11,SV,Hwy 99W and Road 18 - Untreated
2015,5,11,Orland-4-Untreated,1,1,2,0,64.44,57.14,3.6,70.11,SV,NE of N and 12-Untreated
2015,5,11,Corning-5-Treated,53,35,88,0,65.19,50.14,7.36,64.5,SV,Northbound I-5 Rest Area-Treated
2015,5,11,Orland-7-Untreated,72,64,136,0,64.44,57.14,3.6,70.11,SV,Road 200 and Road E-Untreated
2015,5,11,Orland-8,18,10,28,0,64.44,57.14,3.6,70.11,SV,Road 21 and M
2015,5,11,Orland-11-Untreated,22,19,41,0,64.44,57.14,3.6,70.11,SV,SE of N and 16-Untreated
2015,5,11,Corning-6-Untreated,0,1,1,0,65.19,50.14,7.36,64.5,SV,Sac River and Kopta Road - Untreated
2015,5,11,Corning-8-Treated,0,0,0,0,65.19,50.14,7.36,64.5,SV,Viola and Orchard Ave.-Treated
2015,5,18,Corning-1-Treated,1,2,3,0,62.4,58.43,4.96,65.47,SV,Barham and Samson-Treated
2015,5,18,Corning-2-Treated,3,2,5,0,62.4,58.43,4.96,65.47,SV,Dora and Marguerite-Treated
2015,5,18,Corning-4-Treated,23,8,31,0,62.4,58.43,4.96,65.47,SV,Fig Lane and Houghton-Treated
2015,5,18,Orland-1-Untreated,6,1,7,0,61.06,65,3.6,69.56,SV,Glenn County Fairgrounds-Untreated
2015,5,18,Orland-3-Untreated,0,0,0,0,61.06,65,3.6,69.56,SV,Hwy 99W and Road 18 - Untreated
2015,5,18,Orland-4-Untreated,1,0,1,0,61.06,65,3.6,69.56,SV,NE of N and 12-Untreated
2015,5,18,Corning-5-Treated,2,4,6,0,62.4,58.43,4.96,65.47,SV,Northbound I-5 Rest Area-Treated
2015,5,18,Orland-7-Untreated,6,11,17,0,61.06,65,3.6,69.56,SV,Road 200 and Road E-Untreated
2015,5,18,Orland-8,11,8,19,0,61.06,65,3.6,69.56,SV,Road 21 and M
2015,5,18,Orland-11-Untreated,8,6,14,0,61.06,65,3.6,69.56,SV,SE of N and 16-Untreated
2015,5,18,Corning-6-Untreated,0,2,2,0,62.4,58.43,4.96,65.47,SV,Sac River and Kopta Road - Untreated
2015,5,18,Corning-8-Treated,0,0,0,0,62.4,58.43,4.96,65.47,SV,Viola and Orchard Ave.-Treated
2015,5,26,Corning-1-Treated,0,1,1,0,68.19,60.43,5.64,68.44,SV,Barham and Samson-Treated
2015,5,26,Corning-2-Treated,5,2,7,0,68.19,60.43,5.64,68.44,SV,Dora and Marguerite-Treated
2015,5,26,Corning-4-Treated,88,23,111,0,68.19,60.43,5.64,68.44,SV,Fig Lane and Houghton-Treated
2015,5,26,Orland-1-Untreated,3,2,5,0,66.07,66.14,3.77,72.67,SV,Glenn County Fairgrounds-Untreated
2015,5,26,Orland-3-Untreated,2,2,4,0,66.07,66.14,3.77,72.67,SV,Hwy 99W and Road 18 - Untreated
2015,5,26,Orland-4-Untreated,0,0,0,0,66.07,66.14,3.77,72.67,SV,NE of N and 12-Untreated
2015,5,26,Corning-5-Treated,40,17,57,0,68.19,60.43,5.64,68.44,SV,Northbound I-5 Rest Area-Treated
2015,5,26,Orland-7-Untreated,0,0,0,0,66.07,66.14,3.77,72.67,SV,Road 200 and Road E-Untreated
2015,5,26,Orland-8,32,10,42,0,66.07,66.14,3.77,72.67,SV,Road 21 and M
2015,5,26,Orland-11-Untreated,14,10,24,0,66.07,66.14,3.77,72.67,SV,SE of N and 16-Untreated
2015,5,26,Corning-6-Untreated,1,1,2,0,68.19,60.43,5.64,68.44,SV,Sac River and Kopta Road - Untreated
2015,5,26,Corning-8-Treated,0,1,1,0,68.19,60.43,5.64,68.44,SV,Viola and Orchard Ave.-Treated
2015,6,1,Corning-1-Treated,44,10,54,0,71.14,56.86,5.27,69.39,SV,Barham and Samson-Treated
2015,6,1,Corning-2-Treated,11,2,13,0,71.14,56.86,5.27,69.39,SV,Dora and Marguerite-Treated
2015,6,1,Corning-4-Treated,134,41,175,0,71.14,56.86,5.27,69.39,SV,Fig Lane and Houghton-Treated
2015,6,1,Orland-1-Untreated,8,4,12,0,68.37,67.86,3.2,73.37,SV,Glenn County Fairgrounds-Untreated
2015,6,1,Orland-3-Untreated,6,2,8,0,68.37,67.86,3.2,73.37,SV,Hwy 99W and Road 18 - Untreated
2015,6,1,Orland-4-Untreated,1,0,1,0,68.37,67.86,3.2,73.37,SV,NE of N and 12-Untreated
2015,6,1,Corning-5-Treated,22,2,24,0,71.14,56.86,5.27,69.39,SV,Northbound I-5 Rest Area-Treated
2015,6,1,Orland-7-Untreated,2,0,2,0,68.37,67.86,3.2,73.37,SV,Road 200 and Road E-Untreated
2015,6,1,Orland-8,33,17,50,0,68.37,67.86,3.2,73.37,SV,Road 21 and M
2015,6,1,Orland-11-Untreated,29,11,40,0,68.37,67.86,3.2,73.37,SV,SE of N and 16-Untreated
2015,6,1,Corning-6-Untreated,1,1,2,0,71.14,56.86,5.27,69.39,SV,Sac River and Kopta Road - Untreated
2015,6,1,Corning-8-Treated,1,2,3,0,71.14,56.86,5.27,69.39,SV,Viola and Orchard Ave.-Treated
2015,6,8,Corning-1-Treated,146,38,184,0,77.77,46.86,5.76,69.64,SV,Barham and Samson-Treated
2015,6,8,Corning-2-Treated,34,18,52,0,77.77,46.86,5.76,69.64,SV,Dora and Marguerite-Treated
2015,6,8,Corning-4-Treated,253,61,314,0,77.77,46.86,5.76,69.64,SV,Fig Lane and Houghton-Treated
2015,6,8,Orland-1-Untreated,16,5,21,0,74.01,65.86,2.76,74.59,SV,Glenn County Fairgrounds-Untreated
2015,6,8,Orland-3-Untreated,11,2,13,0,74.01,65.86,2.76,74.59,SV,Hwy 99W and Road 18 - Untreated
2015,6,8,Orland-4-Untreated,0,0,0,0,74.01,65.86,2.76,74.59,SV,NE of N and 12-Untreated
2015,6,8,Corning-5-Treated,111,30,141,0,77.77,46.86,5.76,69.64,SV,Northbound I-5 Rest Area-Treated
2015,6,8,Orland-7-Untreated,0,0,0,0,74.01,65.86,2.76,74.59,SV,Road 200 and Road E-Untreated
2015,6,8,Orland-8,17,11,28,0,74.01,65.86,2.76,74.59,SV,Road 21 and M
2015,6,8,Orland-11-Untreated,22,11,33,0,74.01,65.86,2.76,74.59,SV,SE of N and 16-Untreated
2015,6,8,Corning-6-Untreated,4,3,7,0,77.77,46.86,5.76,69.64,SV,Sac River and Kopta Road - Untreated
2015,6,8,Corning-8-Treated,2,2,4,0,77.77,46.86,5.76,69.64,SV,Viola and Orchard Ave.-Treated
2015,6,15,Corning-1-Treated,28,13,41,0,80.69,46.71,5.56,74.1,SV,Barham and Samson-Treated
2015,6,15,Corning-2-Treated,2,2,4,0,80.69,46.71,5.56,74.1,SV,Dora and Marguerite-Treated
2015,6,15,Corning-4-Treated,62,28,90,0,80.69,46.71,5.56,74.1,SV,Fig Lane and Houghton-Treated
2015,6,15,Orland-1-Untreated,8,3,11,0,76.17,66.43,2.83,79.16,SV,Glenn County Fairgrounds-Untreated
2015,6,15,Orland-3-Untreated,2,3,5,0,76.17,66.43,2.83,79.16,SV,Hwy 99W and Road 18 - Untreated
2015,6,15,Orland-4-Untreated,0,0,0,0,76.17,66.43,2.83,79.16,SV,NE of N and 12-Untreated
2015,6,15,Corning-5-Treated,5,3,8,0,80.69,46.71,5.56,74.1,SV,Northbound I-5 Rest Area-Treated
2015,6,15,Orland-7-Untreated,0,0,0,0,76.17,66.43,2.83,79.16,SV,Road 200 and Road E-Untreated
2015,6,15,Orland-8,3,0,3,0,76.17,66.43,2.83,79.16,SV,Road 21 and M
2015,6,15,Orland-11-Untreated,4,3,7,0,76.17,66.43,2.83,79.16,SV,SE of N and 16-Untreated
2015,6,15,Corning-6-Untreated,0,0,0,0,80.69,46.71,5.56,74.1,SV,Sac River and Kopta Road - Untreated
2015,6,15,Corning-8-Treated,1,0,1,0,80.69,46.71,5.56,74.1,SV,Viola and Orchard Ave.-Treated
2015,6,22,Corning-1-Treated,78,36,114,0,77.47,43.57,4.67,74.29,SV,Barham and Samson-Treated
2015,6,22,Corning-2-Treated,1,7,8,0,77.47,43.57,4.67,74.29,SV,Dora and Marguerite-Treated
2015,6,22,Corning-4-Treated,120,40,160,0,77.47,43.57,4.67,74.29,SV,Fig Lane and Houghton-Treated
2015,6,22,Orland-1-Untreated,7,4,11,0,73.24,59.57,2.69,77.77,SV,Glenn County Fairgrounds-Untreated
2015,6,22,Orland-3-Untreated,10,14,24,0,73.24,59.57,2.69,77.77,SV,Hwy 99W and Road 18 - Untreated
2015,6,22,Orland-4-Untreated,0,0,0,0,73.24,59.57,2.69,77.77,SV,NE of N and 12-Untreated
2015,6,22,Corning-5-Treated,19,15,34,0,77.47,43.57,4.67,74.29,SV,Northbound I-5 Rest Area-Treated
2015,6,22,Orland-7-Untreated,0,0,0,0,73.24,59.57,2.69,77.77,SV,Road 200 and Road E-Untreated
2015,6,22,Orland-8,9,6,15,0,73.24,59.57,2.69,77.77,SV,Road 21 and M
2015,6,22,Orland-11-Untreated,17,11,28,0,73.24,59.57,2.69,77.77,SV,SE of N and 16-Untreated
2015,6,22,Corning-6-Untreated,0,0,0,0,77.47,43.57,4.67,74.29,SV,Sac River and Kopta Road - Untreated
2015,6,22,Corning-8-Treated,2,1,3,0,77.47,43.57,4.67,74.29,SV,Viola and Orchard Ave.-Treated
2015,6,29,Corning-1-Treated,102,28,130,0,81.21,48.29,4.14,74.23,SV,Barham and Samson-Treated
2015,6,29,Corning-2-Treated,3,1,4,0,81.21,48.29,4.14,74.23,SV,Dora and Marguerite-Treated
2015,6,29,Corning-4-Treated,32,14,46,0,81.21,48.29,4.14,74.23,SV,Fig Lane and Houghton-Treated
2015,6,29,Orland-1-Untreated,1,1,2,0,77.17,65.29,2.26,78.1,SV,Glenn County Fairgrounds-Untreated
2015,6,29,Orland-3-Untreated,6,2,8,0,77.17,65.29,2.26,78.1,SV,Hwy 99W and Road 18 - Untreated
2015,6,29,Orland-4-Untreated,0,0,0,0,77.17,65.29,2.26,78.1,SV,NE of N and 12-Untreated
2015,6,29,Corning-5-Treated,8,2,10,0,81.21,48.29,4.14,74.23,SV,Northbound I-5 Rest Area-Treated
2015,6,29,Orland-7-Untreated,0,0,0,0,77.17,65.29,2.26,78.1,SV,Road 200 and Road E-Untreated
2015,6,29,Orland-8,8,7,15,0,77.17,65.29,2.26,78.1,SV,Road 21 and M
2015,6,29,Orland-11-Untreated,2,2,4,0,77.17,65.29,2.26,78.1,SV,SE of N and 16-Untreated
2015,6,29,Corning-6-Untreated,0,0,0,0,81.21,48.29,4.14,74.23,SV,Sac River and Kopta Road - Untreated
2015,6,29,Corning-8-Treated,0,0,0,0,81.21,48.29,4.14,74.23,SV,Viola and Orchard Ave.-Treated
2015,7,6,Corning-1-Treated,20,11,31,0,83.46,48.57,5.26,75.91,SV,Barham and Samson-Treated
2015,7,6,Corning-2-Treated,0,1,1,0,83.46,48.57,5.26,75.91,SV,Dora and Marguerite-Treated
2015,7,6,Corning-4-Treated,8,4,12,0,83.46,48.57,5.26,75.91,SV,Fig Lane and Houghton-Treated
2015,7,6,Orland-1-Untreated,1,0,1,0,79.23,65.29,2.83,79.36,SV,Glenn County Fairgrounds-Untreated
2015,7,6,Orland-3-Untreated,1,4,5,0,79.23,65.29,2.83,79.36,SV,Hwy 99W and Road 18 - Untreated
2015,7,6,Orland-4-Untreated,0,0,0,0,79.23,65.29,2.83,79.36,SV,NE of N and 12-Untreated
2015,7,6,Corning-5-Treated,6,0,6,0,83.46,48.57,5.26,75.91,SV,Northbound I-5 Rest Area-Treated
2015,7,6,Orland-7-Untreated,0,0,0,0,79.23,65.29,2.83,79.36,SV,Road 200 and Road E-Untreated
2015,7,6,Orland-8,4,0,4,0,79.23,65.29,2.83,79.36,SV,Road 21 and M
2015,7,6,Orland-11-Untreated,1,1,2,0,79.23,65.29,2.83,79.36,SV,SE of N and 16-Untreated
2015,7,6,Corning-6-Untreated,0,0,0,0,83.46,48.57,5.26,75.91,SV,Sac River and Kopta Road - Untreated
2015,7,6,Corning-8-Treated,0,1,1,0,83.46,48.57,5.26,75.91,SV,Viola and Orchard Ave.-Treated
2015,7,13,Corning-1-Treated,53,24,77,0,73.67,60.14,5.47,73.86,SV,Barham and Samson-Treated
2015,7,13,Corning-2-Treated,4,5,9,0,73.67,60.14,5.47,73.86,SV,Dora and Marguerite-Treated
2015,7,13,Corning-4-Treated,22,8,30,0,73.67,60.14,5.47,73.86,SV,Fig Lane and Houghton-Treated
2015,7,13,Orland-1-Untreated,0,0,0,0,71.39,69.86,3.09,76.4,SV,Glenn County Fairgrounds-Untreated
2015,7,13,Orland-3-Untreated,0,1,1,0,71.39,69.86,3.09,76.4,SV,Hwy 99W and Road 18 - Untreated
2015,7,13,Orland-4-Untreated,0,0,0,0,71.39,69.86,3.09,76.4,SV,NE of N and 12-Untreated
2015,7,13,Corning-5-Treated,1,0,1,0,73.67,60.14,5.47,73.86,SV,Northbound I-5 Rest Area-Treated
2015,7,13,Orland-7-Untreated,0,0,0,0,71.39,69.86,3.09,76.4,SV,Road 200 and Road E-Untreated
2015,7,13,Orland-8,0,0,0,0,71.39,69.86,3.09,76.4,SV,Road 21 and M
2015,7,13,Orland-11-Untreated,2,0,2,0,71.39,69.86,3.09,76.4,SV,SE of N and 16-Untreated
2015,7,13,Corning-6-Untreated,2,2,4,0,73.67,60.14,5.47,73.86,SV,Sac River and Kopta Road - Untreated
2015,7,13,Corning-8-Treated,1,0,1,0,73.67,60.14,5.47,73.86,SV,Viola and Orchard Ave.-Treated
2015,7,20,Corning-1-Treated,28,15,43,0,81.67,46.86,4.69,75.6,SV,Barham and Samson-Treated
2015,7,20,Corning-2-Treated,1,1,2,0,81.67,46.86,4.69,75.6,SV,Dora and Marguerite-Treated
2015,7,20,Corning-4-Treated,0,0,0,0,81.67,46.86,4.69,75.6,SV,Fig Lane and Houghton-Treated
2015,7,20,Orland-1-Untreated,0,0,0,0,76.47,64.57,2.6,75.17,SV,Glenn County Fairgrounds-Untreated
2015,7,20,Orland-3-Untreated,1,2,3,0,76.47,64.57,2.6,75.17,SV,Hwy 99W and Road 18 - Untreated
2015,7,20,Orland-4-Untreated,0,0,0,0,76.47,64.57,2.6,75.17,SV,NE of N and 12-Untreated
2015,7,20,Corning-5-Treated,0,0,0,0,81.67,46.86,4.69,75.6,SV,Northbound I-5 Rest Area-Treated
2015,7,20,Orland-7-Untreated,0,0,0,0,76.47,64.57,2.6,75.17,SV,Road 200 and Road E-Untreated
2015,7,20,Orland-8,0,0,0,0,76.47,64.57,2.6,75.17,SV,Road 21 and M
2015,7,20,Orland-11-Untreated,1,0,1,0,76.47,64.57,2.6,75.17,SV,SE of N and 16-Untreated
2015,7,20,Corning-6-Untreated,0,3,3,0,81.67,46.86,4.69,75.6,SV,Sac River and Kopta Road - Untreated
2015,7,20,Corning-8-Treated,1,2,3,0,81.67,46.86,4.69,75.6,SV,Viola and Orchard Ave.-Treated
2015,7,27,Corning-1-Treated,0,1,1,0,76.19,46.57,5.84,76.06,SV,Barham and Samson-Treated
2015,7,27,Corning-2-Treated,0,2,2,0,76.19,46.57,5.84,76.06,SV,Dora and Marguerite-Treated
2015,7,27,Corning-4-Treated,0,4,4,0,76.19,46.57,5.84,76.06,SV,Fig Lane and Houghton-Treated
2015,7,27,Orland-1-Untreated,0,0,0,0,72.2,63.57,2.99,74.16,SV,Glenn County Fairgrounds-Untreated
2015,7,27,Orland-3-Untreated,3,0,3,0,72.2,63.57,2.99,74.16,SV,Hwy 99W and Road 18 - Untreated
2015,7,27,Orland-4-Untreated,0,0,0,0,72.2,63.57,2.99,74.16,SV,NE of N and 12-Untreated
2015,7,27,Corning-5-Treated,0,1,1,0,76.19,46.57,5.84,76.06,SV,Northbound I-5 Rest Area-Treated
2015,7,27,Orland-7-Untreated,0,0,0,0,72.2,63.57,2.99,74.16,SV,Road 200 and Road E-Untreated
2015,7,27,Orland-8,3,1,4,0,72.2,63.57,2.99,74.16,SV,Road 21 and M
2015,7,27,Orland-11-Untreated,0,0,0,0,72.2,63.57,2.99,74.16,SV,SE of N and 16-Untreated
2015,7,27,Corning-6-Untreated,0,0,0,0,76.19,46.57,5.84,76.06,SV,Sac River and Kopta Road - Untreated
2015,7,27,Corning-8-Treated,1,0,1,0,76.19,46.57,5.84,76.06,SV,Viola and Orchard Ave.-Treated
2015,8,3,Corning-1-Treated,2,2,4,0,80.83,47,4.59,75.29,SV,Barham and Samson-Treated
2015,8,3,Corning-2-Treated,0,2,2,0,80.83,47,4.59,75.29,SV,Dora and Marguerite-Treated
2015,8,3,Corning-4-Treated,1,1,2,0,80.83,47,4.59,75.29,SV,Fig Lane and Houghton-Treated
2015,8,3,Orland-1-Untreated,0,0,0,0,77.06,63.29,2.51,75.69,SV,Glenn County Fairgrounds-Untreated
2015,8,3,Orland-3-Untreated,8,4,12,0,77.06,63.29,2.51,75.69,SV,Hwy 99W and Road 18 - Untreated
2015,8,3,Orland-4-Untreated,1,0,1,0,77.06,63.29,2.51,75.69,SV,NE of N and 12-Untreated
2015,8,3,Corning-5-Treated,1,0,1,0,80.83,47,4.59,75.29,SV,Northbound I-5 Rest Area-Treated
2015,8,3,Orland-7-Untreated,0,0,0,0,77.06,63.29,2.51,75.69,SV,Road 200 and Road E-Untreated
2015,8,3,Orland-8,9,7,16,0,77.06,63.29,2.51,75.69,SV,Road 21 and M
2015,8,3,Orland-11-Untreated,0,0,0,0,77.06,63.29,2.51,75.69,SV,SE of N and 16-Untreated
2015,8,3,Corning-6-Untreated,0,0,0,0,80.83,47,4.59,75.29,SV,Sac River and Kopta Road - Untreated
2015,8,3,Corning-8-Treated,0,0,0,0,80.83,47,4.59,75.29,SV,Viola and Orchard Ave.-Treated
2015,8,11,Corning-1-Treated,5,1,6,0,75.8,53.86,4.23,73.76,SV,Barham and Samson-Treated
2015,8,11,Corning-2-Treated,1,1,2,0,75.8,53.86,4.23,73.76,SV,Dora and Marguerite-Treated
2015,8,11,Corning-4-Treated,0,0,0,0,75.8,53.86,4.23,73.76,SV,Fig Lane and Houghton-Treated
2015,8,11,Orland-1-Untreated,0,0,0,0,72.76,67,2.59,76.16,SV,Glenn County Fairgrounds-Untreated
2015,8,11,Orland-3-Untreated,2,0,2,0,72.76,67,2.59,76.16,SV,Hwy 99W and Road 18 - Untreated
2015,8,11,Orland-4-Untreated,0,0,0,0,72.76,67,2.59,76.16,SV,NE of N and 12-Untreated
2015,8,11,Corning-5-Treated,1,0,1,0,75.8,53.86,4.23,73.76,SV,Northbound I-5 Rest Area-Treated
2015,8,11,Orland-7-Untreated,0,0,0,0,72.76,67,2.59,76.16,SV,Road 200 and Road E-Untreated
2015,8,11,Orland-8,1,1,2,0,72.76,67,2.59,76.16,SV,Road 21 and M
2015,8,11,Orland-11-Untreated,1,0,1,0,72.76,67,2.59,76.16,SV,SE of N and 16-Untreated
2015,8,11,Corning-6-Untreated,0,2,2,0,75.8,53.86,4.23,73.76,SV,Sac River and Kopta Road - Untreated
2015,8,11,Corning-8-Treated,1,0,1,0,75.8,53.86,4.23,73.76,SV,Viola and Orchard Ave.-Treated
2015,8,17,Corning-1-Treated,3,0,3,0,75.56,44.71,4.2,71.8,SV,Barham and Samson-Treated
2015,8,17,Corning-2-Treated,0,1,1,0,75.56,44.71,4.2,71.8,SV,Dora and Marguerite-Treated
2015,8,17,Corning-4-Treated,0,0,0,0,75.56,44.71,4.2,71.8,SV,Fig Lane and Houghton-Treated
2015,8,17,Orland-1-Untreated,0,0,0,0,71.83,63.57,2.39,75.66,SV,Glenn County Fairgrounds-Untreated
2015,8,17,Orland-3-Untreated,3,2,5,0,71.83,63.57,2.39,75.66,SV,Hwy 99W and Road 18 - Untreated
2015,8,17,Orland-4-Untreated,0,0,0,0,71.83,63.57,2.39,75.66,SV,NE of N and 12-Untreated
2015,8,17,Corning-5-Treated,0,0,0,0,75.56,44.71,4.2,71.8,SV,Northbound I-5 Rest Area-Treated
2015,8,17,Orland-7-Untreated,0,0,0,0,71.83,63.57,2.39,75.66,SV,Road 200 and Road E-Untreated
2015,8,17,Orland-8,1,0,1,0,71.83,63.57,2.39,75.66,SV,Road 21 and M
2015,8,17,Orland-11-Untreated,0,0,0,0,71.83,63.57,2.39,75.66,SV,SE of N and 16-Untreated
2015,8,17,Corning-6-Untreated,0,0,0,0,75.56,44.71,4.2,71.8,SV,Sac River and Kopta Road - Untreated
2015,8,17,Corning-8-Treated,0,0,0,0,75.56,44.71,4.2,71.8,SV,Viola and Orchard Ave.-Treated
2015,8,24,Corning-1-Treated,2,0,2,0,75.11,54.86,3.3,71.21,SV,Barham and Samson-Treated
2015,8,24,Corning-2-Treated,0,0,0,0,75.11,54.86,3.3,71.21,SV,Dora and Marguerite-Treated
2015,8,24,Corning-4-Treated,0,0,0,0,75.11,54.86,3.3,71.21,SV,Fig Lane and Houghton-Treated
2015,8,24,Orland-1-Untreated,0,0,0,0,70.97,69.86,2.07,75.84,SV,Glenn County Fairgrounds-Untreated
2015,8,24,Orland-3-Untreated,1,0,1,0,70.97,69.86,2.07,75.84,SV,Hwy 99W and Road 18 - Untreated
2015,8,24,Orland-4-Untreated,0,0,0,0,70.97,69.86,2.07,75.84,SV,NE of N and 12-Untreated
2015,8,24,Corning-5-Treated,0,0,0,0,75.11,54.86,3.3,71.21,SV,Northbound I-5 Rest Area-Treated
2015,8,24,Orland-7-Untreated,0,0,0,0,70.97,69.86,2.07,75.84,SV,Road 200 and Road E-Untreated
2015,8,24,Orland-8,0,0,0,0,70.97,69.86,2.07,75.84,SV,Road 21 and M
2015,8,24,Orland-11-Untreated,2,0,2,0,70.97,69.86,2.07,75.84,SV,SE of N and 16-Untreated
2015,8,24,Corning-6-Untreated,0,0,0,0,75.11,54.86,3.3,71.21,SV,Sac River and Kopta Road - Untreated
2015,8,24,Corning-8-Treated,0,0,0,0,75.11,54.86,3.3,71.21,SV,Viola and Orchard Ave.-Treated
2015,8,31,Corning-1-Treated,0,1,1,0,75.89,47.86,5.23,70.61,SV,Barham and Samson-Treated
2015,8,31,Corning-2-Treated,0,0,0,0,75.89,47.86,5.23,70.61,SV,Dora and Marguerite-Treated
2015,8,31,Corning-4-Treated,0,0,0,0,75.89,47.86,5.23,70.61,SV,Fig Lane and Houghton-Treated
2015,8,31,Orland-1-Untreated,0,0,0,0,72.57,62.71,2.5,74.41,SV,Glenn County Fairgrounds-Untreated
2015,8,31,Orland-3-Untreated,4,2,6,0,72.57,62.71,2.5,74.41,SV,Hwy 99W and Road 18 - Untreated
2015,8,31,Orland-4-Untreated,0,0,0,0,72.57,62.71,2.5,74.41,SV,NE of N and 12-Untreated
2015,8,31,Corning-5-Treated,0,0,0,0,75.89,47.86,5.23,70.61,SV,Northbound I-5 Rest Area-Treated
2015,8,31,Orland-7-Untreated,0,0,0,0,72.57,62.71,2.5,74.41,SV,Road 200 and Road E-Untreated
2015,8,31,Orland-8,7,0,7,0,72.57,62.71,2.5,74.41,SV,Road 21 and M
2015,8,31,Orland-11-Untreated,0,0,0,0,72.57,62.71,2.5,74.41,SV,SE of N and 16-Untreated
2015,8,31,Corning-6-Untreated,0,2,2,0,75.89,47.86,5.23,70.61,SV,Sac River and Kopta Road - Untreated
2015,8,31,Corning-8-Treated,0,0,0,0,75.89,47.86,5.23,70.61,SV,Viola and Orchard Ave.-Treated
2015,9,8,Corning-1-Treated,0,0,0,0,70.89,41.57,5.17,70.24,SV,Barham and Samson-Treated
2015,9,8,Corning-2-Treated,0,2,2,0,70.89,41.57,5.17,70.24,SV,Dora and Marguerite-Treated
2015,9,8,Corning-4-Treated,0,1,1,0,70.89,41.57,5.17,70.24,SV,Fig Lane and Houghton-Treated
2015,9,8,Orland-1-Untreated,0,0,0,0,66.93,58.43,2.66,71.96,SV,Glenn County Fairgrounds-Untreated
2015,9,8,Orland-3-Untreated,12,8,20,0,66.93,58.43,2.66,71.96,SV,Hwy 99W and Road 18 - Untreated
2015,9,8,Orland-4-Untreated,1,0,1,0,66.93,58.43,2.66,71.96,SV,NE of N and 12-Untreated
2015,9,8,Corning-5-Treated,0,0,0,0,70.89,41.57,5.17,70.24,SV,Northbound I-5 Rest Area-Treated
2015,9,8,Orland-7-Untreated,0,0,0,0,66.93,58.43,2.66,71.96,SV,Road 200 and Road E-Untreated
2015,9,8,Orland-8,23,12,35,0,66.93,58.43,2.66,71.96,SV,Road 21 and M
2015,9,8,Orland-11-Untreated,2,2,4,0,66.93,58.43,2.66,71.96,SV,SE of N and 16-Untreated
2015,9,8,Corning-6-Untreated,0,0,0,0,70.89,41.57,5.17,70.24,SV,Sac River and Kopta Road - Untreated
2015,9,8,Corning-8-Treated,0,0,0,0,70.89,41.57,5.17,70.24,SV,Viola and Orchard Ave.-Treated
2015,9,15,Corning-1-Treated,0,0,0,0,74.61,50.29,3.86,71.93,SV,Barham and Samson-Treated
2015,9,15,Corning-2-Treated,1,0,1,0,74.61,50.29,3.86,71.93,SV,Dora and Marguerite-Treated
2015,9,15,Corning-4-Treated,0,0,0,0,74.61,50.29,3.86,71.93,SV,Fig Lane and Houghton-Treated
2015,9,15,Orland-1-Untreated,0,0,0,0,71.31,67.71,2.31,73.27,SV,Glenn County Fairgrounds-Untreated
2015,9,15,Orland-3-Untreated,8,2,10,0,71.31,67.71,2.31,73.27,SV,Hwy 99W and Road 18 - Untreated
2015,9,15,Orland-4-Untreated,0,0,0,0,71.31,67.71,2.31,73.27,SV,NE of N and 12-Untreated
2015,9,15,Corning-5-Treated,0,0,0,0,74.61,50.29,3.86,71.93,SV,Northbound I-5 Rest Area-Treated
2015,9,15,Orland-7-Untreated,0,0,0,0,71.31,67.71,2.31,73.27,SV,Road 200 and Road E-Untreated
2015,9,15,Orland-8,9,10,19,0,71.31,67.71,2.31,73.27,SV,Road 21 and M
2015,9,15,Orland-11-Untreated,0,0,0,0,71.31,67.71,2.31,73.27,SV,SE of N and 16-Untreated
2015,9,15,Corning-6-Untreated,0,0,0,0,74.61,50.29,3.86,71.93,SV,Sac River and Kopta Road - Untreated
2015,9,15,Corning-8-Treated,0,0,0,0,74.61,50.29,3.86,71.93,SV,Viola and Orchard Ave.-Treated
2015,9,21,Corning-1-Treated,0,0,0,0.01,67.69,58.43,4.36,68.89,SV,Barham and Samson-Treated
2015,9,21,Corning-2-Treated,1,0,1,0.01,67.69,58.43,4.36,68.89,SV,Dora and Marguerite-Treated
2015,9,21,Corning-4-Treated,0,0,0,0.01,67.69,58.43,4.36,68.89,SV,Fig Lane and Houghton-Treated
2015,9,21,Orland-1-Untreated,2,0,2,0.02,65.89,67.86,2.47,69.51,SV,Glenn County Fairgrounds-Untreated
2015,9,21,Orland-3-Untreated,5,1,6,0.02,65.89,67.86,2.47,69.51,SV,Hwy 99W and Road 18 - Untreated
2015,9,21,Orland-4-Untreated,0,0,0,0.02,65.89,67.86,2.47,69.51,SV,NE of N and 12-Untreated
2015,9,21,Corning-5-Treated,0,0,0,0.01,67.69,58.43,4.36,68.89,SV,Northbound I-5 Rest Area-Treated
2015,9,21,Orland-7-Untreated,0,0,0,0.02,65.89,67.86,2.47,69.51,SV,Road 200 and Road E-Untreated
2015,9,21,Orland-8,7,3,10,0.02,65.89,67.86,2.47,69.51,SV,Road 21 and M
2015,9,21,Orland-11-Untreated,0,1,1,0.02,65.89,67.86,2.47,69.51,SV,SE of N and 16-Untreated
2015,9,21,Corning-6-Untreated,1,0,1,0.01,67.69,58.43,4.36,68.89,SV,Sac River and Kopta Road - Untreated
2015,9,21,Corning-8-Treated,0,0,0,0.01,67.69,58.43,4.36,68.89,SV,Viola and Orchard Ave.-Treated
2015,9,29,Corning-1-Treated,0,0,0,0,70.34,47.57,3.34,68.74,SV,Barham and Samson-Treated
2015,9,29,Corning-2-Treated,1,0,1,0,70.34,47.57,3.34,68.74,SV,Dora and Marguerite-Treated
2015,9,29,Corning-4-Treated,1,0,1,0,70.34,47.57,3.34,68.74,SV,Fig Lane and Houghton-Treated
2015,9,29,Orland-1-Untreated,1,0,1,0,68.2,56.71,2.03,68.47,SV,Glenn County Fairgrounds-Untreated
2015,9,29,Orland-3-Untreated,7,2,9,0,68.2,56.71,2.03,68.47,SV,Hwy 99W and Road 18 - Untreated
2015,9,29,Orland-4-Untreated,1,0,1,0,68.2,56.71,2.03,68.47,SV,NE of N and 12-Untreated
2015,9,29,Corning-5-Treated,0,0,0,0,70.34,47.57,3.34,68.74,SV,Northbound I-5 Rest Area-Treated
2015,9,29,Orland-7-Untreated,0,0,0,0,68.2,56.71,2.03,68.47,SV,Road 200 and Road E-Untreated
2015,9,29,Orland-8,13,4,17,0,68.2,56.71,2.03,68.47,SV,Road 21 and M
2015,9,29,Orland-11-Untreated,1,1,2,0,68.2,56.71,2.03,68.47,SV,SE of N and 16-Untreated
2015,9,29,Corning-6-Untreated,2,3,5,0,70.34,47.57,3.34,68.74,SV,Sac River and Kopta Road - Untreated
2015,9,29,Corning-8-Treated,0,0,0,0,70.34,47.57,3.34,68.74,SV,Viola and Orchard Ave.-Treated
2015,10,5,Corning-1-Treated,0,0,0,0,67.4,50.17,5.23,66.49,SV,Barham and Samson-Treated
2015,10,5,Corning-2-Treated,1,1,2,0,67.4,50.17,5.23,66.49,SV,Dora and Marguerite-Treated
2015,10,5,Corning-4-Treated,0,0,0,0,67.4,50.17,5.23,66.49,SV,Fig Lane and Houghton-Treated
2015,10,5,Orland-1-Untreated,1,1,2,0.01,66.14,59.86,2.61,65.74,SV,Glenn County Fairgrounds-Untreated
2015,10,5,Orland-3-Untreated,3,1,4,0.01,66.14,59.86,2.61,65.74,SV,Hwy 99W and Road 18 - Untreated
2015,10,5,Orland-4-Untreated,2,0,2,0.01,66.14,59.86,2.61,65.74,SV,NE of N and 12-Untreated
2015,10,5,Corning-5-Treated,0,0,0,0,67.4,50.17,5.23,66.49,SV,Northbound I-5 Rest Area-Treated
2015,10,5,Orland-7-Untreated,0,0,0,0.01,66.14,59.86,2.61,65.74,SV,Road 200 and Road E-Untreated
2015,10,5,Orland-8,27,6,33,0.01,66.14,59.86,2.61,65.74,SV,Road 21 and M
2015,10,5,Orland-11-Untreated,2,2,4,0.01,66.14,59.86,2.61,65.74,SV,SE of N and 16-Untreated
2015,10,5,Corning-6-Untreated,4,3,7,0,67.4,50.17,5.23,66.49,SV,Sac River and Kopta Road - Untreated
2015,10,5,Corning-8-Treated,0,0,0,0,67.4,50.17,5.23,66.49,SV,Viola and Orchard Ave.-Treated
2015,10,12,Corning-1-Treated,0,0,0,0,70.86,52.6,3.09,68.11,SV,Barham and Samson-Treated
2015,10,12,Corning-2-Treated,0,0,0,0,70.86,52.6,3.09,68.11,SV,Dora and Marguerite-Treated
2015,10,12,Corning-4-Treated,1,0,1,0,70.86,52.6,3.09,68.11,SV,Fig Lane and Houghton-Treated
2015,10,12,Orland-1-Untreated,2,5,7,0,67.17,68.57,1.9,67.91,SV,Glenn County Fairgrounds-Untreated
2015,10,12,Orland-3-Untreated,4,3,7,0,67.17,68.57,1.9,67.91,SV,Hwy 99W and Road 18 - Untreated
2015,10,12,Orland-4-Untreated,0,0,0,0,67.17,68.57,1.9,67.91,SV,NE of N and 12-Untreated
2015,10,12,Corning-5-Treated,0,0,0,0,70.86,52.6,3.09,68.11,SV,Northbound I-5 Rest Area-Treated
2015,10,12,Orland-7-Untreated,1,1,2,0,67.17,68.57,1.9,67.91,SV,Road 200 and Road E-Untreated
2015,10,12,Orland-8,82,55,137,0,67.17,68.57,1.9,67.91,SV,Road 21 and M
2015,10,12,Orland-11-Untreated,3,5,8,0,67.17,68.57,1.9,67.91,SV,SE of N and 16-Untreated
2015,10,12,Corning-6-Untreated,1,1,2,0,70.86,52.6,3.09,68.11,SV,Sac River and Kopta Road - Untreated
2015,10,12,Corning-8-Treated,0,0,0,0,70.86,52.6,3.09,68.11,SV,Viola and Orchard Ave.-Treated
2015,10,19,Corning-1-Treated,0,0,0,0.01,67.33,60.71,3.44,67.46,SV,Barham and Samson-Treated
2015,10,19,Corning-2-Treated,0,3,3,0.01,67.33,60.71,3.44,67.46,SV,Dora and Marguerite-Treated
2015,10,19,Corning-4-Treated,2,0,2,0.01,67.33,60.71,3.44,67.46,SV,Fig Lane and Houghton-Treated
2015,10,19,Orland-1-Untreated,3,5,8,0.09,66.41,68.86,2.1,67.87,SV,Glenn County Fairgrounds-Untreated
2015,10,19,Orland-3-Untreated,7,3,10,0.09,66.41,68.86,2.1,67.87,SV,Hwy 99W and Road 18 - Untreated
2015,10,19,Orland-4-Untreated,0,0,0,0.09,66.41,68.86,2.1,67.87,SV,NE of N and 12-Untreated
2015,10,19,Corning-5-Treated,0,0,0,0.01,67.33,60.71,3.44,67.46,SV,Northbound I-5 Rest Area-Treated
2015,10,19,Orland-7-Untreated,0,1,1,0.09,66.41,68.86,2.1,67.87,SV,Road 200 and Road E-Untreated
2015,10,19,Orland-8,86,55,141,0.09,66.41,68.86,2.1,67.87,SV,Road 21 and M
2015,10,19,Orland-11-Untreated,5,5,10,0.09,66.41,68.86,2.1,67.87,SV,SE of N and 16-Untreated
2015,10,19,Corning-6-Untreated,0,1,1,0.01,67.33,60.71,3.44,67.46,SV,Sac River and Kopta Road - Untreated
2015,10,19,Corning-8-Treated,0,0,0,0.01,67.33,60.71,3.44,67.46,SV,Viola and Orchard Ave.-Treated
2015,10,26,Corning-1-Treated,0,0,0,0,63.69,54,4.4,64.01,SV,Barham and Samson-Treated
2015,10,26,Corning-2-Treated,1,3,4,0,63.69,54,4.4,64.01,SV,Dora and Marguerite-Treated
2015,10,26,Corning-4-Treated,7,4,11,0,63.69,54,4.4,64.01,SV,Fig Lane and Houghton-Treated
2015,10,26,Orland-1-Untreated,10,6,16,0,62.04,63.71,2.46,64.3,SV,Glenn County Fairgrounds-Untreated
2015,10,26,Orland-3-Untreated,85,52,137,0,62.04,63.71,2.46,64.3,SV,Hwy 99W and Road 18 - Untreated
2015,10,26,Orland-4-Untreated,9,3,12,0,62.04,63.71,2.46,64.3,SV,NE of N and 12-Untreated
2015,10,26,Corning-5-Treated,0,1,1,0,63.69,54,4.4,64.01,SV,Northbound I-5 Rest Area-Treated
2015,10,26,Orland-7-Untreated,10,6,16,0,62.04,63.71,2.46,64.3,SV,Road 200 and Road E-Untreated
2015,10,26,Orland-8,42,26,68,0,62.04,63.71,2.46,64.3,SV,Road 21 and M
2015,10,26,Orland-11-Untreated,29,38,67,0,62.04,63.71,2.46,64.3,SV,SE of N and 16-Untreated
2015,10,26,Corning-6-Untreated,4,2,6,0,63.69,54,4.4,64.01,SV,Sac River and Kopta Road - Untreated
2015,10,26,Corning-8-Treated,1,0,1,0,63.69,54,4.4,64.01,SV,Viola and Orchard Ave.-Treated
2015,11,2,Corning-1-Treated,0,0,0,0.03,60.73,67.43,5.06,62.26,SV,Barham and Samson-Treated
2015,11,2,Corning-2-Treated,5,2,7,0.03,60.73,67.43,5.06,62.26,SV,Dora and Marguerite-Treated
2015,11,2,Corning-4-Treated,14,6,20,0.03,60.73,67.43,5.06,62.26,SV,Fig Lane and Houghton-Treated
2015,11,2,Orland-1-Untreated,7,12,19,0.13,59.47,73,2.7,61.74,SV,Glenn County Fairgrounds-Untreated
2015,11,2,Orland-3-Untreated,36,35,71,0.13,59.47,73,2.7,61.74,SV,Hwy 99W and Road 18 - Untreated
2015,11,2,Orland-4-Untreated,16,7,23,0.13,59.47,73,2.7,61.74,SV,NE of N and 12-Untreated
2015,11,2,Corning-5-Treated,0,3,3,0.03,60.73,67.43,5.06,62.26,SV,Northbound I-5 Rest Area-Treated
2015,11,2,Orland-7-Untreated,113,92,205,0.13,59.47,73,2.7,61.74,SV,Road 200 and Road E-Untreated
2015,11,2,Orland-8,41,19,60,0.13,59.47,73,2.7,61.74,SV,Road 21 and M
2015,11,2,Orland-11-Untreated,42,29,71,0.13,59.47,73,2.7,61.74,SV,SE of N and 16-Untreated
2015,11,2,Corning-6-Untreated,1,6,7,0.03,60.73,67.43,5.06,62.26,SV,Sac River and Kopta Road - Untreated
2015,11,2,Corning-8-Treated,1,4,5,0.03,60.73,67.43,5.06,62.26,SV,Viola and Orchard Ave.-Treated
2015,11,10,Corning-1-Treated,1,0,1,0.1,49.1,70.14,4.71,56.11,SV,Barham and Samson-Treated
2015,11,10,Corning-2-Treated,3,2,5,0.1,49.1,70.14,4.71,56.11,SV,Dora and Marguerite-Treated
2015,11,10,Corning-4-Treated,13,2,15,0.1,49.1,70.14,4.71,56.11,SV,Fig Lane and Houghton-Treated
2015,11,10,Orland-1-Untreated,10,13,23,0.1,48.23,79.29,2.6,55.4,SV,Glenn County Fairgrounds-Untreated
2015,11,10,Orland-3-Untreated,12,10,22,0.1,48.23,79.29,2.6,55.4,SV,Hwy 99W and Road 18 - Untreated
2015,11,10,Orland-4-Untreated,23,11,34,0.1,48.23,79.29,2.6,55.4,SV,NE of N and 12-Untreated
2015,11,10,Corning-5-Treated,9,8,17,0.1,49.1,70.14,4.71,56.11,SV,Northbound I-5 Rest Area-Treated
2015,11,10,Orland-7-Untreated,32,33,65,0.1,48.23,79.29,2.6,55.4,SV,Road 200 and Road E-Untreated
2015,11,10,Orland-8,17,9,26,0.1,48.23,79.29,2.6,55.4,SV,Road 21 and M
2015,11,10,Orland-11-Untreated,18,21,39,0.1,48.23,79.29,2.6,55.4,SV,SE of N and 16-Untreated
2015,11,10,Corning-6-Untreated,1,4,5,0.1,49.1,70.14,4.71,56.11,SV,Sac River and Kopta Road - Untreated
2015,11,10,Corning-8-Treated,3,2,5,0.1,49.1,70.14,4.71,56.11,SV,Viola and Orchard Ave.-Treated
2015,11,17,Corning-1-Treated,0,0,0,0.07,49.36,68.57,5.16,53.16,SV,Barham and Samson-Treated
2015,11,17,Corning-2-Treated,0,0,0,0.07,49.36,68.57,5.16,53.16,SV,Dora and Marguerite-Treated
2015,11,17,Corning-4-Treated,0,0,0,0.07,49.36,68.57,5.16,53.16,SV,Fig Lane and Houghton-Treated
2015,11,17,Orland-1-Untreated,1,0,1,0.05,47.74,73.86,2.94,52.06,SV,Glenn County Fairgrounds-Untreated
2015,11,17,Orland-3-Untreated,2,0,2,0.05,47.74,73.86,2.94,52.06,SV,Hwy 99W and Road 18 - Untreated
2015,11,17,Orland-4-Untreated,0,0,0,0.05,47.74,73.86,2.94,52.06,SV,NE of N and 12-Untreated
2015,11,17,Corning-5-Treated,0,0,0,0.07,49.36,68.57,5.16,53.16,SV,Northbound I-5 Rest Area-Treated
2015,11,17,Orland-7-Untreated,4,8,12,0.05,47.74,73.86,2.94,52.06,SV,Road 200 and Road E-Untreated
2015,11,17,Orland-8,0,0,0,0.05,47.74,73.86,2.94,52.06,SV,Road 21 and M
2015,11,17,Orland-11-Untreated,3,1,4,0.05,47.74,73.86,2.94,52.06,SV,SE of N and 16-Untreated
2015,11,17,Corning-6-Untreated,1,0,1,0.07,49.36,68.57,5.16,53.16,SV,Sac River and Kopta Road - Untreated
2015,11,17,Corning-8-Treated,0,0,0,0.07,49.36,68.57,5.16,53.16,SV,Viola and Orchard Ave.-Treated
2016,4,4,Corning-1-Treated,1,0,1,0,59.24,64.14,4.43,57.39,SV,Barham and Samson-Treated
2016,4,4,Corning-2-Treated,1,1,2,0,59.24,64.14,4.43,57.39,SV,Dora and Marguerite-Treated
2016,4,4,Corning-4-Treated,0,0,0,0,59.24,64.14,4.43,57.39,SV,Fig Lane and Houghton-Treated
2016,4,4,Orland-1-Untreated,20,17,37,0,59.76,60.43,3.07,59.66,SV,Glenn County Fairgrounds-Untreated
2016,4,4,Orland-3-Untreated,5,10,15,0,59.76,60.43,3.07,59.66,SV,Hwy 99W and Road 18 - Untreated
2016,4,4,Orland-4-Untreated,0,0,0,0,59.76,60.43,3.07,59.66,SV,NE of N and 12-Untreated
2016,4,4,Corning-5-Treated,1,0,1,0,59.24,64.14,4.43,57.39,SV,Northbound I-5 Rest Area-Treated
2016,4,4,Orland-7-Untreated,1,1,2,0,59.76,60.43,3.07,59.66,SV,Road 200 and Road E-Untreated
2016,4,4,Orland-8,3,4,7,0,59.76,60.43,3.07,59.66,SV,Road 21 and M
2016,4,4,Orland-11-Untreated,15,16,31,0,59.76,60.43,3.07,59.66,SV,SE of N and 16-Untreated
2016,4,4,Corning-6-Untreated,3,0,3,0,59.24,64.14,4.43,57.39,SV,Sac River and Kopta Road - Untreated
2016,4,4,Corning-8-Treated,0,0,0,0,59.24,64.14,4.43,57.39,SV,Viola and Orchard Ave.-Treated
2016,4,11,Corning-1-Treated,5,2,7,0.03,64.81,63.57,5.57,62.21,SV,Barham and Samson-Treated
2016,4,11,Corning-2-Treated,9,4,13,0.03,64.81,63.57,5.57,62.21,SV,Dora and Marguerite-Treated
2016,4,11,Corning-4-Treated,13,4,17,0.03,64.81,63.57,5.57,62.21,SV,Fig Lane and Houghton-Treated
2016,4,11,Orland-1-Untreated,218,58,276,0.01,63.8,65.43,3.6,64.24,SV,Glenn County Fairgrounds-Untreated
2016,4,11,Orland-3-Untreated,78,30,108,0.01,63.8,65.43,3.6,64.24,SV,Hwy 99W and Road 18 - Untreated
2016,4,11,Orland-4-Untreated,2,0,2,0.01,63.8,65.43,3.6,64.24,SV,NE of N and 12-Untreated
2016,4,11,Corning-5-Treated,13,4,17,0.03,64.81,63.57,5.57,62.21,SV,Northbound I-5 Rest Area-Treated
2016,4,11,Orland-7-Untreated,52,15,67,0.01,63.8,65.43,3.6,64.24,SV,Road 200 and Road E-Untreated
2016,4,11,Orland-8,6,7,13,0.01,63.8,65.43,3.6,64.24,SV,Road 21 and M
2016,4,11,Orland-11-Untreated,56,28,84,0.01,63.8,65.43,3.6,64.24,SV,SE of N and 16-Untreated
2016,4,11,Corning-6-Untreated,10,2,12,0.03,64.81,63.57,5.57,62.21,SV,Sac River and Kopta Road - Untreated
2016,4,11,Corning-8-Treated,2,0,2,0.03,64.81,63.57,5.57,62.21,SV,Viola and Orchard Ave.-Treated
2016,4,18,Corning-1-Treated,3,1,4,0,61.54,57.86,6,62.9,SV,Barham and Samson-Treated
2016,4,18,Corning-2-Treated,17,9,26,0,61.54,57.86,6,62.9,SV,Dora and Marguerite-Treated
2016,4,18,Corning-4-Treated,3,2,5,0,61.54,57.86,6,62.9,SV,Fig Lane and Houghton-Treated
2016,4,18,Orland-1-Untreated,101,31,132,0,61.14,60.57,3.74,65.46,SV,Glenn County Fairgrounds-Untreated
2016,4,18,Orland-3-Untreated,21,3,24,0,61.14,60.57,3.74,65.46,SV,Hwy 99W and Road 18 - Untreated
2016,4,18,Orland-4-Untreated,3,0,3,0,61.14,60.57,3.74,65.46,SV,NE of N and 12-Untreated
2016,4,18,Corning-5-Treated,30,12,42,0,61.54,57.86,6,62.9,SV,Northbound I-5 Rest Area-Treated
2016,4,18,Orland-7-Untreated,131,34,165,0,61.14,60.57,3.74,65.46,SV,Road 200 and Road E-Untreated
2016,4,18,Orland-8,26,8,34,0,61.14,60.57,3.74,65.46,SV,Road 21 and M
2016,4,18,Orland-11-Untreated,32,10,42,0,61.14,60.57,3.74,65.46,SV,SE of N and 16-Untreated
2016,4,18,Corning-6-Untreated,2,0,2,0,61.54,57.86,6,62.9,SV,Sac River and Kopta Road - Untreated
2016,4,18,Corning-8-Treated,1,0,1,0,61.54,57.86,6,62.9,SV,Viola and Orchard Ave.-Treated
2016,4,25,Corning-1-Treated,3,0,3,0.08,60.76,58.86,7.27,63.59,SV,Barham and Samson-Treated
2016,4,25,Corning-2-Treated,8,3,11,0.08,60.76,58.86,7.27,63.59,SV,Dora and Marguerite-Treated
2016,4,25,Corning-4-Treated,6,0,6,0.08,60.76,58.86,7.27,63.59,SV,Fig Lane and Houghton-Treated
2016,4,25,Orland-1-Untreated,20,10,30,0.09,60.8,60.14,4.3,66.41,SV,Glenn County Fairgrounds-Untreated
2016,4,25,Orland-3-Untreated,4,4,8,0.09,60.8,60.14,4.3,66.41,SV,Hwy 99W and Road 18 - Untreated
2016,4,25,Orland-4-Untreated,0,0,0,0.09,60.8,60.14,4.3,66.41,SV,NE of N and 12-Untreated
2016,4,25,Corning-5-Treated,16,6,22,0.08,60.76,58.86,7.27,63.59,SV,Northbound I-5 Rest Area-Treated
2016,4,25,Orland-7-Untreated,68,20,88,0.09,60.8,60.14,4.3,66.41,SV,Road 200 and Road E-Untreated
2016,4,25,Orland-8,3,2,5,0.09,60.8,60.14,4.3,66.41,SV,Road 21 and M
2016,4,25,Orland-11-Untreated,14,7,21,0.09,60.8,60.14,4.3,66.41,SV,SE of N and 16-Untreated
2016,4,25,Corning-6-Untreated,1,0,1,0.08,60.76,58.86,7.27,63.59,SV,Sac River and Kopta Road - Untreated
2016,4,25,Corning-8-Treated,1,0,1,0.08,60.76,58.86,7.27,63.59,SV,Viola and Orchard Ave.-Treated
2016,5,2,Corning-1-Treated,1,2,3,0,64.64,45.86,7.44,61.83,SV,Barham and Samson-Treated
2016,5,2,Corning-2-Treated,17,8,25,0,64.64,45.86,7.44,61.83,SV,Dora and Marguerite-Treated
2016,5,2,Corning-4-Treated,8,3,11,0,64.64,45.86,7.44,61.83,SV,Fig Lane and Houghton-Treated
2016,5,2,Orland-1-Untreated,19,4,23,0,64.23,50.71,4.07,65.21,SV,Glenn County Fairgrounds-Untreated
2016,5,2,Orland-3-Untreated,6,2,8,0,64.23,50.71,4.07,65.21,SV,Hwy 99W and Road 18 - Untreated
2016,5,2,Orland-4-Untreated,0,0,0,0,64.23,50.71,4.07,65.21,SV,NE of N and 12-Untreated
2016,5,2,Corning-5-Treated,86,25,111,0,64.64,45.86,7.44,61.83,SV,Northbound I-5 Rest Area-Treated
2016,5,2,Orland-7-Untreated,169,54,223,0,64.23,50.71,4.07,65.21,SV,Road 200 and Road E-Untreated
2016,5,2,Orland-8,4,1,5,0,64.23,50.71,4.07,65.21,SV,Road 21 and M
2016,5,2,Orland-11-Untreated,18,17,35,0,64.23,50.71,4.07,65.21,SV,SE of N and 16-Untreated
2016,5,2,Corning-6-Untreated,12,7,19,0,64.64,45.86,7.44,61.83,SV,Sac River and Kopta Road - Untreated
2016,5,2,Corning-8-Treated,2,0,2,0,64.64,45.86,7.44,61.83,SV,Viola and Orchard Ave.-Treated
2016,5,9,Corning-1-Treated,1,0,1,0.13,63.26,78.14,4.49,64.79,SV,Barham and Samson-Treated
2016,5,9,Corning-2-Treated,7,4,11,0.13,63.26,78.14,4.49,64.79,SV,Dora and Marguerite-Treated
2016,5,9,Corning-4-Treated,0,0,0,0.13,63.26,78.14,4.49,64.79,SV,Fig Lane and Houghton-Treated
2016,5,9,Orland-1-Untreated,3,0,3,0.11,62.81,80.43,2.56,67.77,SV,Glenn County Fairgrounds-Untreated
2016,5,9,Orland-3-Untreated,1,0,1,0.11,62.81,80.43,2.56,67.77,SV,Hwy 99W and Road 18 - Untreated
2016,5,9,Orland-4-Untreated,0,1,1,0.11,62.81,80.43,2.56,67.77,SV,NE of N and 12-Untreated
2016,5,9,Corning-5-Treated,6,3,9,0.13,63.26,78.14,4.49,64.79,SV,Northbound I-5 Rest Area-Treated
2016,5,9,Orland-7-Untreated,12,4,16,0.11,62.81,80.43,2.56,67.77,SV,Road 200 and Road E-Untreated
2016,5,9,Orland-8,0,0,0,0.11,62.81,80.43,2.56,67.77,SV,Road 21 and M
2016,5,9,Orland-11-Untreated,2,3,5,0.11,62.81,80.43,2.56,67.77,SV,SE of N and 16-Untreated
2016,5,9,Corning-6-Untreated,6,0,6,0.13,63.26,78.14,4.49,64.79,SV,Sac River and Kopta Road - Untreated
2016,5,9,Corning-8-Treated,0,0,0,0.13,63.26,78.14,4.49,64.79,SV,Viola and Orchard Ave.-Treated
2016,5,16,Corning-1-Treated,1,1,2,0,69.43,51.86,6.66,67.86,SV,Barham and Samson-Treated
2016,5,16,Corning-2-Treated,5,4,9,0,69.43,51.86,6.66,67.86,SV,Dora and Marguerite-Treated
2016,5,16,Corning-4-Treated,5,3,8,0,69.43,51.86,6.66,67.86,SV,Fig Lane and Houghton-Treated
2016,5,16,Orland-1-Untreated,22,15,37,0,67.93,60.43,3.41,72.66,SV,Glenn County Fairgrounds-Untreated
2016,5,16,Orland-3-Untreated,0,1,1,0,67.93,60.43,3.41,72.66,SV,Hwy 99W and Road 18 - Untreated
2016,5,16,Orland-4-Untreated,0,0,0,0,67.93,60.43,3.41,72.66,SV,NE of N and 12-Untreated
2016,5,16,Corning-5-Treated,28,21,49,0,69.43,51.86,6.66,67.86,SV,Northbound I-5 Rest Area-Treated
2016,5,16,Orland-7-Untreated,10,6,16,0,67.93,60.43,3.41,72.66,SV,Road 200 and Road E-Untreated
2016,5,16,Orland-8,0,0,0,0,67.93,60.43,3.41,72.66,SV,Road 21 and M
2016,5,16,Orland-11-Untreated,5,8,13,0,67.93,60.43,3.41,72.66,SV,SE of N and 16-Untreated
2016,5,16,Corning-6-Untreated,1,1,2,0,69.43,51.86,6.66,67.86,SV,Sac River and Kopta Road - Untreated
2016,5,16,Corning-8-Treated,0,0,0,0,69.43,51.86,6.66,67.86,SV,Viola and Orchard Ave.-Treated
2016,5,23,Corning-1-Treated,0,0,0,0.03,65.57,52.86,6.81,66.63,SV,Barham and Samson-Treated
2016,5,23,Corning-2-Treated,13,2,15,0.03,65.57,52.86,6.81,66.63,SV,Dora and Marguerite-Treated
2016,5,23,Corning-4-Treated,12,7,19,0.03,65.57,52.86,6.81,66.63,SV,Fig Lane and Houghton-Treated
2016,5,23,Orland-1-Untreated,9,11,20,0.01,64.33,61.29,3.34,71.31,SV,Glenn County Fairgrounds-Untreated
2016,5,23,Orland-3-Untreated,11,14,25,0.01,64.33,61.29,3.34,71.31,SV,Hwy 99W and Road 18 - Untreated
2016,5,23,Orland-4-Untreated,1,0,1,0.01,64.33,61.29,3.34,71.31,SV,NE of N and 12-Untreated
2016,5,23,Corning-5-Treated,28,17,45,0.03,65.57,52.86,6.81,66.63,SV,Northbound I-5 Rest Area-Treated
2016,5,23,Orland-7-Untreated,28,46,74,0.01,64.33,61.29,3.34,71.31,SV,Road 200 and Road E-Untreated
2016,5,23,Orland-8,2,3,5,0.01,64.33,61.29,3.34,71.31,SV,Road 21 and M
2016,5,23,Orland-11-Untreated,19,26,45,0.01,64.33,61.29,3.34,71.31,SV,SE of N and 16-Untreated
2016,5,23,Corning-6-Untreated,0,0,0,0.03,65.57,52.86,6.81,66.63,SV,Sac River and Kopta Road - Untreated
2016,5,23,Corning-8-Treated,0,0,0,0.03,65.57,52.86,6.81,66.63,SV,Viola and Orchard Ave.-Treated
2016,5,31,Corning-1-Treated,7,3,10,0,74.36,45.71,5.39,68.8,SV,Barham and Samson-Treated
2016,5,31,Corning-2-Treated,4,4,8,0,74.36,45.71,5.39,68.8,SV,Dora and Marguerite-Treated
2016,5,31,Corning-4-Treated,51,31,82,0,74.36,45.71,5.39,68.8,SV,Fig Lane and Houghton-Treated
2016,5,31,Orland-1-Untreated,43,19,62,0,71.64,61.43,2.57,72.36,SV,Glenn County Fairgrounds-Untreated
2016,5,31,Orland-3-Untreated,16,9,25,0,71.64,61.43,2.57,72.36,SV,Hwy 99W and Road 18 - Untreated
2016,5,31,Orland-4-Untreated,5,3,8,0,71.64,61.43,2.57,72.36,SV,NE of N and 12-Untreated
2016,5,31,Corning-5-Treated,31,25,56,0,74.36,45.71,5.39,68.8,SV,Northbound I-5 Rest Area-Treated
2016,5,31,Orland-7-Untreated,50,36,86,0,71.64,61.43,2.57,72.36,SV,Road 200 and Road E-Untreated
2016,5,31,Orland-8,7,5,12,0,71.64,61.43,2.57,72.36,SV,Road 21 and M
2016,5,31,Orland-11-Untreated,28,14,42,0,71.64,61.43,2.57,72.36,SV,SE of N and 16-Untreated
2016,5,31,Corning-6-Untreated,1,0,1,0,74.36,45.71,5.39,68.8,SV,Sac River and Kopta Road - Untreated
2016,5,31,Corning-8-Treated,1,0,1,0,74.36,45.71,5.39,68.8,SV,Viola and Orchard Ave.-Treated
2016,6,6,Corning-1-Treated,0,1,1,0,81.09,45.14,4.37,73.46,SV,Barham and Samson-Treated
2016,6,6,Corning-2-Treated,0,3,3,0,81.09,45.14,4.37,73.46,SV,Dora and Marguerite-Treated
2016,6,6,Corning-4-Treated,37,23,60,0,81.09,45.14,4.37,73.46,SV,Fig Lane and Houghton-Treated
2016,6,6,Orland-1-Untreated,10,4,14,0,77.71,63.29,2.21,78.8,SV,Glenn County Fairgrounds-Untreated
2016,6,6,Orland-3-Untreated,5,2,7,0,77.71,63.29,2.21,78.8,SV,Hwy 99W and Road 18 - Untreated
2016,6,6,Orland-4-Untreated,5,0,5,0,77.71,63.29,2.21,78.8,SV,NE of N and 12-Untreated
2016,6,6,Corning-5-Treated,6,6,12,0,81.09,45.14,4.37,73.46,SV,Northbound I-5 Rest Area-Treated
2016,6,6,Orland-7-Untreated,2,1,3,0,77.71,63.29,2.21,78.8,SV,Road 200 and Road E-Untreated
2016,6,6,Orland-8,5,4,9,0,77.71,63.29,2.21,78.8,SV,Road 21 and M
2016,6,6,Orland-11-Untreated,13,2,15,0,77.71,63.29,2.21,78.8,SV,SE of N and 16-Untreated
2016,6,6,Corning-6-Untreated,0,0,0,0,81.09,45.14,4.37,73.46,SV,Sac River and Kopta Road - Untreated
2016,6,6,Corning-8-Treated,0,0,0,0,81.09,45.14,4.37,73.46,SV,Viola and Orchard Ave.-Treated
2016,6,13,Corning-1-Treated,67,25,92,0,74.2,48,7.21,73.2,SV,Barham and Samson-Treated
2016,6,13,Corning-2-Treated,85,31,116,0,74.2,48,7.21,73.2,SV,Dora and Marguerite-Treated
2016,6,13,Corning-4-Treated,50,18,68,0,74.2,48,7.21,73.2,SV,Fig Lane and Houghton-Treated
2016,6,13,Orland-1-Untreated,44,15,59,0,71.41,57.43,4.19,77.19,SV,Glenn County Fairgrounds-Untreated
2016,6,13,Orland-3-Untreated,16,3,19,0,71.41,57.43,4.19,77.19,SV,Hwy 99W and Road 18 - Untreated
2016,6,13,Orland-4-Untreated,29,12,41,0,71.41,57.43,4.19,77.19,SV,NE of N and 12-Untreated
2016,6,13,Corning-5-Treated,59,23,82,0,74.2,48,7.21,73.2,SV,Northbound I-5 Rest Area-Treated
2016,6,13,Orland-7-Untreated,7,1,8,0,71.41,57.43,4.19,77.19,SV,Road 200 and Road E-Untreated
2016,6,13,Orland-8,166,56,222,0,71.41,57.43,4.19,77.19,SV,Road 21 and M
2016,6,13,Orland-11-Untreated,98,25,123,0,71.41,57.43,4.19,77.19,SV,SE of N and 16-Untreated
2016,6,13,Corning-6-Untreated,3,2,5,0,74.2,48,7.21,73.2,SV,Sac River and Kopta Road - Untreated
2016,6,13,Corning-8-Treated,1,0,1,0,74.2,48,7.21,73.2,SV,Viola and Orchard Ave.-Treated
2016,6,20,Corning-1-Treated,40,27,67,0.1,66.31,57.43,5.66,69.61,SV,Barham and Samson-Treated
2016,6,20,Corning-2-Treated,78,35,113,0.1,66.31,57.43,5.66,69.61,SV,Dora and Marguerite-Treated
2016,6,20,Corning-4-Treated,43,15,58,0.1,66.31,57.43,5.66,69.61,SV,Fig Lane and Houghton-Treated
2016,6,20,Orland-1-Untreated,9,7,16,0.05,64.97,66.14,3.21,71.41,SV,Glenn County Fairgrounds-Untreated
2016,6,20,Orland-3-Untreated,4,3,7,0.05,64.97,66.14,3.21,71.41,SV,Hwy 99W and Road 18 - Untreated
2016,6,20,Orland-4-Untreated,24,13,37,0.05,64.97,66.14,3.21,71.41,SV,NE of N and 12-Untreated
2016,6,20,Corning-5-Treated,35,23,58,0.1,66.31,57.43,5.66,69.61,SV,Northbound I-5 Rest Area-Treated
2016,6,20,Orland-7-Untreated,3,0,3,0.05,64.97,66.14,3.21,71.41,SV,Road 200 and Road E-Untreated
2016,6,20,Orland-8,29,29,58,0.05,64.97,66.14,3.21,71.41,SV,Road 21 and M
2016,6,20,Orland-11-Untreated,26,16,42,0.05,64.97,66.14,3.21,71.41,SV,SE of N and 16-Untreated
2016,6,20,Corning-6-Untreated,0,1,1,0.1,66.31,57.43,5.66,69.61,SV,Sac River and Kopta Road - Untreated
2016,6,20,Corning-8-Treated,0,0,0,0.1,66.31,57.43,5.66,69.61,SV,Viola and Orchard Ave.-Treated
2016,6,27,Corning-1-Treated,28,11,39,0,78.57,42.29,4.74,72.64,SV,Barham and Samson-Treated
2016,6,27,Corning-2-Treated,73,33,106,0,78.57,42.29,4.74,72.64,SV,Dora and Marguerite-Treated
2016,6,27,Corning-4-Treated,42,24,66,0,78.57,42.29,4.74,72.64,SV,Fig Lane and Houghton-Treated
2016,6,27,Orland-1-Untreated,9,5,14,0,74.76,63,2.4,73.21,SV,Glenn County Fairgrounds-Untreated
2016,6,27,Orland-3-Untreated,4,7,11,0,74.76,63,2.4,73.21,SV,Hwy 99W and Road 18 - Untreated
2016,6,27,Orland-4-Untreated,39,30,69,0,74.76,63,2.4,73.21,SV,NE of N and 12-Untreated
2016,6,27,Corning-5-Treated,24,25,49,0,78.57,42.29,4.74,72.64,SV,Northbound I-5 Rest Area-Treated
2016,6,27,Orland-7-Untreated,1,0,1,0,74.76,63,2.4,73.21,SV,Road 200 and Road E-Untreated
2016,6,27,Orland-8,9,5,14,0,74.76,63,2.4,73.21,SV,Road 21 and M
2016,6,27,Orland-11-Untreated,23,15,38,0,74.76,63,2.4,73.21,SV,SE of N and 16-Untreated
2016,6,27,Corning-6-Untreated,0,0,0,0,78.57,42.29,4.74,72.64,SV,Sac River and Kopta Road - Untreated
2016,6,27,Corning-8-Treated,3,4,7,0,78.57,42.29,4.74,72.64,SV,Viola and Orchard Ave.-Treated
2016,7,4,Corning-1-Treated,4,0,4,0,81.4,48.57,4.74,75.49,SV,Barham and Samson-Treated
2016,7,4,Corning-2-Treated,5,2,7,0,81.4,48.57,4.74,75.49,SV,Dora and Marguerite-Treated
2016,7,4,Corning-4-Treated,2,8,10,0,81.4,48.57,4.74,75.49,SV,Fig Lane and Houghton-Treated
2016,7,4,Orland-1-Untreated,6,5,11,0,77.07,67.14,2.3,74.77,SV,Glenn County Fairgrounds-Untreated
2016,7,4,Orland-3-Untreated,0,3,3,0,77.07,67.14,2.3,74.77,SV,Hwy 99W and Road 18 - Untreated
2016,7,4,Orland-4-Untreated,11,5,16,0,77.07,67.14,2.3,74.77,SV,NE of N and 12-Untreated
2016,7,4,Corning-5-Treated,1,1,2,0,81.4,48.57,4.74,75.49,SV,Northbound I-5 Rest Area-Treated
2016,7,4,Orland-7-Untreated,1,0,1,0,77.07,67.14,2.3,74.77,SV,Road 200 and Road E-Untreated
2016,7,4,Orland-8,0,0,0,0,77.07,67.14,2.3,74.77,SV,Road 21 and M
2016,7,4,Orland-11-Untreated,1,2,3,0,77.07,67.14,2.3,74.77,SV,SE of N and 16-Untreated
2016,7,4,Corning-6-Untreated,0,0,0,0,81.4,48.57,4.74,75.49,SV,Sac River and Kopta Road - Untreated
2016,7,4,Corning-8-Treated,0,1,1,0,81.4,48.57,4.74,75.49,SV,Viola and Orchard Ave.-Treated
2016,7,11,Corning-1-Treated,25,23,48,0,75.16,51.43,5.96,73.91,SV,Barham and Samson-Treated
2016,7,11,Corning-2-Treated,12,5,17,0,75.16,51.43,5.96,73.91,SV,Dora and Marguerite-Treated
2016,7,11,Corning-4-Treated,38,35,73,0,75.16,51.43,5.96,73.91,SV,Fig Lane and Houghton-Treated
2016,7,11,Orland-1-Untreated,0,0,0,0,71.91,63.29,3.27,76.14,SV,Glenn County Fairgrounds-Untreated
2016,7,11,Orland-3-Untreated,2,1,3,0,71.91,63.29,3.27,76.14,SV,Hwy 99W and Road 18 - Untreated
2016,7,11,Orland-4-Untreated,11,11,22,0,71.91,63.29,3.27,76.14,SV,NE of N and 12-Untreated
2016,7,11,Corning-5-Treated,20,16,36,0,75.16,51.43,5.96,73.91,SV,Northbound I-5 Rest Area-Treated
2016,7,11,Orland-7-Untreated,0,1,1,0,71.91,63.29,3.27,76.14,SV,Road 200 and Road E-Untreated
2016,7,11,Orland-8,1,3,4,0,71.91,63.29,3.27,76.14,SV,Road 21 and M
2016,7,11,Orland-11-Untreated,13,3,16,0,71.91,63.29,3.27,76.14,SV,SE of N and 16-Untreated
2016,7,11,Corning-6-Untreated,6,2,8,0,75.16,51.43,5.96,73.91,SV,Sac River and Kopta Road - Untreated
2016,7,11,Corning-8-Treated,1,0,1,0,75.16,51.43,5.96,73.91,SV,Viola and Orchard Ave.-Treated
2016,7,19,Corning-1-Treated,35,14,49,0,76.46,49.71,5.14,74.97,SV,Barham and Samson-Treated
2016,7,19,Corning-2-Treated,10,5,15,0,76.46,49.71,5.14,74.97,SV,Dora and Marguerite-Treated
2016,7,19,Corning-4-Treated,32,43,75,0,76.46,49.71,5.14,74.97,SV,Fig Lane and Houghton-Treated
2016,7,19,Orland-1-Untreated,0,1,1,0,73.29,62.57,2.87,77.89,SV,Glenn County Fairgrounds-Untreated
2016,7,19,Orland-3-Untreated,8,4,12,0,73.29,62.57,2.87,77.89,SV,Hwy 99W and Road 18 - Untreated
2016,7,19,Orland-4-Untreated,2,1,3,0,73.29,62.57,2.87,77.89,SV,NE of N and 12-Untreated
2016,7,19,Corning-5-Treated,13,11,24,0,76.46,49.71,5.14,74.97,SV,Northbound I-5 Rest Area-Treated
2016,7,19,Orland-7-Untreated,1,1,2,0,73.29,62.57,2.87,77.89,SV,Road 200 and Road E-Untreated
2016,7,19,Orland-8,0,0,0,0,73.29,62.57,2.87,77.89,SV,Road 21 and M
2016,7,19,Orland-11-Untreated,8,3,11,0,73.29,62.57,2.87,77.89,SV,SE of N and 16-Untreated
2016,7,19,Corning-6-Untreated,0,0,0,0,76.46,49.71,5.14,74.97,SV,Sac River and Kopta Road - Untreated
2016,7,19,Corning-8-Treated,0,0,0,0,76.46,49.71,5.14,74.97,SV,Viola and Orchard Ave.-Treated
2016,7,25,Corning-1-Treated,22,13,35,0,77.21,44.29,4.64,74.2,SV,Barham and Samson-Treated
2016,7,25,Corning-2-Treated,5,0,5,0,77.21,44.29,4.64,74.2,SV,Dora and Marguerite-Treated
2016,7,25,Corning-4-Treated,8,7,15,0,77.21,44.29,4.64,74.2,SV,Fig Lane and Houghton-Treated
2016,7,25,Orland-1-Untreated,1,0,1,0,73.5,61.29,2.39,75.87,SV,Glenn County Fairgrounds-Untreated
2016,7,25,Orland-3-Untreated,0,0,0,0,73.5,61.29,2.39,75.87,SV,Hwy 99W and Road 18 - Untreated
2016,7,25,Orland-4-Untreated,0,0,0,0,73.5,61.29,2.39,75.87,SV,NE of N and 12-Untreated
2016,7,25,Corning-5-Treated,12,6,18,0,77.21,44.29,4.64,74.2,SV,Northbound I-5 Rest Area-Treated
2016,7,25,Orland-7-Untreated,2,0,2,0,73.5,61.29,2.39,75.87,SV,Road 200 and Road E-Untreated
2016,7,25,Orland-8,3,1,4,0,73.5,61.29,2.39,75.87,SV,Road 21 and M
2016,7,25,Orland-11-Untreated,2,3,5,0,73.5,61.29,2.39,75.87,SV,SE of N and 16-Untreated
2016,7,25,Corning-6-Untreated,0,0,0,0,77.21,44.29,4.64,74.2,SV,Sac River and Kopta Road - Untreated
2016,7,25,Corning-8-Treated,0,0,0,0,77.21,44.29,4.64,74.2,SV,Viola and Orchard Ave.-Treated
2016,8,1,Corning-1-Treated,1,0,1,0,82.13,46,4.14,76.23,SV,Barham and Samson-Treated
2016,8,1,Corning-2-Treated,0,0,0,0,82.13,46,4.14,76.23,SV,Dora and Marguerite-Treated
2016,8,1,Corning-4-Treated,0,0,0,0,82.13,46,4.14,76.23,SV,Fig Lane and Houghton-Treated
2016,8,1,Orland-1-Untreated,0,0,0,0,77.53,62.86,2.19,77.33,SV,Glenn County Fairgrounds-Untreated
2016,8,1,Orland-3-Untreated,2,1,3,0,77.53,62.86,2.19,77.33,SV,Hwy 99W and Road 18 - Untreated
2016,8,1,Orland-4-Untreated,0,0,0,0,77.53,62.86,2.19,77.33,SV,NE of N and 12-Untreated
2016,8,1,Corning-5-Treated,0,1,1,0,82.13,46,4.14,76.23,SV,Northbound I-5 Rest Area-Treated
2016,8,1,Orland-7-Untreated,0,0,0,0,77.53,62.86,2.19,77.33,SV,Road 200 and Road E-Untreated
2016,8,1,Orland-8,0,1,1,0,77.53,62.86,2.19,77.33,SV,Road 21 and M
2016,8,1,Orland-11-Untreated,1,0,1,0,77.53,62.86,2.19,77.33,SV,SE of N and 16-Untreated
2016,8,1,Corning-6-Untreated,0,0,0,0,82.13,46,4.14,76.23,SV,Sac River and Kopta Road - Untreated
2016,8,1,Corning-8-Treated,0,0,0,0,82.13,46,4.14,76.23,SV,Viola and Orchard Ave.-Treated
2016,8,8,Corning-1-Treated,3,2,5,0,75.46,51,4.1,73.63,SV,Barham and Samson-Treated
2016,8,8,Corning-2-Treated,0,0,0,0,75.46,51,4.1,73.63,SV,Dora and Marguerite-Treated
2016,8,8,Corning-4-Treated,0,0,0,0,75.46,51,4.1,73.63,SV,Fig Lane and Houghton-Treated
2016,8,8,Orland-1-Untreated,0,0,0,0,71.3,67,2.29,74.19,SV,Glenn County Fairgrounds-Untreated
2016,8,8,Orland-3-Untreated,0,1,1,0,71.3,67,2.29,74.19,SV,Hwy 99W and Road 18 - Untreated
2016,8,8,Orland-4-Untreated,0,0,0,0,71.3,67,2.29,74.19,SV,NE of N and 12-Untreated
2016,8,8,Corning-5-Treated,7,4,11,0,75.46,51,4.1,73.63,SV,Northbound I-5 Rest Area-Treated
2016,8,8,Orland-7-Untreated,0,2,2,0,71.3,67,2.29,74.19,SV,Road 200 and Road E-Untreated
2016,8,8,Orland-8,2,1,3,0,71.3,67,2.29,74.19,SV,Road 21 and M
2016,8,8,Orland-11-Untreated,1,0,1,0,71.3,67,2.29,74.19,SV,SE of N and 16-Untreated
2016,8,8,Corning-6-Untreated,0,1,1,0,75.46,51,4.1,73.63,SV,Sac River and Kopta Road - Untreated
2016,8,8,Corning-8-Treated,1,0,1,0,75.46,51,4.1,73.63,SV,Viola and Orchard Ave.-Treated
2016,8,15,Corning-1-Treated,6,5,11,0,79.67,45.86,4.13,73.97,SV,Barham and Samson-Treated
2016,8,15,Corning-2-Treated,1,0,1,0,79.67,45.86,4.13,73.97,SV,Dora and Marguerite-Treated
2016,8,15,Corning-4-Treated,0,0,0,0,79.67,45.86,4.13,73.97,SV,Fig Lane and Houghton-Treated
2016,8,15,Orland-1-Untreated,0,1,1,0,75.6,62.57,2.1,75.41,SV,Glenn County Fairgrounds-Untreated
2016,8,15,Orland-3-Untreated,1,0,1,0,75.6,62.57,2.1,75.41,SV,Hwy 99W and Road 18 - Untreated
2016,8,15,Orland-4-Untreated,0,0,0,0,75.6,62.57,2.1,75.41,SV,NE of N and 12-Untreated
2016,8,15,Corning-5-Treated,6,4,10,0,79.67,45.86,4.13,73.97,SV,Northbound I-5 Rest Area-Treated
2016,8,15,Orland-7-Untreated,0,0,0,0,75.6,62.57,2.1,75.41,SV,Road 200 and Road E-Untreated
2016,8,15,Orland-8,7,3,10,0,75.6,62.57,2.1,75.41,SV,Road 21 and M
2016,8,15,Orland-11-Untreated,2,0,2,0,75.6,62.57,2.1,75.41,SV,SE of N and 16-Untreated
2016,8,15,Corning-6-Untreated,0,0,0,0,79.67,45.86,4.13,73.97,SV,Sac River and Kopta Road - Untreated
2016,8,15,Corning-8-Treated,0,0,0,0,79.67,45.86,4.13,73.97,SV,Viola and Orchard Ave.-Treated
2016,8,22,Corning-1-Treated,0,0,0,0,79.54,52.43,4.39,75.76,SV,Barham and Samson-Treated
2016,8,22,Corning-2-Treated,0,0,0,0,79.54,52.43,4.39,75.76,SV,Dora and Marguerite-Treated
2016,8,22,Corning-4-Treated,0,0,0,0,79.54,52.43,4.39,75.76,SV,Fig Lane and Houghton-Treated
2016,8,22,Orland-1-Untreated,0,0,0,0,74.71,66.43,2.27,78.13,SV,Glenn County Fairgrounds-Untreated
2016,8,22,Orland-3-Untreated,1,0,1,0,74.71,66.43,2.27,78.13,SV,Hwy 99W and Road 18 - Untreated
2016,8,22,Orland-4-Untreated,0,0,0,0,74.71,66.43,2.27,78.13,SV,NE of N and 12-Untreated
2016,8,22,Corning-5-Treated,0,1,1,0,79.54,52.43,4.39,75.76,SV,Northbound I-5 Rest Area-Treated
2016,8,22,Orland-7-Untreated,0,0,0,0,74.71,66.43,2.27,78.13,SV,Road 200 and Road E-Untreated
2016,8,22,Orland-8,0,0,0,0,74.71,66.43,2.27,78.13,SV,Road 21 and M
2016,8,22,Orland-11-Untreated,0,0,0,0,74.71,66.43,2.27,78.13,SV,SE of N and 16-Untreated
2016,8,22,Corning-6-Untreated,0,0,0,0,79.54,52.43,4.39,75.76,SV,Sac River and Kopta Road - Untreated
2016,8,22,Corning-8-Treated,0,0,0,0,79.54,52.43,4.39,75.76,SV,Viola and Orchard Ave.-Treated
2016,8,29,Corning-1-Treated,0,0,0,0,73.44,55,3.66,73.74,SV,Barham and Samson-Treated
2016,8,29,Corning-2-Treated,0,0,0,0,73.44,55,3.66,73.74,SV,Dora and Marguerite-Treated
2016,8,29,Corning-4-Treated,0,0,0,0,73.44,55,3.66,73.74,SV,Fig Lane and Houghton-Treated
2016,8,29,Orland-1-Untreated,0,0,0,0,69.06,69.29,2.24,75.23,SV,Glenn County Fairgrounds-Untreated
2016,8,29,Orland-3-Untreated,0,0,0,0,69.06,69.29,2.24,75.23,SV,Hwy 99W and Road 18 - Untreated
2016,8,29,Orland-4-Untreated,0,0,0,0,69.06,69.29,2.24,75.23,SV,NE of N and 12-Untreated
2016,8,29,Corning-5-Treated,0,1,1,0,73.44,55,3.66,73.74,SV,Northbound I-5 Rest Area-Treated
2016,8,29,Orland-7-Untreated,0,1,1,0,69.06,69.29,2.24,75.23,SV,Road 200 and Road E-Untreated
2016,8,29,Orland-8,1,0,1,0,69.06,69.29,2.24,75.23,SV,Road 21 and M
2016,8,29,Orland-11-Untreated,2,2,4,0,69.06,69.29,2.24,75.23,SV,SE of N and 16-Untreated
2016,8,29,Corning-6-Untreated,1,0,1,0,73.44,55,3.66,73.74,SV,Sac River and Kopta Road - Untreated
2016,8,29,Corning-8-Treated,0,0,0,0,73.44,55,3.66,73.74,SV,Viola and Orchard Ave.-Treated
2016,9,6,Corning-1-Treated,4,3,7,0,71.41,47.57,4.26,70.97,SV,Barham and Samson-Treated
2016,9,6,Corning-2-Treated,1,0,1,0,71.41,47.57,4.26,70.97,SV,Dora and Marguerite-Treated
2016,9,6,Corning-4-Treated,3,0,3,0,71.41,47.57,4.26,70.97,SV,Fig Lane and Houghton-Treated
2016,9,6,Orland-1-Untreated,1,0,1,0,67.87,65.86,2.21,72.56,SV,Glenn County Fairgrounds-Untreated
2016,9,6,Orland-3-Untreated,1,1,2,0,67.87,65.86,2.21,72.56,SV,Hwy 99W and Road 18 - Untreated
2016,9,6,Orland-4-Untreated,0,1,1,0,67.87,65.86,2.21,72.56,SV,NE of N and 12-Untreated
2016,9,6,Corning-5-Treated,7,3,10,0,71.41,47.57,4.26,70.97,SV,Northbound I-5 Rest Area-Treated
2016,9,6,Orland-7-Untreated,1,2,3,0,67.87,65.86,2.21,72.56,SV,Road 200 and Road E-Untreated
2016,9,6,Orland-8,2,3,5,0,67.87,65.86,2.21,72.56,SV,Road 21 and M
2016,9,6,Orland-11-Untreated,7,3,10,0,67.87,65.86,2.21,72.56,SV,SE of N and 16-Untreated
2016,9,6,Corning-6-Untreated,1,6,7,0,71.41,47.57,4.26,70.97,SV,Sac River and Kopta Road - Untreated
2016,9,6,Corning-8-Treated,0,0,0,0,71.41,47.57,4.26,70.97,SV,Viola and Orchard Ave.-Treated
2016,9,12,Corning-1-Treated,1,2,3,0,75.1,48.43,4.27,71.36,SV,Barham and Samson-Treated
2016,9,12,Corning-2-Treated,0,0,0,0,75.1,48.43,4.27,71.36,SV,Dora and Marguerite-Treated
2016,9,12,Corning-4-Treated,3,4,7,0,75.1,48.43,4.27,71.36,SV,Fig Lane and Houghton-Treated
2016,9,12,Orland-1-Untreated,0,2,2,0,70.11,66.57,2.34,72.91,SV,Glenn County Fairgrounds-Untreated
2016,9,12,Orland-3-Untreated,2,5,7,0,70.11,66.57,2.34,72.91,SV,Hwy 99W and Road 18 - Untreated
2016,9,12,Orland-4-Untreated,0,0,0,0,70.11,66.57,2.34,72.91,SV,NE of N and 12-Untreated
2016,9,12,Corning-5-Treated,6,2,8,0,75.1,48.43,4.27,71.36,SV,Northbound I-5 Rest Area-Treated
2016,9,12,Orland-7-Untreated,1,1,2,0,70.11,66.57,2.34,72.91,SV,Road 200 and Road E-Untreated
2016,9,12,Orland-8,9,4,13,0,70.11,66.57,2.34,72.91,SV,Road 21 and M
2016,9,12,Orland-11-Untreated,4,4,8,0,70.11,66.57,2.34,72.91,SV,SE of N and 16-Untreated
2016,9,12,Corning-6-Untreated,2,3,5,0,75.1,48.43,4.27,71.36,SV,Sac River and Kopta Road - Untreated
2016,9,12,Corning-8-Treated,0,0,0,0,75.1,48.43,4.27,71.36,SV,Viola and Orchard Ave.-Treated
2016,9,19,Corning-1-Treated,2,0,2,0,70.41,51.43,3.77,69.69,SV,Barham and Samson-Treated
2016,9,19,Corning-2-Treated,0,1,1,0,70.41,51.43,3.77,69.69,SV,Dora and Marguerite-Treated
2016,9,19,Corning-4-Treated,1,0,1,0,70.41,51.43,3.77,69.69,SV,Fig Lane and Houghton-Treated
2016,9,19,Orland-1-Untreated,1,7,8,0,67.71,61.86,2.1,71.09,SV,Glenn County Fairgrounds-Untreated
2016,9,19,Orland-3-Untreated,5,3,8,0,67.71,61.86,2.1,71.09,SV,Hwy 99W and Road 18 - Untreated
2016,9,19,Orland-4-Untreated,1,0,1,0,67.71,61.86,2.1,71.09,SV,NE of N and 12-Untreated
2016,9,19,Corning-5-Treated,0,5,5,0,70.41,51.43,3.77,69.69,SV,Northbound I-5 Rest Area-Treated
2016,9,19,Orland-7-Untreated,3,0,3,0,67.71,61.86,2.1,71.09,SV,Road 200 and Road E-Untreated
2016,9,19,Orland-8,4,2,6,0,67.71,61.86,2.1,71.09,SV,Road 21 and M
2016,9,19,Orland-11-Untreated,5,3,8,0,67.71,61.86,2.1,71.09,SV,SE of N and 16-Untreated
2016,9,19,Corning-6-Untreated,3,4,7,0,70.41,51.43,3.77,69.69,SV,Sac River and Kopta Road - Untreated
2016,9,19,Corning-8-Treated,0,0,0,0,70.41,51.43,3.77,69.69,SV,Viola and Orchard Ave.-Treated
2016,9,26,Corning-1-Treated,0,1,1,0,71.19,39.43,6.14,68.51,SV,Barham and Samson-Treated
2016,9,26,Corning-2-Treated,3,2,5,0,71.19,39.43,6.14,68.51,SV,Dora and Marguerite-Treated
2016,9,26,Corning-4-Treated,13,21,34,0,71.19,39.43,6.14,68.51,SV,Fig Lane and Houghton-Treated
2016,9,26,Orland-1-Untreated,4,2,6,0,68.71,47.43,2.99,69.6,SV,Glenn County Fairgrounds-Untreated
2016,9,26,Orland-3-Untreated,18,7,25,0,68.71,47.43,2.99,69.6,SV,Hwy 99W and Road 18 - Untreated
2016,9,26,Orland-4-Untreated,9,5,14,0,68.71,47.43,2.99,69.6,SV,NE of N and 12-Untreated
2016,9,26,Corning-5-Treated,13,14,27,0,71.19,39.43,6.14,68.51,SV,Northbound I-5 Rest Area-Treated
2016,9,26,Orland-7-Untreated,3,1,4,0,68.71,47.43,2.99,69.6,SV,Road 200 and Road E-Untreated
2016,9,26,Orland-8,9,4,13,0,68.71,47.43,2.99,69.6,SV,Road 21 and M
2016,9,26,Orland-11-Untreated,4,1,5,0,68.71,47.43,2.99,69.6,SV,SE of N and 16-Untreated
2016,9,26,Corning-6-Untreated,5,10,15,0,71.19,39.43,6.14,68.51,SV,Sac River and Kopta Road - Untreated
2016,9,26,Corning-8-Treated,0,0,0,0,71.19,39.43,6.14,68.51,SV,Viola and Orchard Ave.-Treated
2016,10,4,Corning-1-Treated,3,3,6,0.02,62.51,58.71,4.66,66,SV,Barham and Samson-Treated
2016,10,4,Corning-2-Treated,0,0,0,0.02,62.51,58.71,4.66,66,SV,Dora and Marguerite-Treated
2016,10,4,Corning-4-Treated,12,5,17,0.02,62.51,58.71,4.66,66,SV,Fig Lane and Houghton-Treated
2016,10,4,Orland-1-Untreated,4,1,5,0,61.86,60.29,2.94,67.11,SV,Glenn County Fairgrounds-Untreated
2016,10,4,Orland-3-Untreated,0,0,0,0,61.86,60.29,2.94,67.11,SV,Hwy 99W and Road 18 - Untreated
2016,10,4,Orland-4-Untreated,0,1,1,0,61.86,60.29,2.94,67.11,SV,NE of N and 12-Untreated
2016,10,4,Corning-5-Treated,3,6,9,0.02,62.51,58.71,4.66,66,SV,Northbound I-5 Rest Area-Treated
2016,10,4,Orland-7-Untreated,2,1,3,0,61.86,60.29,2.94,67.11,SV,Road 200 and Road E-Untreated
2016,10,4,Orland-8,0,0,0,0,61.86,60.29,2.94,67.11,SV,Road 21 and M
2016,10,4,Orland-11-Untreated,6,3,9,0,61.86,60.29,2.94,67.11,SV,SE of N and 16-Untreated
2016,10,4,Corning-6-Untreated,0,2,2,0.02,62.51,58.71,4.66,66,SV,Sac River and Kopta Road - Untreated
2016,10,4,Corning-8-Treated,0,0,0,0.02,62.51,58.71,4.66,66,SV,Viola and Orchard Ave.-Treated
2016,10,10,Corning-1-Treated,2,5,7,0,63.17,49.33,4.4,63.14,SV,Barham and Samson-Treated
2016,10,10,Corning-2-Treated,4,3,7,0,63.17,49.33,4.4,63.14,SV,Dora and Marguerite-Treated
2016,10,10,Corning-4-Treated,37,22,59,0,63.17,49.33,4.4,63.14,SV,Fig Lane and Houghton-Treated
2016,10,10,Orland-1-Untreated,10,15,25,0,61.51,54,2.53,64.03,SV,Glenn County Fairgrounds-Untreated
2016,10,10,Orland-3-Untreated,19,16,35,0,61.51,54,2.53,64.03,SV,Hwy 99W and Road 18 - Untreated
2016,10,10,Orland-4-Untreated,3,1,4,0,61.51,54,2.53,64.03,SV,NE of N and 12-Untreated
2016,10,10,Corning-5-Treated,18,4,22,0,63.17,49.33,4.4,63.14,SV,Northbound I-5 Rest Area-Treated
2016,10,10,Orland-7-Untreated,5,1,6,0,61.51,54,2.53,64.03,SV,Road 200 and Road E-Untreated
2016,10,10,Orland-8,16,12,28,0,61.51,54,2.53,64.03,SV,Road 21 and M
2016,10,10,Orland-11-Untreated,31,21,52,0,61.51,54,2.53,64.03,SV,SE of N and 16-Untreated
2016,10,10,Corning-6-Untreated,2,3,5,0,63.17,49.33,4.4,63.14,SV,Sac River and Kopta Road - Untreated
2016,10,10,Corning-8-Treated,1,0,1,0,63.17,49.33,4.4,63.14,SV,Viola and Orchard Ave.-Treated
2016,10,18,Corning-1-Treated,5,5,10,0.15,60.59,75.14,8.76,62.93,SV,Barham and Samson-Treated
2016,10,18,Corning-2-Treated,3,1,4,0.15,60.59,75.14,8.76,62.93,SV,Dora and Marguerite-Treated
2016,10,18,Corning-4-Treated,19,12,31,0.15,60.59,75.14,8.76,62.93,SV,Fig Lane and Houghton-Treated
2016,10,18,Orland-1-Untreated,9,4,13,0.15,60.64,75.29,4.3,63.5,SV,Glenn County Fairgrounds-Untreated
2016,10,18,Orland-3-Untreated,8,7,15,0.15,60.64,75.29,4.3,63.5,SV,Hwy 99W and Road 18 - Untreated
2016,10,18,Orland-4-Untreated,0,0,0,0.15,60.64,75.29,4.3,63.5,SV,NE of N and 12-Untreated
2016,10,18,Corning-5-Treated,3,3,6,0.15,60.59,75.14,8.76,62.93,SV,Northbound I-5 Rest Area-Treated
2016,10,18,Orland-7-Untreated,4,7,11,0.15,60.64,75.29,4.3,63.5,SV,Road 200 and Road E-Untreated
2016,10,18,Orland-8,15,8,23,0.15,60.64,75.29,4.3,63.5,SV,Road 21 and M
2016,10,18,Orland-11-Untreated,14,7,21,0.15,60.64,75.29,4.3,63.5,SV,SE of N and 16-Untreated
2016,10,18,Corning-6-Untreated,7,4,11,0.15,60.59,75.14,8.76,62.93,SV,Sac River and Kopta Road - Untreated
2016,10,18,Corning-8-Treated,0,0,0,0.15,60.59,75.14,8.76,62.93,SV,Viola and Orchard Ave.-Treated
2016,10,24,Corning-1-Treated,0,0,0,0.09,59.67,67.43,5.91,61.39,SV,Barham and Samson-Treated
2016,10,24,Corning-2-Treated,4,3,7,0.09,59.67,67.43,5.91,61.39,SV,Dora and Marguerite-Treated
2016,10,24,Corning-4-Treated,23,20,43,0.09,59.67,67.43,5.91,61.39,SV,Fig Lane and Houghton-Treated
2016,10,24,Orland-1-Untreated,12,8,20,0.11,58.83,70.29,2.66,61.14,SV,Glenn County Fairgrounds-Untreated
2016,10,24,Orland-3-Untreated,16,16,32,0.11,58.83,70.29,2.66,61.14,SV,Hwy 99W and Road 18 - Untreated
2016,10,24,Orland-4-Untreated,6,5,11,0.11,58.83,70.29,2.66,61.14,SV,NE of N and 12-Untreated
2016,10,24,Corning-5-Treated,3,8,11,0.09,59.67,67.43,5.91,61.39,SV,Northbound I-5 Rest Area-Treated
2016,10,24,Orland-7-Untreated,17,8,25,0.11,58.83,70.29,2.66,61.14,SV,Road 200 and Road E-Untreated
2016,10,24,Orland-8,32,23,55,0.11,58.83,70.29,2.66,61.14,SV,Road 21 and M
2016,10,24,Orland-11-Untreated,44,32,76,0.11,58.83,70.29,2.66,61.14,SV,SE of N and 16-Untreated
2016,10,24,Corning-6-Untreated,10,13,23,0.09,59.67,67.43,5.91,61.39,SV,Sac River and Kopta Road - Untreated
2016,10,24,Corning-8-Treated,1,0,1,0.09,59.67,67.43,5.91,61.39,SV,Viola and Orchard Ave.-Treated
2016,10,31,Corning-1-Treated,0,0,0,0.21,60.11,86.43,8.23,61.67,SV,Barham and Samson-Treated
2016,10,31,Corning-2-Treated,0,0,0,0.21,60.11,86.43,8.23,61.67,SV,Dora and Marguerite-Treated
2016,10,31,Corning-4-Treated,4,6,10,0.21,60.11,86.43,8.23,61.67,SV,Fig Lane and Houghton-Treated
2016,10,31,Orland-1-Untreated,0,0,0,0.34,59.7,89.14,3.1,61.47,SV,Glenn County Fairgrounds-Untreated
2016,10,31,Orland-3-Untreated,0,0,0,0.34,59.7,89.14,3.1,61.47,SV,Hwy 99W and Road 18 - Untreated
2016,10,31,Orland-4-Untreated,0,0,0,0.34,59.7,89.14,3.1,61.47,SV,NE of N and 12-Untreated
2016,10,31,Corning-5-Treated,1,0,1,0.21,60.11,86.43,8.23,61.67,SV,Northbound I-5 Rest Area-Treated
2016,10,31,Orland-7-Untreated,0,1,1,0.34,59.7,89.14,3.1,61.47,SV,Road 200 and Road E-Untreated
2016,10,31,Orland-8,1,1,2,0.34,59.7,89.14,3.1,61.47,SV,Road 21 and M
2016,10,31,Orland-11-Untreated,1,2,3,0.34,59.7,89.14,3.1,61.47,SV,SE of N and 16-Untreated
2016,10,31,Corning-6-Untreated,11,14,25,0.21,60.11,86.43,8.23,61.67,SV,Sac River and Kopta Road - Untreated
2016,10,31,Corning-8-Treated,1,0,1,0.21,60.11,86.43,8.23,61.67,SV,Viola and Orchard Ave.-Treated
2016,11,8,Corning-1-Treated,1,0,1,0,58.17,78.71,3.69,60.03,SV,Barham and Samson-Treated
2016,11,8,Corning-2-Treated,0,0,0,0,58.17,78.71,3.69,60.03,SV,Dora and Marguerite-Treated
2016,11,8,Corning-4-Treated,0,0,0,0,58.17,78.71,3.69,60.03,SV,Fig Lane and Houghton-Treated
2016,11,8,Orland-1-Untreated,1,0,1,0,57.16,81.71,2.07,59.06,SV,Glenn County Fairgrounds-Untreated
2016,11,8,Orland-3-Untreated,1,4,5,0,57.16,81.71,2.07,59.06,SV,Hwy 99W and Road 18 - Untreated
2016,11,8,Orland-4-Untreated,0,1,1,0,57.16,81.71,2.07,59.06,SV,NE of N and 12-Untreated
2016,11,8,Corning-5-Treated,1,2,3,0,58.17,78.71,3.69,60.03,SV,Northbound I-5 Rest Area-Treated
2016,11,8,Orland-7-Untreated,0,3,3,0,57.16,81.71,2.07,59.06,SV,Road 200 and Road E-Untreated
2016,11,8,Orland-8,0,0,0,0,57.16,81.71,2.07,59.06,SV,Road 21 and M
2016,11,8,Orland-11-Untreated,16,7,23,0,57.16,81.71,2.07,59.06,SV,SE of N and 16-Untreated
2016,11,8,Corning-6-Untreated,2,4,6,0,58.17,78.71,3.69,60.03,SV,Sac River and Kopta Road - Untreated
2016,11,8,Corning-8-Treated,0,0,0,0,58.17,78.71,3.69,60.03,SV,Viola and Orchard Ave.-Treated
2016,11,14,Corning-1-Treated,0,0,0,0,59.33,81.43,3.03,60.59,SV,Barham and Samson-Treated
2016,11,14,Corning-2-Treated,0,0,0,0,59.33,81.43,3.03,60.59,SV,Dora and Marguerite-Treated
2016,11,14,Corning-4-Treated,14,13,27,0,59.33,81.43,3.03,60.59,SV,Fig Lane and Houghton-Treated
2016,11,14,Orland-1-Untreated,2,2,4,0,58.79,81.57,1.76,59.87,SV,Glenn County Fairgrounds-Untreated
2016,11,14,Orland-3-Untreated,2,2,4,0,58.79,81.57,1.76,59.87,SV,Hwy 99W and Road 18 - Untreated
2016,11,14,Orland-4-Untreated,3,0,3,0,58.79,81.57,1.76,59.87,SV,NE of N and 12-Untreated
2016,11,14,Corning-5-Treated,6,0,6,0,59.33,81.43,3.03,60.59,SV,Northbound I-5 Rest Area-Treated
2016,11,14,Orland-7-Untreated,2,1,3,0,58.79,81.57,1.76,59.87,SV,Road 200 and Road E-Untreated
2016,11,14,Orland-8,1,0,1,0,58.79,81.57,1.76,59.87,SV,Road 21 and M
2016,11,14,Orland-11-Untreated,37,11,48,0,58.79,81.57,1.76,59.87,SV,SE of N and 16-Untreated
2016,11,14,Corning-6-Untreated,0,0,0,0,59.33,81.43,3.03,60.59,SV,Sac River and Kopta Road - Untreated
2016,11,14,Corning-8-Treated,0,0,0,0,59.33,81.43,3.03,60.59,SV,Viola and Orchard Ave.-Treated
2016,11,21,Corning-1-Treated,0,0,0,0.27,50.73,80.71,5.87,56.64,SV,Barham and Samson-Treated
2016,11,21,Corning-2-Treated,0,0,0,0.27,50.73,80.71,5.87,56.64,SV,Dora and Marguerite-Treated
2016,11,21,Corning-4-Treated,2,0,2,0.27,50.73,80.71,5.87,56.64,SV,Fig Lane and Houghton-Treated
2016,11,21,Orland-1-Untreated,0,0,0,0.33,50.41,81.86,2.56,54.84,SV,Glenn County Fairgrounds-Untreated
2016,11,21,Orland-3-Untreated,0,0,0,0.33,50.41,81.86,2.56,54.84,SV,Hwy 99W and Road 18 - Untreated
2016,11,21,Orland-4-Untreated,0,0,0,0.33,50.41,81.86,2.56,54.84,SV,NE of N and 12-Untreated
2016,11,21,Corning-5-Treated,2,1,3,0.27,50.73,80.71,5.87,56.64,SV,Northbound I-5 Rest Area-Treated
2016,11,21,Orland-7-Untreated,0,0,0,0.33,50.41,81.86,2.56,54.84,SV,Road 200 and Road E-Untreated
2016,11,21,Orland-8,0,0,0,0.33,50.41,81.86,2.56,54.84,SV,Road 21 and M
2016,11,21,Orland-11-Untreated,8,4,12,0.33,50.41,81.86,2.56,54.84,SV,SE of N and 16-Untreated
2016,11,21,Corning-6-Untreated,0,1,1,0.27,50.73,80.71,5.87,56.64,SV,Sac River and Kopta Road - Untreated
2016,11,21,Corning-8-Treated,0,0,0,0.27,50.73,80.71,5.87,56.64,SV,Viola and Orchard Ave.-Treated
2017,4,3,Corning-1-Treated,0,0,0,0,60,49.86,8.59,56.59,SV,Barham and Samson-Treated
2017,4,3,Corning-2-Treated,0,0,0,0,60,49.86,8.59,56.59,SV,Dora and Marguerite-Treated
2017,4,3,Corning-4-Treated,0,0,0,0,60,49.86,8.59,56.59,SV,Fig Lane and Houghton-Treated
2017,4,3,Orland-1-Untreated,9,4,13,0,60.9,46.43,6.1,58.8,SV,Glenn County Fairgrounds-Untreated
2017,4,3,Orland-3-Untreated,49,22,71,0,60.9,46.43,6.1,58.8,SV,Hwy 99W and Road 18 - Untreated
2017,4,3,Orland-4-Untreated,0,0,0,0,60.9,46.43,6.1,58.8,SV,NE of N and 12-Untreated
2017,4,3,Corning-5-Treated,2,2,4,0,60,49.86,8.59,56.59,SV,Northbound I-5 Rest Area-Treated
2017,4,3,Orland-7-Untreated,1,1,2,0,60.9,46.43,6.1,58.8,SV,Road 200 and Road E-Untreated
2017,4,3,Orland-8,0,0,0,0,60.9,46.43,6.1,58.8,SV,Road 21 and M
2017,4,3,Orland-11-Untreated,43,26,69,0,60.9,46.43,6.1,58.8,SV,SE of N and 16-Untreated
2017,4,3,Corning-6-Untreated,0,0,0,0,60,49.86,8.59,56.59,SV,Sac River and Kopta Road - Untreated
2017,4,3,Corning-8-Treated,0,0,0,0,60,49.86,8.59,56.59,SV,Viola and Orchard Ave.-Treated
2017,4,10,Corning-1-Treated,0,0,0,0.25,55,72.14,6.11,57.07,SV,Barham and Samson-Treated
2017,4,10,Corning-2-Treated,0,0,0,0.25,55,72.14,6.11,57.07,SV,Dora and Marguerite-Treated
2017,4,10,Corning-4-Treated,1,1,2,0.25,55,72.14,6.11,57.07,SV,Fig Lane and Houghton-Treated
2017,4,10,Orland-1-Untreated,0,1,1,0.2,55.96,67.71,3.74,59.14,SV,Glenn County Fairgrounds-Untreated
2017,4,10,Orland-3-Untreated,9,9,18,0.2,55.96,67.71,3.74,59.14,SV,Hwy 99W and Road 18 - Untreated
2017,4,10,Orland-4-Untreated,0,0,0,0.2,55.96,67.71,3.74,59.14,SV,NE of N and 12-Untreated
2017,4,10,Corning-5-Treated,9,7,16,0.25,55,72.14,6.11,57.07,SV,Northbound I-5 Rest Area-Treated
2017,4,10,Orland-7-Untreated,1,1,2,0.2,55.96,67.71,3.74,59.14,SV,Road 200 and Road E-Untreated
2017,4,10,Orland-8,1,2,3,0.2,55.96,67.71,3.74,59.14,SV,Road 21 and M
2017,4,10,Orland-11-Untreated,8,5,13,0.2,55.96,67.71,3.74,59.14,SV,SE of N and 16-Untreated
2017,4,10,Corning-6-Untreated,0,0,0,0.25,55,72.14,6.11,57.07,SV,Sac River and Kopta Road - Untreated
2017,4,10,Corning-8-Treated,0,1,1,0.25,55,72.14,6.11,57.07,SV,Viola and Orchard Ave.-Treated
2017,4,17,Corning-1-Treated,0,0,0,0.1,53,81.29,6.09,56.8,SV,Barham and Samson-Treated
2017,4,17,Corning-2-Treated,0,0,0,0.1,53,81.29,6.09,56.8,SV,Dora and Marguerite-Treated
2017,4,17,Corning-4-Treated,2,0,2,0.1,53,81.29,6.09,56.8,SV,Fig Lane and Houghton-Treated
2017,4,17,Orland-1-Untreated,0,1,1,0.2,53.49,80,3.36,58.3,SV,Glenn County Fairgrounds-Untreated
2017,4,17,Orland-3-Untreated,3,0,3,0.2,53.49,80,3.36,58.3,SV,Hwy 99W and Road 18 - Untreated
2017,4,17,Orland-4-Untreated,0,0,0,0.2,53.49,80,3.36,58.3,SV,NE of N and 12-Untreated
2017,4,17,Corning-5-Treated,0,0,0,0.1,53,81.29,6.09,56.8,SV,Northbound I-5 Rest Area-Treated
2017,4,17,Orland-7-Untreated,0,0,0,0.2,53.49,80,3.36,58.3,SV,Road 200 and Road E-Untreated
2017,4,17,Orland-8,0,0,0,0.2,53.49,80,3.36,58.3,SV,Road 21 and M
2017,4,17,Orland-11-Untreated,0,1,1,0.2,53.49,80,3.36,58.3,SV,SE of N and 16-Untreated
2017,4,17,Corning-6-Untreated,0,0,0,0.1,53,81.29,6.09,56.8,SV,Sac River and Kopta Road - Untreated
2017,4,17,Corning-8-Treated,0,0,0,0.1,53,81.29,6.09,56.8,SV,Viola and Orchard Ave.-Treated
2017,4,24,Corning-1-Treated,0,1,1,0.01,59.11,69.71,5.44,59.96,SV,Barham and Samson-Treated
2017,4,24,Corning-2-Treated,2,1,3,0.01,59.11,69.71,5.44,59.96,SV,Dora and Marguerite-Treated
2017,4,24,Corning-4-Treated,4,1,5,0.01,59.11,69.71,5.44,59.96,SV,Fig Lane and Houghton-Treated
2017,4,24,Orland-1-Untreated,24,6,30,0.04,59.46,68.57,3.86,62.4,SV,Glenn County Fairgrounds-Untreated
2017,4,24,Orland-3-Untreated,28,6,34,0.04,59.46,68.57,3.86,62.4,SV,Hwy 99W and Road 18 - Untreated
2017,4,24,Orland-4-Untreated,0,0,0,0.04,59.46,68.57,3.86,62.4,SV,NE of N and 12-Untreated
2017,4,24,Corning-5-Treated,13,4,17,0.01,59.11,69.71,5.44,59.96,SV,Northbound I-5 Rest Area-Treated
2017,4,24,Orland-7-Untreated,7,5,12,0.04,59.46,68.57,3.86,62.4,SV,Road 200 and Road E-Untreated
2017,4,24,Orland-8,0,0,0,0.04,59.46,68.57,3.86,62.4,SV,Road 21 and M
2017,4,24,Orland-11-Untreated,17,8,25,0.04,59.46,68.57,3.86,62.4,SV,SE of N and 16-Untreated
2017,4,24,Corning-6-Untreated,1,1,2,0.01,59.11,69.71,5.44,59.96,SV,Sac River and Kopta Road - Untreated
2017,4,24,Corning-8-Treated,0,0,0,0.01,59.11,69.71,5.44,59.96,SV,Viola and Orchard Ave.-Treated
2017,5,1,Corning-1-Treated,0,0,0,0,63.51,52.57,6.34,61.1,SV,Barham and Samson-Treated
2017,5,1,Corning-2-Treated,1,4,5,0,63.51,52.57,6.34,61.1,SV,Dora and Marguerite-Treated
2017,5,1,Corning-4-Treated,8,1,9,0,63.51,52.57,6.34,61.1,SV,Fig Lane and Houghton-Treated
2017,5,1,Orland-1-Untreated,30,18,48,0,63.93,54.71,4.34,65,SV,Glenn County Fairgrounds-Untreated
2017,5,1,Orland-3-Untreated,16,7,23,0,63.93,54.71,4.34,65,SV,Hwy 99W and Road 18 - Untreated
2017,5,1,Orland-4-Untreated,0,0,0,0,63.93,54.71,4.34,65,SV,NE of N and 12-Untreated
2017,5,1,Corning-5-Treated,19,6,25,0,63.51,52.57,6.34,61.1,SV,Northbound I-5 Rest Area-Treated
2017,5,1,Orland-7-Untreated,54,25,79,0,63.93,54.71,4.34,65,SV,Road 200 and Road E-Untreated
2017,5,1,Orland-8,1,4,5,0,63.93,54.71,4.34,65,SV,Road 21 and M
2017,5,1,Orland-11-Untreated,49,22,71,0,63.93,54.71,4.34,65,SV,SE of N and 16-Untreated
2017,5,1,Corning-6-Untreated,2,1,3,0,63.51,52.57,6.34,61.1,SV,Sac River and Kopta Road - Untreated
2017,5,1,Corning-8-Treated,0,0,0,0,63.51,52.57,6.34,61.1,SV,Viola and Orchard Ave.-Treated
2017,5,9,Corning-1-Treated,0,0,0,0,69.97,47,7.51,65.64,SV,Barham and Samson-Treated
2017,5,9,Corning-2-Treated,3,1,4,0,69.97,47,7.51,65.64,SV,Dora and Marguerite-Treated
2017,5,9,Corning-4-Treated,14,9,23,0,69.97,47,7.51,65.64,SV,Fig Lane and Houghton-Treated
2017,5,9,Orland-1-Untreated,19,15,34,0,68.74,55.14,3.74,71.8,SV,Glenn County Fairgrounds-Untreated
2017,5,9,Orland-3-Untreated,10,5,15,0,68.74,55.14,3.74,71.8,SV,Hwy 99W and Road 18 - Untreated
2017,5,9,Orland-4-Untreated,0,1,1,0,68.74,55.14,3.74,71.8,SV,NE of N and 12-Untreated
2017,5,9,Corning-5-Treated,19,7,26,0,69.97,47,7.51,65.64,SV,Northbound I-5 Rest Area-Treated
2017,5,9,Orland-7-Untreated,67,37,104,0,68.74,55.14,3.74,71.8,SV,Road 200 and Road E-Untreated
2017,5,9,Orland-8,2,1,3,0,68.74,55.14,3.74,71.8,SV,Road 21 and M
2017,5,9,Orland-11-Untreated,31,22,53,0,68.74,55.14,3.74,71.8,SV,SE of N and 16-Untreated
2017,5,9,Corning-6-Untreated,0,0,0,0,69.97,47,7.51,65.64,SV,Sac River and Kopta Road - Untreated
2017,5,9,Corning-8-Treated,0,0,0,0,69.97,47,7.51,65.64,SV,Viola and Orchard Ave.-Treated
2017,5,15,Corning-1-Treated,0,0,0,0,62.37,51,5.96,65.47,SV,Barham and Samson-Treated
2017,5,15,Corning-2-Treated,3,0,3,0,62.37,51,5.96,65.47,SV,Dora and Marguerite-Treated
2017,5,15,Corning-4-Treated,5,0,5,0,62.37,51,5.96,65.47,SV,Fig Lane and Houghton-Treated
2017,5,15,Orland-1-Untreated,2,1,3,0,61.67,53.86,3.77,69.73,SV,Glenn County Fairgrounds-Untreated
2017,5,15,Orland-3-Untreated,0,0,0,0,61.67,53.86,3.77,69.73,SV,Hwy 99W and Road 18 - Untreated
2017,5,15,Orland-4-Untreated,1,1,2,0,61.67,53.86,3.77,69.73,SV,NE of N and 12-Untreated
2017,5,15,Corning-5-Treated,14,2,16,0,62.37,51,5.96,65.47,SV,Northbound I-5 Rest Area-Treated
2017,5,15,Orland-7-Untreated,28,17,45,0,61.67,53.86,3.77,69.73,SV,Road 200 and Road E-Untreated
2017,5,15,Orland-8,0,0,0,0,61.67,53.86,3.77,69.73,SV,Road 21 and M
2017,5,15,Orland-11-Untreated,2,2,4,0,61.67,53.86,3.77,69.73,SV,SE of N and 16-Untreated
2017,5,15,Corning-6-Untreated,1,0,1,0,62.37,51,5.96,65.47,SV,Sac River and Kopta Road - Untreated
2017,5,15,Corning-8-Treated,0,0,0,0,62.37,51,5.96,65.47,SV,Viola and Orchard Ave.-Treated
2017,5,22,Corning-1-Treated,0,0,0,0,69.33,45.71,5.53,65.81,SV,Barham and Samson-Treated
2017,5,22,Corning-2-Treated,3,3,6,0,69.33,45.71,5.53,65.81,SV,Dora and Marguerite-Treated
2017,5,22,Corning-4-Treated,2,2,4,0,69.33,45.71,5.53,65.81,SV,Fig Lane and Houghton-Treated
2017,5,22,Orland-1-Untreated,1,2,3,0,67.44,56.29,2.91,69.27,SV,Glenn County Fairgrounds-Untreated
2017,5,22,Orland-3-Untreated,0,0,0,0,67.44,56.29,2.91,69.27,SV,Hwy 99W and Road 18 - Untreated
2017,5,22,Orland-4-Untreated,0,0,0,0,67.44,56.29,2.91,69.27,SV,NE of N and 12-Untreated
2017,5,22,Corning-5-Treated,13,7,20,0,69.33,45.71,5.53,65.81,SV,Northbound I-5 Rest Area-Treated
2017,5,22,Orland-7-Untreated,23,15,38,0,67.44,56.29,2.91,69.27,SV,Road 200 and Road E-Untreated
2017,5,22,Orland-8,0,0,0,0,67.44,56.29,2.91,69.27,SV,Road 21 and M
2017,5,22,Orland-11-Untreated,11,9,20,0,67.44,56.29,2.91,69.27,SV,SE of N and 16-Untreated
2017,5,22,Corning-6-Untreated,0,0,0,0,69.33,45.71,5.53,65.81,SV,Sac River and Kopta Road - Untreated
2017,5,22,Corning-8-Treated,0,0,0,0,69.33,45.71,5.53,65.81,SV,Viola and Orchard Ave.-Treated
2017,5,30,Corning-1-Treated,0,0,0,0,70.23,63,5.01,71.04,SV,Barham and Samson-Treated
2017,5,30,Corning-2-Treated,2,0,2,0,70.23,63,5.01,71.04,SV,Dora and Marguerite-Treated
2017,5,30,Corning-4-Treated,0,0,0,0,70.23,63,5.01,71.04,SV,Fig Lane and Houghton-Treated
2017,5,30,Orland-1-Untreated,4,0,4,0,68.19,65.86,3.39,73.53,SV,Glenn County Fairgrounds-Untreated
2017,5,30,Orland-3-Untreated,0,1,1,0,68.19,65.86,3.39,73.53,SV,Hwy 99W and Road 18 - Untreated
2017,5,30,Orland-4-Untreated,0,0,0,0,68.19,65.86,3.39,73.53,SV,NE of N and 12-Untreated
2017,5,30,Corning-5-Treated,3,0,3,0,70.23,63,5.01,71.04,SV,Northbound I-5 Rest Area-Treated
2017,5,30,Orland-7-Untreated,9,3,12,0,68.19,65.86,3.39,73.53,SV,Road 200 and Road E-Untreated
2017,5,30,Orland-8,0,0,0,0,68.19,65.86,3.39,73.53,SV,Road 21 and M
2017,5,30,Orland-11-Untreated,2,3,5,0,68.19,65.86,3.39,73.53,SV,SE of N and 16-Untreated
2017,5,30,Corning-6-Untreated,0,0,0,0,70.23,63,5.01,71.04,SV,Sac River and Kopta Road - Untreated
2017,5,30,Corning-8-Treated,0,0,0,0,70.23,63,5.01,71.04,SV,Viola and Orchard Ave.-Treated
2017,6,5,Corning-1-Treated,0,0,0,0.04,72.57,57.14,4.24,72.06,SV,Barham and Samson-Treated
2017,6,5,Corning-2-Treated,0,0,0,0.04,72.57,57.14,4.24,72.06,SV,Dora and Marguerite-Treated
2017,6,5,Corning-4-Treated,3,2,5,0.04,72.57,57.14,4.24,72.06,SV,Fig Lane and Houghton-Treated
2017,6,5,Orland-1-Untreated,1,0,1,0.02,70.87,64.29,2.36,74.54,SV,Glenn County Fairgrounds-Untreated
2017,6,5,Orland-3-Untreated,0,1,1,0.02,70.87,64.29,2.36,74.54,SV,Hwy 99W and Road 18 - Untreated
2017,6,5,Orland-4-Untreated,0,0,0,0.02,70.87,64.29,2.36,74.54,SV,NE of N and 12-Untreated
2017,6,5,Corning-5-Treated,9,6,15,0.04,72.57,57.14,4.24,72.06,SV,Northbound I-5 Rest Area-Treated
2017,6,5,Orland-7-Untreated,5,7,12,0.02,70.87,64.29,2.36,74.54,SV,Road 200 and Road E-Untreated
2017,6,5,Orland-8,0,0,0,0.02,70.87,64.29,2.36,74.54,SV,Road 21 and M
2017,6,5,Orland-11-Untreated,1,2,3,0.02,70.87,64.29,2.36,74.54,SV,SE of N and 16-Untreated
2017,6,5,Corning-6-Untreated,0,0,0,0.04,72.57,57.14,4.24,72.06,SV,Sac River and Kopta Road - Untreated
2017,6,5,Corning-8-Treated,0,0,0,0.04,72.57,57.14,4.24,72.06,SV,Viola and Orchard Ave.-Treated
2017,6,12,Corning-1-Treated,9,2,11,0.04,64.61,59.43,6.64,69.33,SV,Barham and Samson-Treated
2017,6,12,Corning-2-Treated,0,0,0,0.04,64.61,59.43,6.64,69.33,SV,Dora and Marguerite-Treated
2017,6,12,Corning-4-Treated,16,7,23,0.04,64.61,59.43,6.64,69.33,SV,Fig Lane and Houghton-Treated
2017,6,12,Orland-1-Untreated,4,1,5,0.09,64.9,61.43,3.87,73.4,SV,Glenn County Fairgrounds-Untreated
2017,6,12,Orland-3-Untreated,0,6,6,0.09,64.9,61.43,3.87,73.4,SV,Hwy 99W and Road 18 - Untreated
2017,6,12,Orland-4-Untreated,1,2,3,0.09,64.9,61.43,3.87,73.4,SV,NE of N and 12-Untreated
2017,6,12,Corning-5-Treated,28,15,43,0.04,64.61,59.43,6.64,69.33,SV,Northbound I-5 Rest Area-Treated
2017,6,12,Orland-7-Untreated,13,17,30,0.09,64.9,61.43,3.87,73.4,SV,Road 200 and Road E-Untreated
2017,6,12,Orland-8,8,4,12,0.09,64.9,61.43,3.87,73.4,SV,Road 21 and M
2017,6,12,Orland-11-Untreated,4,3,7,0.09,64.9,61.43,3.87,73.4,SV,SE of N and 16-Untreated
2017,6,12,Corning-6-Untreated,9,7,16,0.04,64.61,59.43,6.64,69.33,SV,Sac River and Kopta Road - Untreated
2017,6,12,Corning-8-Treated,9,4,13,0.04,64.61,59.43,6.64,69.33,SV,Viola and Orchard Ave.-Treated
2017,6,21,Corning-1-Treated,3,5,8,0,86.56,40.29,7.3,73.77,SV,Barham and Samson-Treated
2017,6,21,Corning-2-Treated,1,2,3,0,86.56,40.29,7.3,73.77,SV,Dora and Marguerite-Treated
2017,6,21,Corning-4-Treated,63,29,92,0,86.56,40.29,7.3,73.77,SV,Fig Lane and Houghton-Treated
2017,6,21,Orland-1-Untreated,34,7,41,0,83.63,51.8,3.17,79.2,SV,Glenn County Fairgrounds-Untreated
2017,6,21,Orland-3-Untreated,1,0,1,0,83.63,51.8,3.17,79.2,SV,Hwy 99W and Road 18 - Untreated
2017,6,21,Orland-4-Untreated,0,3,3,0,83.63,51.8,3.17,79.2,SV,NE of N and 12-Untreated
2017,6,21,Corning-5-Treated,34,14,48,0,86.56,40.29,7.3,73.77,SV,Northbound I-5 Rest Area-Treated
2017,6,21,Orland-7-Untreated,3,4,7,0,83.63,51.8,3.17,79.2,SV,Road 200 and Road E-Untreated
2017,6,21,Orland-8,10,8,18,0,83.63,51.8,3.17,79.2,SV,Road 21 and M
2017,6,21,Orland-11-Untreated,8,3,11,0,83.63,51.8,3.17,79.2,SV,SE of N and 16-Untreated
2017,6,21,Corning-6-Untreated,4,5,9,0,86.56,40.29,7.3,73.77,SV,Sac River and Kopta Road - Untreated
2017,6,21,Corning-8-Treated,2,0,2,0,86.56,40.29,7.3,73.77,SV,Viola and Orchard Ave.-Treated
2017,6,26,Corning-1-Treated,0,0,0,0,86.94,39,7.2,76.21,SV,Barham and Samson-Treated
2017,6,26,Corning-2-Treated,1,0,1,0,86.94,39,7.2,76.21,SV,Dora and Marguerite-Treated
2017,6,26,Corning-4-Treated,2,7,9,0,86.94,39,7.2,76.21,SV,Fig Lane and Houghton-Treated
2017,6,26,Orland-1-Untreated,5,1,6,0,81.96,58.17,2.84,81.14,SV,Glenn County Fairgrounds-Untreated
2017,6,26,Orland-3-Untreated,8,4,12,0,81.96,58.17,2.84,81.14,SV,Hwy 99W and Road 18 - Untreated
2017,6,26,Orland-4-Untreated,0,0,0,0,81.96,58.17,2.84,81.14,SV,NE of N and 12-Untreated
2017,6,26,Corning-5-Treated,1,0,1,0,86.94,39,7.2,76.21,SV,Northbound I-5 Rest Area-Treated
2017,6,26,Orland-7-Untreated,1,0,1,0,81.96,58.17,2.84,81.14,SV,Road 200 and Road E-Untreated
2017,6,26,Orland-8,2,1,3,0,81.96,58.17,2.84,81.14,SV,Road 21 and M
2017,6,26,Orland-11-Untreated,0,0,0,0,81.96,58.17,2.84,81.14,SV,SE of N and 16-Untreated
2017,6,26,Corning-6-Untreated,0,0,0,0,86.94,39,7.2,76.21,SV,Sac River and Kopta Road - Untreated
2017,6,26,Corning-8-Treated,0,1,1,0,86.94,39,7.2,76.21,SV,Viola and Orchard Ave.-Treated
2017,7,5,Corning-1-Treated,1,0,1,0,79.91,48.71,4.77,76.71,SV,Barham and Samson-Treated
2017,7,5,Corning-2-Treated,1,0,1,0,79.91,48.71,4.77,76.71,SV,Dora and Marguerite-Treated
2017,7,5,Corning-4-Treated,0,0,0,0,79.91,48.71,4.77,76.71,SV,Fig Lane and Houghton-Treated
2017,7,5,Orland-1-Untreated,4,0,4,0,76.01,62.86,2.2,76.29,SV,Glenn County Fairgrounds-Untreated
2017,7,5,Orland-3-Untreated,0,0,0,0,76.01,62.86,2.2,76.29,SV,Hwy 99W and Road 18 - Untreated
2017,7,5,Orland-4-Untreated,0,1,1,0,76.01,62.86,2.2,76.29,SV,NE of N and 12-Untreated
2017,7,5,Corning-5-Treated,0,1,1,0,79.91,48.71,4.77,76.71,SV,Northbound I-5 Rest Area-Treated
2017,7,5,Orland-7-Untreated,2,0,2,0,76.01,62.86,2.2,76.29,SV,Road 200 and Road E-Untreated
2017,7,5,Orland-8,0,0,0,0,76.01,62.86,2.2,76.29,SV,Road 21 and M
2017,7,5,Orland-11-Untreated,1,0,1,0,76.01,62.86,2.2,76.29,SV,SE of N and 16-Untreated
2017,7,5,Corning-6-Untreated,0,0,0,0,79.91,48.71,4.77,76.71,SV,Sac River and Kopta Road - Untreated
2017,7,5,Corning-8-Treated,0,0,0,0,79.91,48.71,4.77,76.71,SV,Viola and Orchard Ave.-Treated
2017,7,11,Corning-1-Treated,0,0,0,0,82.7,45.14,4.36,76.02,SV,Barham and Samson-Treated
2017,7,11,Corning-2-Treated,0,0,0,0,82.7,45.14,4.36,76.02,SV,Dora and Marguerite-Treated
2017,7,11,Corning-4-Treated,29,31,60,0,82.7,45.14,4.36,76.02,SV,Fig Lane and Houghton-Treated
2017,7,11,Orland-1-Untreated,0,0,0,0,78.59,58.71,2.03,75.93,SV,Glenn County Fairgrounds-Untreated
2017,7,11,Orland-3-Untreated,1,1,2,0,78.59,58.71,2.03,75.93,SV,Hwy 99W and Road 18 - Untreated
2017,7,11,Orland-4-Untreated,0,0,0,0,78.59,58.71,2.03,75.93,SV,NE of N and 12-Untreated
2017,7,11,Corning-5-Treated,0,0,0,0,82.7,45.14,4.36,76.02,SV,Northbound I-5 Rest Area-Treated
2017,7,11,Orland-7-Untreated,0,0,0,0,78.59,58.71,2.03,75.93,SV,Road 200 and Road E-Untreated
2017,7,11,Orland-8,0,0,0,0,78.59,58.71,2.03,75.93,SV,Road 21 and M
2017,7,11,Orland-11-Untreated,1,0,1,0,78.59,58.71,2.03,75.93,SV,SE of N and 16-Untreated
2017,7,11,Corning-6-Untreated,0,0,0,0,82.7,45.14,4.36,76.02,SV,Sac River and Kopta Road - Untreated
2017,7,11,Corning-8-Treated,0,0,0,0,82.7,45.14,4.36,76.02,SV,Viola and Orchard Ave.-Treated
2017,7,18,Corning-1-Treated,0,0,0,0,81.1,45.14,4.66,76.37,SV,Barham and Samson-Treated
2017,7,18,Corning-2-Treated,0,0,0,0,81.1,45.14,4.66,76.37,SV,Dora and Marguerite-Treated
2017,7,18,Corning-4-Treated,20,10,30,0,81.1,45.14,4.66,76.37,SV,Fig Lane and Houghton-Treated
2017,7,18,Orland-1-Untreated,1,1,2,0,78.17,58.14,2.17,80.1,SV,Glenn County Fairgrounds-Untreated
2017,7,18,Orland-3-Untreated,0,1,1,0,78.17,58.14,2.17,80.1,SV,Hwy 99W and Road 18 - Untreated
2017,7,18,Orland-4-Untreated,0,0,0,0,78.17,58.14,2.17,80.1,SV,NE of N and 12-Untreated
2017,7,18,Corning-5-Treated,0,0,0,0,81.1,45.14,4.66,76.37,SV,Northbound I-5 Rest Area-Treated
2017,7,18,Orland-7-Untreated,0,0,0,0,78.17,58.14,2.17,80.1,SV,Road 200 and Road E-Untreated
2017,7,18,Orland-8,0,0,0,0,78.17,58.14,2.17,80.1,SV,Road 21 and M
2017,7,18,Orland-11-Untreated,0,0,0,0,78.17,58.14,2.17,80.1,SV,SE of N and 16-Untreated
2017,7,18,Corning-6-Untreated,0,0,0,0,81.1,45.14,4.66,76.37,SV,Sac River and Kopta Road - Untreated
2017,7,18,Corning-8-Treated,0,0,0,0,81.1,45.14,4.66,76.37,SV,Viola and Orchard Ave.-Treated
2017,7,24,Corning-1-Treated,0,0,0,0,78.2,49,4.23,75.14,SV,Barham and Samson-Treated
2017,7,24,Corning-2-Treated,1,0,1,0,78.2,49,4.23,75.14,SV,Dora and Marguerite-Treated
2017,7,24,Corning-4-Treated,11,3,14,0,78.2,49,4.23,75.14,SV,Fig Lane and Houghton-Treated
2017,7,24,Orland-1-Untreated,0,0,0,0,75.86,59.29,2.13,79.73,SV,Glenn County Fairgrounds-Untreated
2017,7,24,Orland-3-Untreated,0,0,0,0,75.86,59.29,2.13,79.73,SV,Hwy 99W and Road 18 - Untreated
2017,7,24,Orland-4-Untreated,0,0,0,0,75.86,59.29,2.13,79.73,SV,NE of N and 12-Untreated
2017,7,24,Corning-5-Treated,1,1,2,0,78.2,49,4.23,75.14,SV,Northbound I-5 Rest Area-Treated
2017,7,24,Orland-7-Untreated,0,0,0,0,75.86,59.29,2.13,79.73,SV,Road 200 and Road E-Untreated
2017,7,24,Orland-8,0,0,0,0,75.86,59.29,2.13,79.73,SV,Road 21 and M
2017,7,24,Orland-11-Untreated,0,0,0,0,75.86,59.29,2.13,79.73,SV,SE of N and 16-Untreated
2017,7,24,Corning-6-Untreated,0,0,0,0,78.2,49,4.23,75.14,SV,Sac River and Kopta Road - Untreated
2017,7,24,Corning-8-Treated,0,0,0,0,78.2,49,4.23,75.14,SV,Viola and Orchard Ave.-Treated
2017,7,31,Corning-1-Treated,0,0,0,0,79.67,53,3.51,75.81,SV,Barham and Samson-Treated
2017,7,31,Corning-2-Treated,0,0,0,0,79.67,53,3.51,75.81,SV,Dora and Marguerite-Treated
2017,7,31,Corning-4-Treated,4,0,4,0,79.67,53,3.51,75.81,SV,Fig Lane and Houghton-Treated
2017,7,31,Orland-1-Untreated,0,0,0,0,77.43,62.29,1.87,79.37,SV,Glenn County Fairgrounds-Untreated
2017,7,31,Orland-3-Untreated,0,0,0,0,77.43,62.29,1.87,79.37,SV,Hwy 99W and Road 18 - Untreated
2017,7,31,Orland-4-Untreated,0,0,0,0,77.43,62.29,1.87,79.37,SV,NE of N and 12-Untreated
2017,7,31,Corning-5-Treated,0,0,0,0,79.67,53,3.51,75.81,SV,Northbound I-5 Rest Area-Treated
2017,7,31,Orland-7-Untreated,0,0,0,0,77.43,62.29,1.87,79.37,SV,Road 200 and Road E-Untreated
2017,7,31,Orland-8,0,0,0,0,77.43,62.29,1.87,79.37,SV,Road 21 and M
2017,7,31,Orland-11-Untreated,0,0,0,0,77.43,62.29,1.87,79.37,SV,SE of N and 16-Untreated
2017,7,31,Corning-6-Untreated,0,0,0,0,79.67,53,3.51,75.81,SV,Sac River and Kopta Road - Untreated
2017,7,31,Corning-8-Treated,0,0,0,0,79.67,53,3.51,75.81,SV,Viola and Orchard Ave.-Treated
2017,8,7,Corning-1-Treated,0,0,0,0,82.3,54.71,4.4,77.7,SV,Barham and Samson-Treated
2017,8,7,Corning-2-Treated,0,0,0,0,82.3,54.71,4.4,77.7,SV,Dora and Marguerite-Treated
2017,8,7,Corning-4-Treated,0,0,0,0,82.3,54.71,4.4,77.7,SV,Fig Lane and Houghton-Treated
2017,8,7,Orland-1-Untreated,0,1,1,0,79.81,60.86,2.14,81.73,SV,Glenn County Fairgrounds-Untreated
2017,8,7,Orland-3-Untreated,0,0,0,0,79.81,60.86,2.14,81.73,SV,Hwy 99W and Road 18 - Untreated
2017,8,7,Orland-4-Untreated,0,0,0,0,79.81,60.86,2.14,81.73,SV,NE of N and 12-Untreated
2017,8,7,Corning-5-Treated,0,0,0,0,82.3,54.71,4.4,77.7,SV,Northbound I-5 Rest Area-Treated
2017,8,7,Orland-7-Untreated,0,0,0,0,79.81,60.86,2.14,81.73,SV,Road 200 and Road E-Untreated
2017,8,7,Orland-8,0,0,0,0,79.81,60.86,2.14,81.73,SV,Road 21 and M
2017,8,7,Orland-11-Untreated,0,0,0,0,79.81,60.86,2.14,81.73,SV,SE of N and 16-Untreated
2017,8,7,Corning-6-Untreated,0,0,0,0,82.3,54.71,4.4,77.7,SV,Sac River and Kopta Road - Untreated
2017,8,7,Corning-8-Treated,0,0,0,0,82.3,54.71,4.4,77.7,SV,Viola and Orchard Ave.-Treated
2017,8,14,Corning-1-Treated,0,0,0,0,77.4,62.14,4.01,77.11,SV,Barham and Samson-Treated
2017,8,14,Corning-2-Treated,0,0,0,0,77.4,62.14,4.01,77.11,SV,Dora and Marguerite-Treated
2017,8,14,Corning-4-Treated,1,0,1,0,77.4,62.14,4.01,77.11,SV,Fig Lane and Houghton-Treated
2017,8,14,Orland-1-Untreated,0,0,0,0,75.03,68.57,2.2,79.89,SV,Glenn County Fairgrounds-Untreated
2017,8,14,Orland-3-Untreated,0,0,0,0,75.03,68.57,2.2,79.89,SV,Hwy 99W and Road 18 - Untreated
2017,8,14,Orland-4-Untreated,0,0,0,0,75.03,68.57,2.2,79.89,SV,NE of N and 12-Untreated
2017,8,14,Corning-5-Treated,0,0,0,0,77.4,62.14,4.01,77.11,SV,Northbound I-5 Rest Area-Treated
2017,8,14,Orland-7-Untreated,0,0,0,0,75.03,68.57,2.2,79.89,SV,Road 200 and Road E-Untreated
2017,8,14,Orland-8,0,0,0,0,75.03,68.57,2.2,79.89,SV,Road 21 and M
2017,8,14,Orland-11-Untreated,0,0,0,0,75.03,68.57,2.2,79.89,SV,SE of N and 16-Untreated
2017,8,14,Corning-6-Untreated,0,0,0,0,77.4,62.14,4.01,77.11,SV,Sac River and Kopta Road - Untreated
2017,8,14,Corning-8-Treated,0,0,0,0,77.4,62.14,4.01,77.11,SV,Viola and Orchard Ave.-Treated
2017,8,21,Corning-1-Treated,0,0,0,0,76.03,65,3.97,75.1,SV,Barham and Samson-Treated
2017,8,21,Corning-2-Treated,0,0,0,0,76.03,65,3.97,75.1,SV,Dora and Marguerite-Treated
2017,8,21,Corning-4-Treated,1,0,1,0,76.03,65,3.97,75.1,SV,Fig Lane and Houghton-Treated
2017,8,21,Orland-1-Untreated,0,0,0,0,73.73,70.29,2.2,77.97,SV,Glenn County Fairgrounds-Untreated
2017,8,21,Orland-3-Untreated,0,0,0,0,73.73,70.29,2.2,77.97,SV,Hwy 99W and Road 18 - Untreated
2017,8,21,Orland-4-Untreated,0,0,0,0,73.73,70.29,2.2,77.97,SV,NE of N and 12-Untreated
2017,8,21,Corning-5-Treated,1,0,1,0,76.03,65,3.97,75.1,SV,Northbound I-5 Rest Area-Treated
2017,8,21,Orland-7-Untreated,0,0,0,0,73.73,70.29,2.2,77.97,SV,Road 200 and Road E-Untreated
2017,8,21,Orland-8,0,0,0,0,73.73,70.29,2.2,77.97,SV,Road 21 and M
2017,8,21,Orland-11-Untreated,0,0,0,0,73.73,70.29,2.2,77.97,SV,SE of N and 16-Untreated
2017,8,21,Corning-6-Untreated,0,0,0,0,76.03,65,3.97,75.1,SV,Sac River and Kopta Road - Untreated
2017,8,21,Corning-8-Treated,0,0,0,0,76.03,65,3.97,75.1,SV,Viola and Orchard Ave.-Treated
2017,8,28,Corning-1-Treated,0,0,0,0,79.03,51.57,3.49,74.24,SV,Barham and Samson-Treated
2017,8,28,Corning-2-Treated,0,0,0,0,79.03,51.57,3.49,74.24,SV,Dora and Marguerite-Treated
2017,8,28,Corning-4-Treated,0,0,0,0,79.03,51.57,3.49,74.24,SV,Fig Lane and Houghton-Treated
2017,8,28,Orland-1-Untreated,0,0,0,0,77.03,62,2.03,77.07,SV,Glenn County Fairgrounds-Untreated
2017,8,28,Orland-3-Untreated,0,0,0,0,77.03,62,2.03,77.07,SV,Hwy 99W and Road 18 - Untreated
2017,8,28,Orland-4-Untreated,0,0,0,0,77.03,62,2.03,77.07,SV,NE of N and 12-Untreated
2017,8,28,Corning-5-Treated,0,2,2,0,79.03,51.57,3.49,74.24,SV,Northbound I-5 Rest Area-Treated
2017,8,28,Orland-7-Untreated,0,0,0,0,77.03,62,2.03,77.07,SV,Road 200 and Road E-Untreated
2017,8,28,Orland-8,0,0,0,0,77.03,62,2.03,77.07,SV,Road 21 and M
2017,8,28,Orland-11-Untreated,0,0,0,0,77.03,62,2.03,77.07,SV,SE of N and 16-Untreated
2017,8,28,Corning-6-Untreated,0,0,0,0,79.03,51.57,3.49,74.24,SV,Sac River and Kopta Road - Untreated
2017,8,28,Corning-8-Treated,0,0,0,0,79.03,51.57,3.49,74.24,SV,Viola and Orchard Ave.-Treated
2017,9,6,Corning-1-Treated,0,0,0,0,81.23,50.71,4.21,73.97,SV,Barham and Samson-Treated
2017,9,6,Corning-2-Treated,0,0,0,0,81.23,50.71,4.21,73.97,SV,Dora and Marguerite-Treated
2017,9,6,Corning-4-Treated,2,0,2,0,81.23,50.71,4.21,73.97,SV,Fig Lane and Houghton-Treated
2017,9,6,Orland-1-Untreated,0,0,0,0,78.57,62.43,2.07,76.8,SV,Glenn County Fairgrounds-Untreated
2017,9,6,Orland-3-Untreated,1,0,1,0,78.57,62.43,2.07,76.8,SV,Hwy 99W and Road 18 - Untreated
2017,9,6,Orland-4-Untreated,0,0,0,0,78.57,62.43,2.07,76.8,SV,NE of N and 12-Untreated
2017,9,6,Corning-5-Treated,0,0,0,0,81.23,50.71,4.21,73.97,SV,Northbound I-5 Rest Area-Treated
2017,9,6,Orland-7-Untreated,0,0,0,0,78.57,62.43,2.07,76.8,SV,Road 200 and Road E-Untreated
2017,9,6,Orland-8,0,0,0,0,78.57,62.43,2.07,76.8,SV,Road 21 and M
2017,9,6,Orland-11-Untreated,0,0,0,0,78.57,62.43,2.07,76.8,SV,SE of N and 16-Untreated
2017,9,6,Corning-6-Untreated,0,0,0,0,81.23,50.71,4.21,73.97,SV,Sac River and Kopta Road - Untreated
2017,9,6,Corning-8-Treated,0,0,0,0,81.23,50.71,4.21,73.97,SV,Viola and Orchard Ave.-Treated
2017,9,12,Corning-1-Treated,0,0,0,0.03,78.19,60.57,4.31,74.27,SV,Barham and Samson-Treated
2017,9,12,Corning-2-Treated,0,0,0,0.03,78.19,60.57,4.31,74.27,SV,Dora and Marguerite-Treated
2017,9,12,Corning-4-Treated,0,0,0,0.03,78.19,60.57,4.31,74.27,SV,Fig Lane and Houghton-Treated
2017,9,12,Orland-1-Untreated,0,0,0,0.01,76.47,67.14,2.27,76.93,SV,Glenn County Fairgrounds-Untreated
2017,9,12,Orland-3-Untreated,0,0,0,0.01,76.47,67.14,2.27,76.93,SV,Hwy 99W and Road 18 - Untreated
2017,9,12,Orland-4-Untreated,0,0,0,0.01,76.47,67.14,2.27,76.93,SV,NE of N and 12-Untreated
2017,9,12,Corning-5-Treated,0,0,0,0.03,78.19,60.57,4.31,74.27,SV,Northbound I-5 Rest Area-Treated
2017,9,12,Orland-7-Untreated,0,0,0,0.01,76.47,67.14,2.27,76.93,SV,Road 200 and Road E-Untreated
2017,9,12,Orland-8,0,0,0,0.01,76.47,67.14,2.27,76.93,SV,Road 21 and M
2017,9,12,Orland-11-Untreated,0,0,0,0.01,76.47,67.14,2.27,76.93,SV,SE of N and 16-Untreated
2017,9,12,Corning-6-Untreated,0,0,0,0.03,78.19,60.57,4.31,74.27,SV,Sac River and Kopta Road - Untreated
2017,9,12,Corning-8-Treated,0,0,0,0.03,78.19,60.57,4.31,74.27,SV,Viola and Orchard Ave.-Treated
2017,9,18,Corning-1-Treated,0,0,0,0,70.39,59.14,4.93,71.7,SV,Barham and Samson-Treated
2017,9,18,Corning-2-Treated,0,0,0,0,70.39,59.14,4.93,71.7,SV,Dora and Marguerite-Treated
2017,9,18,Corning-4-Treated,0,0,0,0,70.39,59.14,4.93,71.7,SV,Fig Lane and Houghton-Treated
2017,9,18,Orland-1-Untreated,0,0,0,0,69.83,66,2.6,75.51,SV,Glenn County Fairgrounds-Untreated
2017,9,18,Orland-3-Untreated,0,0,0,0,69.83,66,2.6,75.51,SV,Hwy 99W and Road 18 - Untreated
2017,9,18,Orland-4-Untreated,0,0,0,0,69.83,66,2.6,75.51,SV,NE of N and 12-Untreated
2017,9,18,Corning-5-Treated,0,0,0,0,70.39,59.14,4.93,71.7,SV,Northbound I-5 Rest Area-Treated
2017,9,18,Orland-7-Untreated,0,0,0,0,69.83,66,2.6,75.51,SV,Road 200 and Road E-Untreated
2017,9,18,Orland-8,0,0,0,0,69.83,66,2.6,75.51,SV,Road 21 and M
2017,9,18,Orland-11-Untreated,0,0,0,0,69.83,66,2.6,75.51,SV,SE of N and 16-Untreated
2017,9,18,Corning-6-Untreated,0,0,0,0,70.39,59.14,4.93,71.7,SV,Sac River and Kopta Road - Untreated
2017,9,18,Corning-8-Treated,0,0,0,0,70.39,59.14,4.93,71.7,SV,Viola and Orchard Ave.-Treated
2017,9,26,Corning-1-Treated,0,0,0,0,66.01,40.14,6.4,65.43,SV,Barham and Samson-Treated
2017,9,26,Corning-2-Treated,0,0,0,0,66.01,40.14,6.4,65.43,SV,Dora and Marguerite-Treated
2017,9,26,Corning-4-Treated,1,0,1,0,66.01,40.14,6.4,65.43,SV,Fig Lane and Houghton-Treated
2017,9,26,Orland-1-Untreated,0,0,0,0,63.97,47.71,3.4,68.77,SV,Glenn County Fairgrounds-Untreated
2017,9,26,Orland-3-Untreated,0,0,0,0,63.97,47.71,3.4,68.77,SV,Hwy 99W and Road 18 - Untreated
2017,9,26,Orland-4-Untreated,0,0,0,0,63.97,47.71,3.4,68.77,SV,NE of N and 12-Untreated
2017,9,26,Corning-5-Treated,1,0,1,0,66.01,40.14,6.4,65.43,SV,Northbound I-5 Rest Area-Treated
2017,9,26,Orland-7-Untreated,0,0,0,0,63.97,47.71,3.4,68.77,SV,Road 200 and Road E-Untreated
2017,9,26,Orland-8,0,0,0,0,63.97,47.71,3.4,68.77,SV,Road 21 and M
2017,9,26,Orland-11-Untreated,0,0,0,0,63.97,47.71,3.4,68.77,SV,SE of N and 16-Untreated
2017,9,26,Corning-6-Untreated,0,0,0,0,66.01,40.14,6.4,65.43,SV,Sac River and Kopta Road - Untreated
2017,9,26,Corning-8-Treated,0,0,0,0,66.01,40.14,6.4,65.43,SV,Viola and Orchard Ave.-Treated
2017,10,4,Corning-1-Treated,0,0,0,0,65.34,40,7.17,64.13,SV,Barham and Samson-Treated
2017,10,4,Corning-2-Treated,0,0,0,0,65.34,40,7.17,64.13,SV,Dora and Marguerite-Treated
2017,10,4,Corning-4-Treated,0,0,0,0,65.34,40,7.17,64.13,SV,Fig Lane and Houghton-Treated
2017,10,4,Orland-1-Untreated,0,0,0,0,65.1,46,3.56,66.73,SV,Glenn County Fairgrounds-Untreated
2017,10,4,Orland-3-Untreated,0,0,0,0,65.1,46,3.56,66.73,SV,Hwy 99W and Road 18 - Untreated
2017,10,4,Orland-4-Untreated,0,0,0,0,65.1,46,3.56,66.73,SV,NE of N and 12-Untreated
2017,10,4,Corning-5-Treated,0,0,0,0,65.34,40,7.17,64.13,SV,Northbound I-5 Rest Area-Treated
2017,10,4,Orland-7-Untreated,0,0,0,0,65.1,46,3.56,66.73,SV,Road 200 and Road E-Untreated
2017,10,4,Orland-8,0,0,0,0,65.1,46,3.56,66.73,SV,Road 21 and M
2017,10,4,Orland-11-Untreated,0,0,0,0,65.1,46,3.56,66.73,SV,SE of N and 16-Untreated
2017,10,4,Corning-6-Untreated,0,0,0,0,65.34,40,7.17,64.13,SV,Sac River and Kopta Road - Untreated
2017,10,4,Corning-8-Treated,0,0,0,0,65.34,40,7.17,64.13,SV,Viola and Orchard Ave.-Treated
2017,10,10,Corning-1-Treated,0,0,0,0,63.14,37.29,5.99,61.27,SV,Barham and Samson-Treated
2017,10,10,Corning-2-Treated,0,0,0,0,63.14,37.29,5.99,61.27,SV,Dora and Marguerite-Treated
2017,10,10,Corning-4-Treated,0,0,0,0,63.14,37.29,5.99,61.27,SV,Fig Lane and Houghton-Treated
2017,10,10,Orland-1-Untreated,0,0,0,0,61.99,46.29,2.84,63.87,SV,Glenn County Fairgrounds-Untreated
2017,10,10,Orland-3-Untreated,0,0,0,0,61.99,46.29,2.84,63.87,SV,Hwy 99W and Road 18 - Untreated
2017,10,10,Orland-4-Untreated,0,0,0,0,61.99,46.29,2.84,63.87,SV,NE of N and 12-Untreated
2017,10,10,Corning-5-Treated,0,0,0,0,63.14,37.29,5.99,61.27,SV,Northbound I-5 Rest Area-Treated
2017,10,10,Orland-7-Untreated,0,0,0,0,61.99,46.29,2.84,63.87,SV,Road 200 and Road E-Untreated
2017,10,10,Orland-8,0,0,0,0,61.99,46.29,2.84,63.87,SV,Road 21 and M
2017,10,10,Orland-11-Untreated,0,0,0,0,61.99,46.29,2.84,63.87,SV,SE of N and 16-Untreated
2017,10,10,Corning-6-Untreated,0,0,0,0,63.14,37.29,5.99,61.27,SV,Sac River and Kopta Road - Untreated
2017,10,10,Corning-8-Treated,0,0,0,0,63.14,37.29,5.99,61.27,SV,Viola and Orchard Ave.-Treated
2017,10,16,Corning-1-Treated,0,0,0,0,60.87,36.14,7.03,59.07,SV,Barham and Samson-Treated
2017,10,16,Corning-2-Treated,0,0,0,0,60.87,36.14,7.03,59.07,SV,Dora and Marguerite-Treated
2017,10,16,Corning-4-Treated,0,1,1,0,60.87,36.14,7.03,59.07,SV,Fig Lane and Houghton-Treated
2017,10,16,Orland-1-Untreated,0,0,0,0,59.41,42.29,3.81,60.6,SV,Glenn County Fairgrounds-Untreated
2017,10,16,Orland-3-Untreated,1,1,2,0,59.41,42.29,3.81,60.6,SV,Hwy 99W and Road 18 - Untreated
2017,10,16,Orland-4-Untreated,0,0,0,0,59.41,42.29,3.81,60.6,SV,NE of N and 12-Untreated
2017,10,16,Corning-5-Treated,0,0,0,0,60.87,36.14,7.03,59.07,SV,Northbound I-5 Rest Area-Treated
2017,10,16,Orland-7-Untreated,0,0,0,0,59.41,42.29,3.81,60.6,SV,Road 200 and Road E-Untreated
2017,10,16,Orland-8,0,0,0,0,59.41,42.29,3.81,60.6,SV,Road 21 and M
2017,10,16,Orland-11-Untreated,0,0,0,0,59.41,42.29,3.81,60.6,SV,SE of N and 16-Untreated
2017,10,16,Corning-6-Untreated,0,0,0,0,60.87,36.14,7.03,59.07,SV,Sac River and Kopta Road - Untreated
2017,10,16,Corning-8-Treated,0,0,0,0,60.87,36.14,7.03,59.07,SV,Viola and Orchard Ave.-Treated
2017,10,24,Corning-1-Treated,0,0,0,0.02,60.76,58.14,5.79,58.81,SV,Barham and Samson-Treated
2017,10,24,Corning-2-Treated,0,0,0,0.02,60.76,58.14,5.79,58.81,SV,Dora and Marguerite-Treated
2017,10,24,Corning-4-Treated,1,0,1,0.02,60.76,58.14,5.79,58.81,SV,Fig Lane and Houghton-Treated
2017,10,24,Orland-1-Untreated,0,0,0,0.06,60.8,61.71,3.19,59.9,SV,Glenn County Fairgrounds-Untreated
2017,10,24,Orland-3-Untreated,6,2,8,0.06,60.8,61.71,3.19,59.9,SV,Hwy 99W and Road 18 - Untreated
2017,10,24,Orland-4-Untreated,0,0,0,0.06,60.8,61.71,3.19,59.9,SV,NE of N and 12-Untreated
2017,10,24,Corning-5-Treated,0,0,0,0.02,60.76,58.14,5.79,58.81,SV,Northbound I-5 Rest Area-Treated
2017,10,24,Orland-7-Untreated,3,1,4,0.06,60.8,61.71,3.19,59.9,SV,Road 200 and Road E-Untreated
2017,10,24,Orland-8,0,0,0,0.06,60.8,61.71,3.19,59.9,SV,Road 21 and M
2017,10,24,Orland-11-Untreated,1,0,1,0.06,60.8,61.71,3.19,59.9,SV,SE of N and 16-Untreated
2017,10,24,Corning-6-Untreated,0,0,0,0.02,60.76,58.14,5.79,58.81,SV,Sac River and Kopta Road - Untreated
2017,10,24,Corning-8-Treated,0,0,0,0.02,60.76,58.14,5.79,58.81,SV,Viola and Orchard Ave.-Treated
2017,10,30,Corning-1-Treated,0,0,0,0,63.41,56.29,3.43,60.11,SV,Barham and Samson-Treated
2017,10,30,Corning-2-Treated,0,1,1,0,63.41,56.29,3.43,60.11,SV,Dora and Marguerite-Treated
2017,10,30,Corning-4-Treated,2,0,2,0,63.41,56.29,3.43,60.11,SV,Fig Lane and Houghton-Treated
2017,10,30,Orland-1-Untreated,0,2,2,0,62.37,67,1.86,61.69,SV,Glenn County Fairgrounds-Untreated
2017,10,30,Orland-3-Untreated,5,12,17,0,62.37,67,1.86,61.69,SV,Hwy 99W and Road 18 - Untreated
2017,10,30,Orland-4-Untreated,1,0,1,0,62.37,67,1.86,61.69,SV,NE of N and 12-Untreated
2017,10,30,Corning-5-Treated,1,2,3,0,63.41,56.29,3.43,60.11,SV,Northbound I-5 Rest Area-Treated
2017,10,30,Orland-7-Untreated,2,1,3,0,62.37,67,1.86,61.69,SV,Road 200 and Road E-Untreated
2017,10,30,Orland-8,2,0,2,0,62.37,67,1.86,61.69,SV,Road 21 and M
2017,10,30,Orland-11-Untreated,0,2,2,0,62.37,67,1.86,61.69,SV,SE of N and 16-Untreated
2017,10,30,Corning-6-Untreated,0,0,0,0,63.41,56.29,3.43,60.11,SV,Sac River and Kopta Road - Untreated
2017,10,30,Corning-8-Treated,0,0,0,0,63.41,56.29,3.43,60.11,SV,Viola and Orchard Ave.-Treated
2017,11,6,Corning-1-Treated,0,0,0,0.03,54.14,72.86,5.93,57.11,SV,Barham and Samson-Treated
2017,11,6,Corning-2-Treated,0,0,0,0.03,54.14,72.86,5.93,57.11,SV,Dora and Marguerite-Treated
2017,11,6,Corning-4-Treated,0,0,0,0.03,54.14,72.86,5.93,57.11,SV,Fig Lane and Houghton-Treated
2017,11,6,Orland-1-Untreated,0,0,0,0.11,54.57,78.71,2.86,58.83,SV,Glenn County Fairgrounds-Untreated
2017,11,6,Orland-3-Untreated,0,1,1,0.11,54.57,78.71,2.86,58.83,SV,Hwy 99W and Road 18 - Untreated
2017,11,6,Orland-4-Untreated,0,0,0,0.11,54.57,78.71,2.86,58.83,SV,NE of N and 12-Untreated
2017,11,6,Corning-5-Treated,0,0,0,0.03,54.14,72.86,5.93,57.11,SV,Northbound I-5 Rest Area-Treated
2017,11,6,Orland-7-Untreated,0,1,1,0.11,54.57,78.71,2.86,58.83,SV,Road 200 and Road E-Untreated
2017,11,6,Orland-8,0,0,0,0.11,54.57,78.71,2.86,58.83,SV,Road 21 and M
2017,11,6,Orland-11-Untreated,0,0,0,0.11,54.57,78.71,2.86,58.83,SV,SE of N and 16-Untreated
2017,11,6,Corning-6-Untreated,0,0,0,0.03,54.14,72.86,5.93,57.11,SV,Sac River and Kopta Road - Untreated
2017,11,6,Corning-8-Treated,0,0,0,0.03,54.14,72.86,5.93,57.11,SV,Viola and Orchard Ave.-Treated
2017,11,13,Corning-1-Treated,0,0,0,0.1,53.86,83,6.99,55.5,SV,Barham and Samson-Treated
2017,11,13,Corning-2-Treated,0,0,0,0.1,53.86,83,6.99,55.5,SV,Dora and Marguerite-Treated
2017,11,13,Corning-4-Treated,0,0,0,0.1,53.86,83,6.99,55.5,SV,Fig Lane and Houghton-Treated
2017,11,13,Orland-1-Untreated,0,0,0,0.17,53.56,87.14,3.09,56.53,SV,Glenn County Fairgrounds-Untreated
2017,11,13,Orland-3-Untreated,0,0,0,0.17,53.56,87.14,3.09,56.53,SV,Hwy 99W and Road 18 - Untreated
2017,11,13,Orland-4-Untreated,0,0,0,0.17,53.56,87.14,3.09,56.53,SV,NE of N and 12-Untreated
2017,11,13,Corning-5-Treated,0,0,0,0.1,53.86,83,6.99,55.5,SV,Northbound I-5 Rest Area-Treated
2017,11,13,Orland-7-Untreated,0,0,0,0.17,53.56,87.14,3.09,56.53,SV,Road 200 and Road E-Untreated
2017,11,13,Orland-8,0,0,0,0.17,53.56,87.14,3.09,56.53,SV,Road 21 and M
2017,11,13,Orland-11-Untreated,0,0,0,0.17,53.56,87.14,3.09,56.53,SV,SE of N and 16-Untreated
2017,11,13,Corning-6-Untreated,0,0,0,0.1,53.86,83,6.99,55.5,SV,Sac River and Kopta Road - Untreated
2017,11,13,Corning-8-Treated,0,0,0,0.1,53.86,83,6.99,55.5,SV,Viola and Orchard Ave.-Treated
2018,4,2,Corning-1-Treated,0,0,0,0,61.71,52.29,5.73,54.49,SV,Barham and Samson-Treated
2018,4,2,Corning-2-Treated,0,0,0,0,61.71,52.29,5.73,54.49,SV,Dora and Marguerite-Treated
2018,4,2,Corning-4-Treated,1,2,3,0,61.71,52.29,5.73,54.49,SV,Fig Lane and Houghton-Treated
2018,4,2,Orland-1-Untreated,3,3,6,0,62.41,52.29,3.53,58.97,SV,Glenn County Fairgrounds-Untreated
2018,4,2,Orland-3-Untreated,33,15,48,0,62.41,52.29,3.53,58.97,SV,Hwy 99W and Road 18 - Untreated
2018,4,2,Orland-4-Untreated,0,0,0,0,62.41,52.29,3.53,58.97,SV,NE of N and 12-Untreated
2018,4,2,Corning-5-Treated,1,0,1,0,61.71,52.29,5.73,54.49,SV,Northbound I-5 Rest Area-Treated
2018,4,2,Orland-7-Untreated,0,1,1,0,62.41,52.29,3.53,58.97,SV,Road 200 and Road E-Untreated
2018,4,2,Orland-8,4,0,4,0,62.41,52.29,3.53,58.97,SV,Road 21 and M
2018,4,2,Orland-11-Untreated,56,47,103,0,62.41,52.29,3.53,58.97,SV,SE of N and 16-Untreated
2018,4,2,Corning-6-Untreated,2,3,5,0,61.71,52.29,5.73,54.49,SV,Sac River and Kopta Road - Untreated
2018,4,2,Corning-8-Treated,3,1,4,0,61.71,52.29,5.73,54.49,SV,Viola and Orchard Ave.-Treated
2018,4,9,Corning-1-Treated,0,0,0,0.37,58.93,69.71,5.53,56.91,SV,Barham and Samson-Treated
2018,4,9,Corning-2-Treated,0,0,0,0.37,58.93,69.71,5.53,56.91,SV,Dora and Marguerite-Treated
2018,4,9,Corning-4-Treated,7,3,10,0.37,58.93,69.71,5.53,56.91,SV,Fig Lane and Houghton-Treated
2018,4,9,Orland-1-Untreated,5,3,8,0.41,60.01,65.29,3.8,60.84,SV,Glenn County Fairgrounds-Untreated
2018,4,9,Orland-3-Untreated,46,17,63,0.41,60.01,65.29,3.8,60.84,SV,Hwy 99W and Road 18 - Untreated
2018,4,9,Orland-4-Untreated,0,0,0,0.41,60.01,65.29,3.8,60.84,SV,NE of N and 12-Untreated
2018,4,9,Corning-5-Treated,0,1,1,0.37,58.93,69.71,5.53,56.91,SV,Northbound I-5 Rest Area-Treated
2018,4,9,Orland-7-Untreated,4,6,10,0.41,60.01,65.29,3.8,60.84,SV,Road 200 and Road E-Untreated
2018,4,9,Orland-8,7,1,8,0.41,60.01,65.29,3.8,60.84,SV,Road 21 and M
2018,4,9,Orland-11-Untreated,26,18,44,0.41,60.01,65.29,3.8,60.84,SV,SE of N and 16-Untreated
2018,4,9,Corning-6-Untreated,0,2,2,0.37,58.93,69.71,5.53,56.91,SV,Sac River and Kopta Road - Untreated
2018,4,9,Corning-8-Treated,1,0,1,0.37,58.93,69.71,5.53,56.91,SV,Viola and Orchard Ave.-Treated
2018,4,17,Corning-1-Treated,0,0,0,0.02,52.4,70.43,5.6,57.11,SV,Barham and Samson-Treated
2018,4,17,Corning-2-Treated,0,0,0,0.02,52.4,70.43,5.6,57.11,SV,Dora and Marguerite-Treated
2018,4,17,Corning-4-Treated,3,0,3,0.02,52.4,70.43,5.6,57.11,SV,Fig Lane and Houghton-Treated
2018,4,17,Orland-1-Untreated,6,2,8,0.03,53.23,67.71,3.84,59.7,SV,Glenn County Fairgrounds-Untreated
2018,4,17,Orland-3-Untreated,24,6,30,0.03,53.23,67.71,3.84,59.7,SV,Hwy 99W and Road 18 - Untreated
2018,4,17,Orland-4-Untreated,1,0,1,0.03,53.23,67.71,3.84,59.7,SV,NE of N and 12-Untreated
2018,4,17,Corning-5-Treated,3,1,4,0.02,52.4,70.43,5.6,57.11,SV,Northbound I-5 Rest Area-Treated
2018,4,17,Orland-7-Untreated,1,1,2,0.03,53.23,67.71,3.84,59.7,SV,Road 200 and Road E-Untreated
2018,4,17,Orland-8,6,2,8,0.03,53.23,67.71,3.84,59.7,SV,Road 21 and M
2018,4,17,Orland-11-Untreated,9,5,14,0.03,53.23,67.71,3.84,59.7,SV,SE of N and 16-Untreated
2018,4,17,Corning-6-Untreated,3,0,3,0.02,52.4,70.43,5.6,57.11,SV,Sac River and Kopta Road - Untreated
2018,4,17,Corning-8-Treated,0,0,0,0.02,52.4,70.43,5.6,57.11,SV,Viola and Orchard Ave.-Treated
2018,4,23,Corning-1-Treated,0,0,0,0,58.29,58.57,4.6,57.7,SV,Barham and Samson-Treated
2018,4,23,Corning-2-Treated,0,0,0,0,58.29,58.57,4.6,57.7,SV,Dora and Marguerite-Treated
2018,4,23,Corning-4-Treated,5,6,11,0,58.29,58.57,4.6,57.7,SV,Fig Lane and Houghton-Treated
2018,4,23,Orland-1-Untreated,24,8,32,0,59.24,58.14,2.93,61.41,SV,Glenn County Fairgrounds-Untreated
2018,4,23,Orland-3-Untreated,84,32,116,0,59.24,58.14,2.93,61.41,SV,Hwy 99W and Road 18 - Untreated
2018,4,23,Orland-4-Untreated,0,1,1,0,59.24,58.14,2.93,61.41,SV,NE of N and 12-Untreated
2018,4,23,Corning-5-Treated,3,1,4,0,58.29,58.57,4.6,57.7,SV,Northbound I-5 Rest Area-Treated
2018,4,23,Orland-7-Untreated,67,26,93,0,59.24,58.14,2.93,61.41,SV,Road 200 and Road E-Untreated
2018,4,23,Orland-8,5,0,5,0,59.24,58.14,2.93,61.41,SV,Road 21 and M
2018,4,23,Orland-11-Untreated,29,8,37,0,59.24,58.14,2.93,61.41,SV,SE of N and 16-Untreated
2018,4,23,Corning-6-Untreated,0,0,0,0,58.29,58.57,4.6,57.7,SV,Sac River and Kopta Road - Untreated
2018,4,23,Corning-8-Treated,1,1,2,0,58.29,58.57,4.6,57.7,SV,Viola and Orchard Ave.-Treated
2018,4,30,Corning-1-Treated,2,0,2,0,61.67,61.43,4.14,61.34,SV,Barham and Samson-Treated
2018,4,30,Corning-2-Treated,0,0,0,0,61.67,61.43,4.14,61.34,SV,Dora and Marguerite-Treated
2018,4,30,Corning-4-Treated,4,0,4,0,61.67,61.43,4.14,61.34,SV,Fig Lane and Houghton-Treated
2018,4,30,Orland-1-Untreated,14,16,30,0,62.37,60.14,3.24,65.87,SV,Glenn County Fairgrounds-Untreated
2018,4,30,Orland-3-Untreated,67,24,91,0,62.37,60.14,3.24,65.87,SV,Hwy 99W and Road 18 - Untreated
2018,4,30,Orland-4-Untreated,2,0,2,0,62.37,60.14,3.24,65.87,SV,NE of N and 12-Untreated
2018,4,30,Corning-5-Treated,6,2,8,0,61.67,61.43,4.14,61.34,SV,Northbound I-5 Rest Area-Treated
2018,4,30,Orland-7-Untreated,110,37,147,0,62.37,60.14,3.24,65.87,SV,Road 200 and Road E-Untreated
2018,4,30,Orland-8,20,8,28,0,62.37,60.14,3.24,65.87,SV,Road 21 and M
2018,4,30,Orland-11-Untreated,10,4,14,0,62.37,60.14,3.24,65.87,SV,SE of N and 16-Untreated
2018,4,30,Corning-6-Untreated,0,0,0,0,61.67,61.43,4.14,61.34,SV,Sac River and Kopta Road - Untreated
2018,4,30,Corning-8-Treated,1,0,1,0,61.67,61.43,4.14,61.34,SV,Viola and Orchard Ave.-Treated
2018,5,7,Corning-1-Treated,0,0,0,0,65.27,56.71,3.81,63.04,SV,Barham and Samson-Treated
2018,5,7,Corning-2-Treated,0,0,0,0,65.27,56.71,3.81,63.04,SV,Dora and Marguerite-Treated
2018,5,7,Corning-4-Treated,2,1,3,0,65.27,56.71,3.81,63.04,SV,Fig Lane and Houghton-Treated
2018,5,7,Orland-1-Untreated,3,3,6,0,64.81,62,2.59,67.97,SV,Glenn County Fairgrounds-Untreated
2018,5,7,Orland-3-Untreated,45,22,67,0,64.81,62,2.59,67.97,SV,Hwy 99W and Road 18 - Untreated
2018,5,7,Orland-4-Untreated,4,0,4,0,64.81,62,2.59,67.97,SV,NE of N and 12-Untreated
2018,5,7,Corning-5-Treated,8,3,11,0,65.27,56.71,3.81,63.04,SV,Northbound I-5 Rest Area-Treated
2018,5,7,Orland-7-Untreated,81,34,115,0,64.81,62,2.59,67.97,SV,Road 200 and Road E-Untreated
2018,5,7,Orland-8,6,4,10,0,64.81,62,2.59,67.97,SV,Road 21 and M
2018,5,7,Orland-11-Untreated,6,4,10,0,64.81,62,2.59,67.97,SV,SE of N and 16-Untreated
2018,5,7,Corning-6-Untreated,0,0,0,0,65.27,56.71,3.81,63.04,SV,Sac River and Kopta Road - Untreated
2018,5,7,Corning-8-Treated,0,0,0,0,65.27,56.71,3.81,63.04,SV,Viola and Orchard Ave.-Treated
2018,5,14,Corning-1-Treated,0,0,0,0,68.73,50.14,6.9,65.51,SV,Barham and Samson-Treated
2018,5,14,Corning-2-Treated,12,3,15,0,68.73,50.14,6.9,65.51,SV,Dora and Marguerite-Treated
2018,5,14,Corning-4-Treated,17,7,24,0,68.73,50.14,6.9,65.51,SV,Fig Lane and Houghton-Treated
2018,5,14,Orland-1-Untreated,6,5,11,0,68.19,53.14,3.87,71.01,SV,Glenn County Fairgrounds-Untreated
2018,5,14,Orland-3-Untreated,21,14,35,0,68.19,53.14,3.87,71.01,SV,Hwy 99W and Road 18 - Untreated
2018,5,14,Orland-4-Untreated,0,1,1,0,68.19,53.14,3.87,71.01,SV,NE of N and 12-Untreated
2018,5,14,Corning-5-Treated,14,4,18,0,68.73,50.14,6.9,65.51,SV,Northbound I-5 Rest Area-Treated
2018,5,14,Orland-7-Untreated,173,51,224,0,68.19,53.14,3.87,71.01,SV,Road 200 and Road E-Untreated
2018,5,14,Orland-8,16,10,26,0,68.19,53.14,3.87,71.01,SV,Road 21 and M
2018,5,14,Orland-11-Untreated,10,3,13,0,68.19,53.14,3.87,71.01,SV,SE of N and 16-Untreated
2018,5,14,Corning-6-Untreated,1,0,1,0,68.73,50.14,6.9,65.51,SV,Sac River and Kopta Road - Untreated
2018,5,14,Corning-8-Treated,2,0,2,0,68.73,50.14,6.9,65.51,SV,Viola and Orchard Ave.-Treated
2018,5,21,Corning-1-Treated,0,0,0,0,67.69,62,5.23,67.11,SV,Barham and Samson-Treated
2018,5,21,Corning-2-Treated,10,3,13,0,67.69,62,5.23,67.11,SV,Dora and Marguerite-Treated
2018,5,21,Corning-4-Treated,8,7,15,0,67.69,62,5.23,67.11,SV,Fig Lane and Houghton-Treated
2018,5,21,Orland-1-Untreated,66,30,96,0,65.86,65.43,3.23,72.41,SV,Glenn County Fairgrounds-Untreated
2018,5,21,Orland-3-Untreated,20,9,29,0,65.86,65.43,3.23,72.41,SV,Hwy 99W and Road 18 - Untreated
2018,5,21,Orland-4-Untreated,0,0,0,0,65.86,65.43,3.23,72.41,SV,NE of N and 12-Untreated
2018,5,21,Corning-5-Treated,20,9,29,0,67.69,62,5.23,67.11,SV,Northbound I-5 Rest Area-Treated
2018,5,21,Orland-7-Untreated,155,90,245,0,65.86,65.43,3.23,72.41,SV,Road 200 and Road E-Untreated
2018,5,21,Orland-8,27,13,40,0,65.86,65.43,3.23,72.41,SV,Road 21 and M
2018,5,21,Orland-11-Untreated,4,0,4,0,65.86,65.43,3.23,72.41,SV,SE of N and 16-Untreated
2018,5,21,Corning-6-Untreated,0,0,0,0,67.69,62,5.23,67.11,SV,Sac River and Kopta Road - Untreated
2018,5,21,Corning-8-Treated,2,0,2,0,67.69,62,5.23,67.11,SV,Viola and Orchard Ave.-Treated
2018,5,29,Corning-1-Treated,6,3,9,0.15,69.46,60.57,6.51,67.57,SV,Barham and Samson-Treated
2018,5,29,Corning-2-Treated,37,12,49,0.15,69.46,60.57,6.51,67.57,SV,Dora and Marguerite-Treated
2018,5,29,Corning-4-Treated,42,23,65,0.15,69.46,60.57,6.51,67.57,SV,Fig Lane and Houghton-Treated
2018,5,29,Orland-1-Untreated,50,34,84,0.11,67.39,67.14,3.24,72.3,SV,Glenn County Fairgrounds-Untreated
2018,5,29,Orland-3-Untreated,8,3,11,0.11,67.39,67.14,3.24,72.3,SV,Hwy 99W and Road 18 - Untreated
2018,5,29,Orland-4-Untreated,0,0,0,0.11,67.39,67.14,3.24,72.3,SV,NE of N and 12-Untreated
2018,5,29,Corning-5-Treated,74,31,105,0.15,69.46,60.57,6.51,67.57,SV,Northbound I-5 Rest Area-Treated
2018,5,29,Orland-7-Untreated,106,63,169,0.11,67.39,67.14,3.24,72.3,SV,Road 200 and Road E-Untreated
2018,5,29,Orland-8,39,15,54,0.11,67.39,67.14,3.24,72.3,SV,Road 21 and M
2018,5,29,Orland-11-Untreated,11,5,16,0.11,67.39,67.14,3.24,72.3,SV,SE of N and 16-Untreated
2018,5,29,Corning-6-Untreated,0,0,0,0.15,69.46,60.57,6.51,67.57,SV,Sac River and Kopta Road - Untreated
2018,5,29,Corning-8-Treated,17,1,18,0.15,69.46,60.57,6.51,67.57,SV,Viola and Orchard Ave.-Treated
2018,6,4,Corning-1-Treated,6,2,8,0,73.43,47.43,6.7,68.29,SV,Barham and Samson-Treated
2018,6,4,Corning-2-Treated,6,8,14,0,73.43,47.43,6.7,68.29,SV,Dora and Marguerite-Treated
2018,6,4,Corning-4-Treated,8,3,11,0,73.43,47.43,6.7,68.29,SV,Fig Lane and Houghton-Treated
2018,6,4,Orland-1-Untreated,32,22,54,0,70.86,60.14,3.2,74.11,SV,Glenn County Fairgrounds-Untreated
2018,6,4,Orland-3-Untreated,34,24,58,0,70.86,60.14,3.2,74.11,SV,Hwy 99W and Road 18 - Untreated
2018,6,4,Orland-4-Untreated,0,0,0,0,70.86,60.14,3.2,74.11,SV,NE of N and 12-Untreated
2018,6,4,Corning-5-Treated,106,24,130,0,73.43,47.43,6.7,68.29,SV,Northbound I-5 Rest Area-Treated
2018,6,4,Orland-7-Untreated,26,12,38,0,70.86,60.14,3.2,74.11,SV,Road 200 and Road E-Untreated
2018,6,4,Orland-8,15,3,18,0,70.86,60.14,3.2,74.11,SV,Road 21 and M
2018,6,4,Orland-11-Untreated,3,1,4,0,70.86,60.14,3.2,74.11,SV,SE of N and 16-Untreated
2018,6,4,Corning-6-Untreated,1,1,2,0,73.43,47.43,6.7,68.29,SV,Sac River and Kopta Road - Untreated
2018,6,4,Corning-8-Treated,5,1,6,0,73.43,47.43,6.7,68.29,SV,Viola and Orchard Ave.-Treated
2018,6,11,Corning-1-Treated,25,17,42,0,71.46,45.86,5.77,69.83,SV,Barham and Samson-Treated
2018,6,11,Corning-2-Treated,5,3,8,0,71.46,45.86,5.77,69.83,SV,Dora and Marguerite-Treated
2018,6,11,Corning-4-Treated,9,7,16,0,71.46,45.86,5.77,69.83,SV,Fig Lane and Houghton-Treated
2018,6,11,Orland-1-Untreated,69,22,91,0,69.11,53.86,3.34,75.27,SV,Glenn County Fairgrounds-Untreated
2018,6,11,Orland-3-Untreated,46,18,64,0,69.11,53.86,3.34,75.27,SV,Hwy 99W and Road 18 - Untreated
2018,6,11,Orland-4-Untreated,3,1,4,0,69.11,53.86,3.34,75.27,SV,NE of N and 12-Untreated
2018,6,11,Corning-5-Treated,269,79,348,0,71.46,45.86,5.77,69.83,SV,Northbound I-5 Rest Area-Treated
2018,6,11,Orland-7-Untreated,33,15,48,0,69.11,53.86,3.34,75.27,SV,Road 200 and Road E-Untreated
2018,6,11,Orland-8,13,17,30,0,69.11,53.86,3.34,75.27,SV,Road 21 and M
2018,6,11,Orland-11-Untreated,20,13,33,0,69.11,53.86,3.34,75.27,SV,SE of N and 16-Untreated
2018,6,11,Corning-6-Untreated,1,3,4,0,71.46,45.86,5.77,69.83,SV,Sac River and Kopta Road - Untreated
2018,6,11,Corning-8-Treated,9,7,16,0,71.46,45.86,5.77,69.83,SV,Viola and Orchard Ave.-Treated
2018,6,18,Corning-1-Treated,27,12,39,0.02,73.59,54.57,5.03,71.7,SV,Barham and Samson-Treated
2018,6,18,Corning-2-Treated,5,3,8,0.02,73.59,54.57,5.03,71.7,SV,Dora and Marguerite-Treated
2018,6,18,Corning-4-Treated,8,3,11,0.02,73.59,54.57,5.03,71.7,SV,Fig Lane and Houghton-Treated
2018,6,18,Orland-1-Untreated,91,36,127,0,71.33,63,2.66,76.91,SV,Glenn County Fairgrounds-Untreated
2018,6,18,Orland-3-Untreated,44,35,79,0,71.33,63,2.66,76.91,SV,Hwy 99W and Road 18 - Untreated
2018,6,18,Orland-4-Untreated,1,0,1,0,71.33,63,2.66,76.91,SV,NE of N and 12-Untreated
2018,6,18,Corning-5-Treated,242,74,316,0.02,73.59,54.57,5.03,71.7,SV,Northbound I-5 Rest Area-Treated
2018,6,18,Orland-7-Untreated,18,15,33,0,71.33,63,2.66,76.91,SV,Road 200 and Road E-Untreated
2018,6,18,Orland-8,4,0,4,0,71.33,63,2.66,76.91,SV,Road 21 and M
2018,6,18,Orland-11-Untreated,11,4,15,0,71.33,63,2.66,76.91,SV,SE of N and 16-Untreated
2018,6,18,Corning-6-Untreated,3,1,4,0.02,73.59,54.57,5.03,71.7,SV,Sac River and Kopta Road - Untreated
2018,6,18,Corning-8-Treated,4,2,6,0.02,73.59,54.57,5.03,71.7,SV,Viola and Orchard Ave.-Treated
2018,6,25,Corning-1-Treated,25,16,41,0,79.54,44.71,6.41,72.71,SV,Barham and Samson-Treated
2018,6,25,Corning-2-Treated,5,9,14,0,79.54,44.71,6.41,72.71,SV,Dora and Marguerite-Treated
2018,6,25,Corning-4-Treated,15,11,26,0,79.54,44.71,6.41,72.71,SV,Fig Lane and Houghton-Treated
2018,6,25,Orland-1-Untreated,42,19,61,0,76.47,55,3.03,77.66,SV,Glenn County Fairgrounds-Untreated
2018,6,25,Orland-3-Untreated,4,5,9,0,76.47,55,3.03,77.66,SV,Hwy 99W and Road 18 - Untreated
2018,6,25,Orland-4-Untreated,4,3,7,0,76.47,55,3.03,77.66,SV,NE of N and 12-Untreated
2018,6,25,Corning-5-Treated,130,43,173,0,79.54,44.71,6.41,72.71,SV,Northbound I-5 Rest Area-Treated
2018,6,25,Orland-7-Untreated,21,10,31,0,76.47,55,3.03,77.66,SV,Road 200 and Road E-Untreated
2018,6,25,Orland-8,0,0,0,0,76.47,55,3.03,77.66,SV,Road 21 and M
2018,6,25,Orland-11-Untreated,4,2,6,0,76.47,55,3.03,77.66,SV,SE of N and 16-Untreated
2018,6,25,Corning-6-Untreated,1,0,1,0,79.54,44.71,6.41,72.71,SV,Sac River and Kopta Road - Untreated
2018,6,25,Corning-8-Treated,0,1,1,0,79.54,44.71,6.41,72.71,SV,Viola and Orchard Ave.-Treated
2018,7,2,Corning-1-Treated,33,23,56,0,79.71,43.57,6.61,72.33,SV,Barham and Samson-Treated
2018,7,2,Corning-2-Treated,8,2,10,0,79.71,43.57,6.61,72.33,SV,Dora and Marguerite-Treated
2018,7,2,Corning-4-Treated,15,6,21,0,79.71,43.57,6.61,72.33,SV,Fig Lane and Houghton-Treated
2018,7,2,Orland-1-Untreated,23,12,35,0,76.91,51.86,3.09,77.27,SV,Glenn County Fairgrounds-Untreated
2018,7,2,Orland-3-Untreated,13,16,29,0,76.91,51.86,3.09,77.27,SV,Hwy 99W and Road 18 - Untreated
2018,7,2,Orland-4-Untreated,1,1,2,0,76.91,51.86,3.09,77.27,SV,NE of N and 12-Untreated
2018,7,2,Corning-5-Treated,142,52,194,0,79.71,43.57,6.61,72.33,SV,Northbound I-5 Rest Area-Treated
2018,7,2,Orland-7-Untreated,25,12,37,0,76.91,51.86,3.09,77.27,SV,Road 200 and Road E-Untreated
2018,7,2,Orland-8,0,0,0,0,76.91,51.86,3.09,77.27,SV,Road 21 and M
2018,7,2,Orland-11-Untreated,20,6,26,0,76.91,51.86,3.09,77.27,SV,SE of N and 16-Untreated
2018,7,2,Corning-6-Untreated,0,1,1,0,79.71,43.57,6.61,72.33,SV,Sac River and Kopta Road - Untreated
2018,7,2,Corning-8-Treated,3,0,3,0,79.71,43.57,6.61,72.33,SV,Viola and Orchard Ave.-Treated
2018,7,9,Corning-1-Treated,18,12,30,0,75.79,48.71,5.26,72.23,SV,Barham and Samson-Treated
2018,7,9,Corning-2-Treated,4,2,6,0,75.79,48.71,5.26,72.23,SV,Dora and Marguerite-Treated
2018,7,9,Corning-4-Treated,16,6,22,0,75.79,48.71,5.26,72.23,SV,Fig Lane and Houghton-Treated
2018,7,9,Orland-1-Untreated,10,13,23,0,73.54,59.14,2.33,76.89,SV,Glenn County Fairgrounds-Untreated
2018,7,9,Orland-3-Untreated,9,16,25,0,73.54,59.14,2.33,76.89,SV,Hwy 99W and Road 18 - Untreated
2018,7,9,Orland-4-Untreated,4,4,8,0,73.54,59.14,2.33,76.89,SV,NE of N and 12-Untreated
2018,7,9,Corning-5-Treated,136,50,186,0,75.79,48.71,5.26,72.23,SV,Northbound I-5 Rest Area-Treated
2018,7,9,Orland-7-Untreated,7,7,14,0,73.54,59.14,2.33,76.89,SV,Road 200 and Road E-Untreated
2018,7,9,Orland-8,4,3,7,0,73.54,59.14,2.33,76.89,SV,Road 21 and M
2018,7,9,Orland-11-Untreated,5,0,5,0,73.54,59.14,2.33,76.89,SV,SE of N and 16-Untreated
2018,7,9,Corning-6-Untreated,0,0,0,0,75.79,48.71,5.26,72.23,SV,Sac River and Kopta Road - Untreated
2018,7,9,Corning-8-Treated,6,5,11,0,75.79,48.71,5.26,72.23,SV,Viola and Orchard Ave.-Treated
2018,7,16,Corning-1-Treated,1,0,1,0,80.7,52.57,4.16,75.93,SV,Barham and Samson-Treated
2018,7,16,Corning-2-Treated,1,0,1,0,80.7,52.57,4.16,75.93,SV,Dora and Marguerite-Treated
2018,7,16,Corning-4-Treated,11,5,16,0,80.7,52.57,4.16,75.93,SV,Fig Lane and Houghton-Treated
2018,7,16,Orland-1-Untreated,4,3,7,0,78.41,60.57,2.11,78.76,SV,Glenn County Fairgrounds-Untreated
2018,7,16,Orland-3-Untreated,16,10,26,0,78.41,60.57,2.11,78.76,SV,Hwy 99W and Road 18 - Untreated
2018,7,16,Orland-4-Untreated,1,0,1,0,78.41,60.57,2.11,78.76,SV,NE of N and 12-Untreated
2018,7,16,Corning-5-Treated,34,11,45,0,80.7,52.57,4.16,75.93,SV,Northbound I-5 Rest Area-Treated
2018,7,16,Orland-7-Untreated,0,0,0,0,78.41,60.57,2.11,78.76,SV,Road 200 and Road E-Untreated
2018,7,16,Orland-8,0,1,1,0,78.41,60.57,2.11,78.76,SV,Road 21 and M
2018,7,16,Orland-11-Untreated,1,1,2,0,78.41,60.57,2.11,78.76,SV,SE of N and 16-Untreated
2018,7,16,Corning-6-Untreated,0,0,0,0,80.7,52.57,4.16,75.93,SV,Sac River and Kopta Road - Untreated
2018,7,16,Corning-8-Treated,1,0,1,0,80.7,52.57,4.16,75.93,SV,Viola and Orchard Ave.-Treated
2018,7,23,Corning-1-Treated,1,2,3,0,82.39,54.57,3.93,77.99,SV,Barham and Samson-Treated
2018,7,23,Corning-2-Treated,1,1,2,0,82.39,54.57,3.93,77.99,SV,Dora and Marguerite-Treated
2018,7,23,Corning-4-Treated,0,0,0,0,82.39,54.57,3.93,77.99,SV,Fig Lane and Houghton-Treated
2018,7,23,Orland-1-Untreated,1,1,2,0,79.99,60.14,2.3,80.17,SV,Glenn County Fairgrounds-Untreated
2018,7,23,Orland-3-Untreated,1,1,2,0,79.99,60.14,2.3,80.17,SV,Hwy 99W and Road 18 - Untreated
2018,7,23,Orland-4-Untreated,0,0,0,0,79.99,60.14,2.3,80.17,SV,NE of N and 12-Untreated
2018,7,23,Corning-5-Treated,1,0,1,0,82.39,54.57,3.93,77.99,SV,Northbound I-5 Rest Area-Treated
2018,7,23,Orland-7-Untreated,1,0,1,0,79.99,60.14,2.3,80.17,SV,Road 200 and Road E-Untreated
2018,7,23,Orland-8,0,0,0,0,79.99,60.14,2.3,80.17,SV,Road 21 and M
2018,7,23,Orland-11-Untreated,0,0,0,0,79.99,60.14,2.3,80.17,SV,SE of N and 16-Untreated
2018,7,23,Corning-6-Untreated,0,0,0,0,82.39,54.57,3.93,77.99,SV,Sac River and Kopta Road - Untreated
2018,7,23,Corning-8-Treated,0,0,0,0,82.39,54.57,3.93,77.99,SV,Viola and Orchard Ave.-Treated
2018,7,30,Corning-1-Treated,0,0,0,0,82.33,60.86,3.83,77.44,SV,Barham and Samson-Treated
2018,7,30,Corning-2-Treated,0,0,0,0,82.33,60.86,3.83,77.44,SV,Dora and Marguerite-Treated
2018,7,30,Corning-4-Treated,1,0,1,0,82.33,60.86,3.83,77.44,SV,Fig Lane and Houghton-Treated
2018,7,30,Orland-1-Untreated,0,1,1,0,79.09,70.43,1.94,80.54,SV,Glenn County Fairgrounds-Untreated
2018,7,30,Orland-3-Untreated,1,2,3,0,79.09,70.43,1.94,80.54,SV,Hwy 99W and Road 18 - Untreated
2018,7,30,Orland-4-Untreated,0,0,0,0,79.09,70.43,1.94,80.54,SV,NE of N and 12-Untreated
2018,7,30,Corning-5-Treated,1,1,2,0,82.33,60.86,3.83,77.44,SV,Northbound I-5 Rest Area-Treated
2018,7,30,Orland-7-Untreated,0,1,1,0,79.09,70.43,1.94,80.54,SV,Road 200 and Road E-Untreated
2018,7,30,Orland-8,0,0,0,0,79.09,70.43,1.94,80.54,SV,Road 21 and M
2018,7,30,Orland-11-Untreated,0,0,0,0,79.09,70.43,1.94,80.54,SV,SE of N and 16-Untreated
2018,7,30,Corning-6-Untreated,0,0,0,0,82.33,60.86,3.83,77.44,SV,Sac River and Kopta Road - Untreated
2018,7,30,Corning-8-Treated,0,0,0,0,82.33,60.86,3.83,77.44,SV,Viola and Orchard Ave.-Treated
2018,8,6,Corning-1-Treated,0,0,0,0,76.91,58.57,3.71,76.37,SV,Barham and Samson-Treated
2018,8,6,Corning-2-Treated,0,0,0,0,76.91,58.57,3.71,76.37,SV,Dora and Marguerite-Treated
2018,8,6,Corning-4-Treated,0,1,1,0,76.91,58.57,3.71,76.37,SV,Fig Lane and Houghton-Treated
2018,8,6,Orland-1-Untreated,0,0,0,0,74.21,71.86,1.69,78.73,SV,Glenn County Fairgrounds-Untreated
2018,8,6,Orland-3-Untreated,1,0,1,0,74.21,71.86,1.69,78.73,SV,Hwy 99W and Road 18 - Untreated
2018,8,6,Orland-4-Untreated,0,0,0,0,74.21,71.86,1.69,78.73,SV,NE of N and 12-Untreated
2018,8,6,Corning-5-Treated,1,1,2,0,76.91,58.57,3.71,76.37,SV,Northbound I-5 Rest Area-Treated
2018,8,6,Orland-7-Untreated,0,0,0,0,74.21,71.86,1.69,78.73,SV,Road 200 and Road E-Untreated
2018,8,6,Orland-8,0,0,0,0,74.21,71.86,1.69,78.73,SV,Road 21 and M
2018,8,6,Orland-11-Untreated,0,0,0,0,74.21,71.86,1.69,78.73,SV,SE of N and 16-Untreated
2018,8,6,Corning-6-Untreated,0,0,0,0,76.91,58.57,3.71,76.37,SV,Sac River and Kopta Road - Untreated
2018,8,6,Corning-8-Treated,0,2,2,0,76.91,58.57,3.71,76.37,SV,Viola and Orchard Ave.-Treated
2018,8,13,Corning-1-Treated,3,1,4,0,76.24,61,3.19,74.6,SV,Barham and Samson-Treated
2018,8,13,Corning-2-Treated,0,0,0,0,76.24,61,3.19,74.6,SV,Dora and Marguerite-Treated
2018,8,13,Corning-4-Treated,3,0,3,0,76.24,61,3.19,74.6,SV,Fig Lane and Houghton-Treated
2018,8,13,Orland-1-Untreated,0,1,1,0,74.87,68.57,1.74,77.5,SV,Glenn County Fairgrounds-Untreated
2018,8,13,Orland-3-Untreated,0,0,0,0,74.87,68.57,1.74,77.5,SV,Hwy 99W and Road 18 - Untreated
2018,8,13,Orland-4-Untreated,0,1,1,0,74.87,68.57,1.74,77.5,SV,NE of N and 12-Untreated
2018,8,13,Corning-5-Treated,0,0,0,0,76.24,61,3.19,74.6,SV,Northbound I-5 Rest Area-Treated
2018,8,13,Orland-7-Untreated,0,0,0,0,74.87,68.57,1.74,77.5,SV,Road 200 and Road E-Untreated
2018,8,13,Orland-8,0,0,0,0,74.87,68.57,1.74,77.5,SV,Road 21 and M
2018,8,13,Orland-11-Untreated,0,1,1,0,74.87,68.57,1.74,77.5,SV,SE of N and 16-Untreated
2018,8,13,Corning-6-Untreated,0,0,0,0,76.24,61,3.19,74.6,SV,Sac River and Kopta Road - Untreated
2018,8,13,Corning-8-Treated,0,1,1,0,76.24,61,3.19,74.6,SV,Viola and Orchard Ave.-Treated
2018,8,20,Corning-1-Treated,0,0,0,0,74.91,57.14,3.01,73.07,SV,Barham and Samson-Treated
2018,8,20,Corning-2-Treated,0,0,0,0,74.91,57.14,3.01,73.07,SV,Dora and Marguerite-Treated
2018,8,20,Corning-4-Treated,0,0,0,0,74.91,57.14,3.01,73.07,SV,Fig Lane and Houghton-Treated
2018,8,20,Orland-1-Untreated,1,0,1,0,73.37,64.43,1.91,76.27,SV,Glenn County Fairgrounds-Untreated
2018,8,20,Orland-3-Untreated,0,0,0,0,73.37,64.43,1.91,76.27,SV,Hwy 99W and Road 18 - Untreated
2018,8,20,Orland-4-Untreated,0,1,1,0,73.37,64.43,1.91,76.27,SV,NE of N and 12-Untreated
2018,8,20,Corning-5-Treated,0,0,0,0,74.91,57.14,3.01,73.07,SV,Northbound I-5 Rest Area-Treated
2018,8,20,Orland-7-Untreated,0,0,0,0,73.37,64.43,1.91,76.27,SV,Road 200 and Road E-Untreated
2018,8,20,Orland-8,2,2,4,0,73.37,64.43,1.91,76.27,SV,Road 21 and M
2018,8,20,Orland-11-Untreated,1,0,1,0,73.37,64.43,1.91,76.27,SV,SE of N and 16-Untreated
2018,8,20,Corning-6-Untreated,0,0,0,0,74.91,57.14,3.01,73.07,SV,Sac River and Kopta Road - Untreated
2018,8,20,Corning-8-Treated,0,0,0,0,74.91,57.14,3.01,73.07,SV,Viola and Orchard Ave.-Treated
2018,8,27,Corning-1-Treated,2,0,2,0,69.23,64.57,3.27,70.47,SV,Barham and Samson-Treated
2018,8,27,Corning-2-Treated,1,0,1,0,69.23,64.57,3.27,70.47,SV,Dora and Marguerite-Treated
2018,8,27,Corning-4-Treated,1,1,2,0,69.23,64.57,3.27,70.47,SV,Fig Lane and Houghton-Treated
2018,8,27,Orland-1-Untreated,0,1,1,0,67.87,70.14,2.04,73.54,SV,Glenn County Fairgrounds-Untreated
2018,8,27,Orland-3-Untreated,2,0,2,0,67.87,70.14,2.04,73.54,SV,Hwy 99W and Road 18 - Untreated
2018,8,27,Orland-4-Untreated,0,0,0,0,67.87,70.14,2.04,73.54,SV,NE of N and 12-Untreated
2018,8,27,Corning-5-Treated,0,0,0,0,69.23,64.57,3.27,70.47,SV,Northbound I-5 Rest Area-Treated
2018,8,27,Orland-7-Untreated,0,0,0,0,67.87,70.14,2.04,73.54,SV,Road 200 and Road E-Untreated
2018,8,27,Orland-8,0,0,0,0,67.87,70.14,2.04,73.54,SV,Road 21 and M
2018,8,27,Orland-11-Untreated,2,0,2,0,67.87,70.14,2.04,73.54,SV,SE of N and 16-Untreated
2018,8,27,Corning-6-Untreated,0,1,1,0,69.23,64.57,3.27,70.47,SV,Sac River and Kopta Road - Untreated
2018,8,27,Corning-8-Treated,0,2,2,0,69.23,64.57,3.27,70.47,SV,Viola and Orchard Ave.-Treated
2018,9,4,Corning-1-Treated,0,0,0,0,73.69,57.86,3.6,70.36,SV,Barham and Samson-Treated
2018,9,4,Corning-2-Treated,1,1,2,0,73.69,57.86,3.6,70.36,SV,Dora and Marguerite-Treated
2018,9,4,Corning-4-Treated,0,0,0,0,73.69,57.86,3.6,70.36,SV,Fig Lane and Houghton-Treated
2018,9,4,Orland-1-Untreated,9,16,25,0,71.31,66.43,2.13,72.9,SV,Glenn County Fairgrounds-Untreated
2018,9,4,Orland-3-Untreated,2,4,6,0,71.31,66.43,2.13,72.9,SV,Hwy 99W and Road 18 - Untreated
2018,9,4,Orland-4-Untreated,0,1,1,0,71.31,66.43,2.13,72.9,SV,NE of N and 12-Untreated
2018,9,4,Corning-5-Treated,1,0,1,0,73.69,57.86,3.6,70.36,SV,Northbound I-5 Rest Area-Treated
2018,9,4,Orland-7-Untreated,0,0,0,0,71.31,66.43,2.13,72.9,SV,Road 200 and Road E-Untreated
2018,9,4,Orland-8,4,3,7,0,71.31,66.43,2.13,72.9,SV,Road 21 and M
2018,9,4,Orland-11-Untreated,0,1,1,0,71.31,66.43,2.13,72.9,SV,SE of N and 16-Untreated
2018,9,4,Corning-6-Untreated,3,0,3,0,73.69,57.86,3.6,70.36,SV,Sac River and Kopta Road - Untreated
2018,9,4,Corning-8-Treated,0,0,0,0,73.69,57.86,3.6,70.36,SV,Viola and Orchard Ave.-Treated
2018,9,10,Corning-1-Treated,2,0,2,0,73.03,52,3.5,70.74,SV,Barham and Samson-Treated
2018,9,10,Corning-2-Treated,0,0,0,0,73.03,52,3.5,70.74,SV,Dora and Marguerite-Treated
2018,9,10,Corning-4-Treated,2,1,3,0,73.03,52,3.5,70.74,SV,Fig Lane and Houghton-Treated
2018,9,10,Orland-1-Untreated,4,10,14,0,71.13,61,1.96,73.19,SV,Glenn County Fairgrounds-Untreated
2018,9,10,Orland-3-Untreated,5,1,6,0,71.13,61,1.96,73.19,SV,Hwy 99W and Road 18 - Untreated
2018,9,10,Orland-4-Untreated,0,0,0,0,71.13,61,1.96,73.19,SV,NE of N and 12-Untreated
2018,9,10,Corning-5-Treated,0,0,0,0,73.03,52,3.5,70.74,SV,Northbound I-5 Rest Area-Treated
2018,9,10,Orland-7-Untreated,0,2,2,0,71.13,61,1.96,73.19,SV,Road 200 and Road E-Untreated
2018,9,10,Orland-8,8,2,10,0,71.13,61,1.96,73.19,SV,Road 21 and M
2018,9,10,Orland-11-Untreated,7,1,8,0,71.13,61,1.96,73.19,SV,SE of N and 16-Untreated
2018,9,10,Corning-6-Untreated,0,0,0,0,73.03,52,3.5,70.74,SV,Sac River and Kopta Road - Untreated
2018,9,10,Corning-8-Treated,0,0,0,0,73.03,52,3.5,70.74,SV,Viola and Orchard Ave.-Treated
2018,9,17,Corning-1-Treated,3,0,3,0,64.69,51.29,3.93,66.77,SV,Barham and Samson-Treated
2018,9,17,Corning-2-Treated,3,2,5,0,64.69,51.29,3.93,66.77,SV,Dora and Marguerite-Treated
2018,9,17,Corning-4-Treated,3,2,5,0,64.69,51.29,3.93,66.77,SV,Fig Lane and Houghton-Treated
2018,9,17,Orland-1-Untreated,4,2,6,0,63.91,60.57,2.3,69.76,SV,Glenn County Fairgrounds-Untreated
2018,9,17,Orland-3-Untreated,1,3,4,0,63.91,60.57,2.3,69.76,SV,Hwy 99W and Road 18 - Untreated
2018,9,17,Orland-4-Untreated,5,9,14,0,63.91,60.57,2.3,69.76,SV,NE of N and 12-Untreated
2018,9,17,Corning-5-Treated,3,0,3,0,64.69,51.29,3.93,66.77,SV,Northbound I-5 Rest Area-Treated
2018,9,17,Orland-7-Untreated,4,4,8,0,63.91,60.57,2.3,69.76,SV,Road 200 and Road E-Untreated
2018,9,17,Orland-8,25,13,38,0,63.91,60.57,2.3,69.76,SV,Road 21 and M
2018,9,17,Orland-11-Untreated,13,3,16,0,63.91,60.57,2.3,69.76,SV,SE of N and 16-Untreated
2018,9,17,Corning-6-Untreated,0,1,1,0,64.69,51.29,3.93,66.77,SV,Sac River and Kopta Road - Untreated
2018,9,17,Corning-8-Treated,0,0,0,0,64.69,51.29,3.93,66.77,SV,Viola and Orchard Ave.-Treated
2018,9,24,Corning-1-Treated,2,6,8,0,68.53,43.14,4.49,64.76,SV,Barham and Samson-Treated
2018,9,24,Corning-2-Treated,3,6,9,0,68.53,43.14,4.49,64.76,SV,Dora and Marguerite-Treated
2018,9,24,Corning-4-Treated,8,8,16,0,68.53,43.14,4.49,64.76,SV,Fig Lane and Houghton-Treated
2018,9,24,Orland-1-Untreated,4,1,5,0,66.76,51.57,2.29,67.14,SV,Glenn County Fairgrounds-Untreated
2018,9,24,Orland-3-Untreated,7,5,12,0,66.76,51.57,2.29,67.14,SV,Hwy 99W and Road 18 - Untreated
2018,9,24,Orland-4-Untreated,9,1,10,0,66.76,51.57,2.29,67.14,SV,NE of N and 12-Untreated
2018,9,24,Corning-5-Treated,4,2,6,0,68.53,43.14,4.49,64.76,SV,Northbound I-5 Rest Area-Treated
2018,9,24,Orland-7-Untreated,0,4,4,0,66.76,51.57,2.29,67.14,SV,Road 200 and Road E-Untreated
2018,9,24,Orland-8,34,20,54,0,66.76,51.57,2.29,67.14,SV,Road 21 and M
2018,9,24,Orland-11-Untreated,4,4,8,0,66.76,51.57,2.29,67.14,SV,SE of N and 16-Untreated
2018,9,24,Corning-6-Untreated,3,0,3,0,68.53,43.14,4.49,64.76,SV,Sac River and Kopta Road - Untreated
2018,9,24,Corning-8-Treated,4,8,12,0,68.53,43.14,4.49,64.76,SV,Viola and Orchard Ave.-Treated
2018,10,1,Corning-1-Treated,2,1,3,0,68.73,50.71,4.59,65.33,SV,Barham and Samson-Treated
2018,10,1,Corning-2-Treated,6,2,8,0,68.73,50.71,4.59,65.33,SV,Dora and Marguerite-Treated
2018,10,1,Corning-4-Treated,10,1,11,0,68.73,50.71,4.59,65.33,SV,Fig Lane and Houghton-Treated
2018,10,1,Orland-1-Untreated,3,4,7,0,68.41,54.71,2.67,68.21,SV,Glenn County Fairgrounds-Untreated
2018,10,1,Orland-3-Untreated,13,11,24,0,68.41,54.71,2.67,68.21,SV,Hwy 99W and Road 18 - Untreated
2018,10,1,Orland-4-Untreated,2,1,3,0,68.41,54.71,2.67,68.21,SV,NE of N and 12-Untreated
2018,10,1,Corning-5-Treated,0,2,2,0,68.73,50.71,4.59,65.33,SV,Northbound I-5 Rest Area-Treated
2018,10,1,Orland-7-Untreated,6,2,8,0,68.41,54.71,2.67,68.21,SV,Road 200 and Road E-Untreated
2018,10,1,Orland-8,32,18,50,0,68.41,54.71,2.67,68.21,SV,Road 21 and M
2018,10,1,Orland-11-Untreated,9,2,11,0,68.41,54.71,2.67,68.21,SV,SE of N and 16-Untreated
2018,10,1,Corning-6-Untreated,2,2,4,0,68.73,50.71,4.59,65.33,SV,Sac River and Kopta Road - Untreated
2018,10,1,Corning-8-Treated,0,2,2,0,68.73,50.71,4.59,65.33,SV,Viola and Orchard Ave.-Treated
2018,10,8,Corning-1-Treated,1,1,2,0.06,66.21,64.86,7.01,65.76,SV,Barham and Samson-Treated
2018,10,8,Corning-2-Treated,9,1,10,0.06,66.21,64.86,7.01,65.76,SV,Dora and Marguerite-Treated
2018,10,8,Corning-4-Treated,10,1,11,0.06,66.21,64.86,7.01,65.76,SV,Fig Lane and Houghton-Treated
2018,10,8,Orland-1-Untreated,8,12,20,0.1,65.61,65.86,3.37,67.86,SV,Glenn County Fairgrounds-Untreated
2018,10,8,Orland-3-Untreated,11,10,21,0.1,65.61,65.86,3.37,67.86,SV,Hwy 99W and Road 18 - Untreated
2018,10,8,Orland-4-Untreated,2,1,3,0.1,65.61,65.86,3.37,67.86,SV,NE of N and 12-Untreated
2018,10,8,Corning-5-Treated,0,0,0,0.06,66.21,64.86,7.01,65.76,SV,Northbound I-5 Rest Area-Treated
2018,10,8,Orland-7-Untreated,13,13,26,0.1,65.61,65.86,3.37,67.86,SV,Road 200 and Road E-Untreated
2018,10,8,Orland-8,35,11,46,0.1,65.61,65.86,3.37,67.86,SV,Road 21 and M
2018,10,8,Orland-11-Untreated,23,16,39,0.1,65.61,65.86,3.37,67.86,SV,SE of N and 16-Untreated
2018,10,8,Corning-6-Untreated,3,1,4,0.06,66.21,64.86,7.01,65.76,SV,Sac River and Kopta Road - Untreated
2018,10,8,Corning-8-Treated,0,1,1,0.06,66.21,64.86,7.01,65.76,SV,Viola and Orchard Ave.-Treated
2018,10,15,Corning-1-Treated,21,9,30,0,65.29,33.86,7.14,62.24,SV,Barham and Samson-Treated
2018,10,15,Corning-2-Treated,26,18,44,0,65.29,33.86,7.14,62.24,SV,Dora and Marguerite-Treated
2018,10,15,Corning-4-Treated,56,40,96,0,65.29,33.86,7.14,62.24,SV,Fig Lane and Houghton-Treated
2018,10,15,Orland-1-Untreated,161,101,262,0,62.4,44.71,3.07,63.94,SV,Glenn County Fairgrounds-Untreated
2018,10,15,Orland-3-Untreated,131,68,199,0,62.4,44.71,3.07,63.94,SV,Hwy 99W and Road 18 - Untreated
2018,10,15,Orland-4-Untreated,7,5,12,0,62.4,44.71,3.07,63.94,SV,NE of N and 12-Untreated
2018,10,15,Corning-5-Treated,2,1,3,0,65.29,33.86,7.14,62.24,SV,Northbound I-5 Rest Area-Treated
2018,10,15,Orland-7-Untreated,71,48,119,0,62.4,44.71,3.07,63.94,SV,Road 200 and Road E-Untreated
2018,10,15,Orland-8,152,76,228,0,62.4,44.71,3.07,63.94,SV,Road 21 and M
2018,10,15,Orland-11-Untreated,131,38,169,0,62.4,44.71,3.07,63.94,SV,SE of N and 16-Untreated
2018,10,15,Corning-6-Untreated,23,14,37,0,65.29,33.86,7.14,62.24,SV,Sac River and Kopta Road - Untreated
2018,10,15,Corning-8-Treated,6,10,16,0,65.29,33.86,7.14,62.24,SV,Viola and Orchard Ave.-Treated
2018,10,23,Corning-1-Treated,6,13,19,0,59.46,52.86,2.5,59.29,SV,Barham and Samson-Treated
2018,10,23,Corning-2-Treated,17,15,32,0,59.46,52.86,2.5,59.29,SV,Dora and Marguerite-Treated
2018,10,23,Corning-4-Treated,32,29,61,0,59.46,52.86,2.5,59.29,SV,Fig Lane and Houghton-Treated
2018,10,23,Orland-1-Untreated,302,137,439,0,58.56,56.14,1.67,60.66,SV,Glenn County Fairgrounds-Untreated
2018,10,23,Orland-3-Untreated,132,93,225,0,58.56,56.14,1.67,60.66,SV,Hwy 99W and Road 18 - Untreated
2018,10,23,Orland-4-Untreated,13,5,18,0,58.56,56.14,1.67,60.66,SV,NE of N and 12-Untreated
2018,10,23,Corning-5-Treated,3,2,5,0,59.46,52.86,2.5,59.29,SV,Northbound I-5 Rest Area-Treated
2018,10,23,Orland-7-Untreated,90,71,161,0,58.56,56.14,1.67,60.66,SV,Road 200 and Road E-Untreated
2018,10,23,Orland-8,158,63,221,0,58.56,56.14,1.67,60.66,SV,Road 21 and M
2018,10,23,Orland-11-Untreated,99,53,152,0,58.56,56.14,1.67,60.66,SV,SE of N and 16-Untreated
2018,10,23,Corning-6-Untreated,29,20,49,0,59.46,52.86,2.5,59.29,SV,Sac River and Kopta Road - Untreated
2018,10,23,Corning-8-Treated,16,23,39,0,59.46,52.86,2.5,59.29,SV,Viola and Orchard Ave.-Treated
2018,10,29,Corning-1-Treated,28,13,41,0,59.3,61.29,3.57,59.11,SV,Barham and Samson-Treated
2018,10,29,Corning-2-Treated,23,10,33,0,59.3,61.29,3.57,59.11,SV,Dora and Marguerite-Treated
2018,10,29,Corning-4-Treated,26,9,35,0,59.3,61.29,3.57,59.11,SV,Fig Lane and Houghton-Treated
2018,10,29,Orland-1-Untreated,153,54,207,0,60.11,62.29,2.46,60.31,SV,Glenn County Fairgrounds-Untreated
2018,10,29,Orland-3-Untreated,54,44,98,0,60.11,62.29,2.46,60.31,SV,Hwy 99W and Road 18 - Untreated
2018,10,29,Orland-4-Untreated,6,4,10,0,60.11,62.29,2.46,60.31,SV,NE of N and 12-Untreated
2018,10,29,Corning-5-Treated,6,2,8,0,59.3,61.29,3.57,59.11,SV,Northbound I-5 Rest Area-Treated
2018,10,29,Orland-7-Untreated,45,30,75,0,60.11,62.29,2.46,60.31,SV,Road 200 and Road E-Untreated
2018,10,29,Orland-8,38,11,49,0,60.11,62.29,2.46,60.31,SV,Road 21 and M
2018,10,29,Orland-11-Untreated,59,21,80,0,60.11,62.29,2.46,60.31,SV,SE of N and 16-Untreated
2018,10,29,Corning-6-Untreated,28,21,49,0,59.3,61.29,3.57,59.11,SV,Sac River and Kopta Road - Untreated
2018,10,29,Corning-8-Treated,14,12,26,0,59.3,61.29,3.57,59.11,SV,Viola and Orchard Ave.-Treated
2018,11,5,Corning-1-Treated,57,25,82,0,64.63,38.57,7.46,58.59,SV,Barham and Samson-Treated
2018,11,5,Corning-2-Treated,50,13,63,0,64.63,38.57,7.46,58.59,SV,Dora and Marguerite-Treated
2018,11,5,Corning-4-Treated,191,52,243,0,64.63,38.57,7.46,58.59,SV,Fig Lane and Houghton-Treated
2018,11,5,Orland-1-Untreated,129,89,218,0,63.1,43.57,3.61,59.47,SV,Glenn County Fairgrounds-Untreated
2018,11,5,Orland-3-Untreated,194,101,295,0,63.1,43.57,3.61,59.47,SV,Hwy 99W and Road 18 - Untreated
2018,11,5,Orland-4-Untreated,12,39,51,0,63.1,43.57,3.61,59.47,SV,NE of N and 12-Untreated
2018,11,5,Corning-5-Treated,27,14,41,0,64.63,38.57,7.46,58.59,SV,Northbound I-5 Rest Area-Treated
2018,11,5,Orland-7-Untreated,247,176,423,0,63.1,43.57,3.61,59.47,SV,Road 200 and Road E-Untreated
2018,11,5,Orland-8,160,59,219,0,63.1,43.57,3.61,59.47,SV,Road 21 and M
2018,11,5,Orland-11-Untreated,45,37,82,0,63.1,43.57,3.61,59.47,SV,SE of N and 16-Untreated
2018,11,5,Corning-6-Untreated,104,55,159,0,64.63,38.57,7.46,58.59,SV,Sac River and Kopta Road - Untreated
2018,11,5,Corning-8-Treated,82,41,123,0,64.63,38.57,7.46,58.59,SV,Viola and Orchard Ave.-Treated
2018,11,13,Corning-1-Treated,62,23,85,0,51.61,30.71,6.74,53.9,SV,Barham and Samson-Treated
2018,11,13,Corning-2-Treated,38,25,63,0,51.61,30.71,6.74,53.9,SV,Dora and Marguerite-Treated
2018,11,13,Corning-4-Treated,75,62,137,0,51.61,30.71,6.74,53.9,SV,Fig Lane and Houghton-Treated
2018,11,13,Orland-1-Untreated,0,0,0,0,46.99,46.86,2.37,51.59,SV,Glenn County Fairgrounds-Untreated
2018,11,13,Orland-3-Untreated,107,78,185,0,46.99,46.86,2.37,51.59,SV,Hwy 99W and Road 18 - Untreated
2018,11,13,Orland-4-Untreated,152,148,300,0,46.99,46.86,2.37,51.59,SV,NE of N and 12-Untreated
2018,11,13,Corning-5-Treated,20,31,51,0,51.61,30.71,6.74,53.9,SV,Northbound I-5 Rest Area-Treated
2018,11,13,Orland-7-Untreated,187,201,388,0,46.99,46.86,2.37,51.59,SV,Road 200 and Road E-Untreated
2018,11,13,Orland-8,79,93,172,0,46.99,46.86,2.37,51.59,SV,Road 21 and M
2018,11,13,Orland-11-Untreated,57,35,92,0,46.99,46.86,2.37,51.59,SV,SE of N and 16-Untreated
2018,11,13,Corning-6-Untreated,52,50,102,0,51.61,30.71,6.74,53.9,SV,Sac River and Kopta Road - Untreated
2018,11,13,Corning-8-Treated,67,32,99,0,51.61,30.71,6.74,53.9,SV,Viola and Orchard Ave.-Treated
2018,11,19,Corning-1-Treated,34,10,44,0,43.83,56.29,2.49,50.74,SV,Barham and Samson-Treated
2018,11,19,Corning-2-Treated,3,7,10,0,43.83,56.29,2.49,50.74,SV,Dora and Marguerite-Treated
2018,11,19,Corning-4-Treated,14,7,21,0,43.83,56.29,2.49,50.74,SV,Fig Lane and Houghton-Treated
2018,11,19,Orland-1-Untreated,4,2,6,0,41.29,71,1.47,47.49,SV,Glenn County Fairgrounds-Untreated
2018,11,19,Orland-3-Untreated,3,0,3,0,41.29,71,1.47,47.49,SV,Hwy 99W and Road 18 - Untreated
2018,11,19,Orland-4-Untreated,1,1,2,0,41.29,71,1.47,47.49,SV,NE of N and 12-Untreated
2018,11,19,Corning-5-Treated,34,20,54,0,43.83,56.29,2.49,50.74,SV,Northbound I-5 Rest Area-Treated
2018,11,19,Orland-7-Untreated,43,45,88,0,41.29,71,1.47,47.49,SV,Road 200 and Road E-Untreated
2018,11,19,Orland-8,0,3,3,0,41.29,71,1.47,47.49,SV,Road 21 and M
2018,11,19,Orland-11-Untreated,21,17,38,0,41.29,71,1.47,47.49,SV,SE of N and 16-Untreated
2018,11,19,Corning-6-Untreated,3,4,7,0,43.83,56.29,2.49,50.74,SV,Sac River and Kopta Road - Untreated
2018,11,19,Corning-8-Treated,106,35,141,0,43.83,56.29,2.49,50.74,SV,Viola and Orchard Ave.-Treated
2018,11,26,Corning-1-Treated,5,2,7,0.14,51.21,83.43,6.34,52.16,SV,Barham and Samson-Treated
2018,11,26,Corning-2-Treated,1,1,2,0.14,51.21,83.43,6.34,52.16,SV,Dora and Marguerite-Treated
2018,11,26,Corning-4-Treated,3,2,5,0.14,51.21,83.43,6.34,52.16,SV,Fig Lane and Houghton-Treated
2018,11,26,Orland-1-Untreated,0,2,2,0.17,51.2,84.71,3.36,50.81,SV,Glenn County Fairgrounds-Untreated
2018,11,26,Orland-3-Untreated,6,4,10,0.17,51.2,84.71,3.36,50.81,SV,Hwy 99W and Road 18 - Untreated
2018,11,26,Orland-4-Untreated,0,0,0,0.17,51.2,84.71,3.36,50.81,SV,NE of N and 12-Untreated
2018,11,26,Corning-5-Treated,14,2,16,0.14,51.21,83.43,6.34,52.16,SV,Northbound I-5 Rest Area-Treated
2018,11,26,Orland-7-Untreated,3,3,6,0.17,51.2,84.71,3.36,50.81,SV,Road 200 and Road E-Untreated
2018,11,26,Orland-8,0,0,0,0.17,51.2,84.71,3.36,50.81,SV,Road 21 and M
2018,11,26,Orland-11-Untreated,2,0,2,0.17,51.2,84.71,3.36,50.81,SV,SE of N and 16-Untreated
2018,11,26,Corning-6-Untreated,0,2,2,0.14,51.21,83.43,6.34,52.16,SV,Sac River and Kopta Road - Untreated
2018,11,26,Corning-8-Treated,16,17,33,0.14,51.21,83.43,6.34,52.16,SV,Viola and Orchard Ave.-Treated
2019,4,2,Corning-1-Treated,0,0,0,0.08,55.56,74.29,6.46,54.8,SV,Barham and Samson-Treated
2019,4,2,Corning-2-Treated,0,0,0,0.08,55.56,74.29,6.46,54.8,SV,Dora and Marguerite-Treated
2019,4,2,Corning-4-Treated,0,0,0,0.08,55.56,74.29,6.46,54.8,SV,Fig Lane and Houghton-Treated
2019,4,2,Orland-1-Untreated,4,1,5,0.13,55.7,71.29,3.79,56.04,SV,Glenn County Fairgrounds-Untreated
2019,4,2,Orland-3-Untreated,0,0,0,0.13,55.7,71.29,3.79,56.04,SV,Hwy 99W and Road 18 - Untreated
2019,4,2,Orland-4-Untreated,0,0,0,0.13,55.7,71.29,3.79,56.04,SV,NE of N and 12-Untreated
2019,4,2,Corning-5-Treated,0,0,0,0.08,55.56,74.29,6.46,54.8,SV,Northbound I-5 Rest Area-Treated
2019,4,2,Orland-7-Untreated,0,0,0,0.13,55.7,71.29,3.79,56.04,SV,Road 200 and Road E-Untreated
2019,4,2,Orland-8,2,0,2,0.13,55.7,71.29,3.79,56.04,SV,Road 21 and M
2019,4,2,Orland-11-Untreated,4,1,5,0.13,55.7,71.29,3.79,56.04,SV,SE of N and 16-Untreated
2019,4,2,Corning-6-Untreated,0,0,0,0.08,55.56,74.29,6.46,54.8,SV,Sac River and Kopta Road - Untreated
2019,4,2,Corning-8-Treated,1,0,1,0.08,55.56,74.29,6.46,54.8,SV,Viola and Orchard Ave.-Treated
2019,4,8,Corning-1-Treated,0,0,0,0.03,59.16,82.71,8.7,57.14,SV,Barham and Samson-Treated
2019,4,8,Corning-2-Treated,0,0,0,0.03,59.16,82.71,8.7,57.14,SV,Dora and Marguerite-Treated
2019,4,8,Corning-4-Treated,0,0,0,0.03,59.16,82.71,8.7,57.14,SV,Fig Lane and Houghton-Treated
2019,4,8,Orland-1-Untreated,1,0,1,0.06,59.31,79.71,4.26,58.57,SV,Glenn County Fairgrounds-Untreated
2019,4,8,Orland-3-Untreated,0,0,0,0.06,59.31,79.71,4.26,58.57,SV,Hwy 99W and Road 18 - Untreated
2019,4,8,Orland-4-Untreated,0,1,1,0.06,59.31,79.71,4.26,58.57,SV,NE of N and 12-Untreated
2019,4,8,Corning-5-Treated,0,0,0,0.03,59.16,82.71,8.7,57.14,SV,Northbound I-5 Rest Area-Treated
2019,4,8,Orland-7-Untreated,0,0,0,0.06,59.31,79.71,4.26,58.57,SV,Road 200 and Road E-Untreated
2019,4,8,Orland-8,0,0,0,0.06,59.31,79.71,4.26,58.57,SV,Road 21 and M
2019,4,8,Orland-11-Untreated,1,1,2,0.06,59.31,79.71,4.26,58.57,SV,SE of N and 16-Untreated
2019,4,8,Corning-6-Untreated,0,0,0,0.03,59.16,82.71,8.7,57.14,SV,Sac River and Kopta Road - Untreated
2019,4,8,Corning-8-Treated,0,0,0,0.03,59.16,82.71,8.7,57.14,SV,Viola and Orchard Ave.-Treated
2019,4,15,Corning-1-Treated,3,0,3,0,57.8,57.57,7.36,58.19,SV,Barham and Samson-Treated
2019,4,15,Corning-2-Treated,1,1,2,0,57.8,57.57,7.36,58.19,SV,Dora and Marguerite-Treated
2019,4,15,Corning-4-Treated,3,1,4,0,57.8,57.57,7.36,58.19,SV,Fig Lane and Houghton-Treated
2019,4,15,Orland-1-Untreated,10,4,14,0.01,59,52.57,4.99,59.64,SV,Glenn County Fairgrounds-Untreated
2019,4,15,Orland-3-Untreated,4,2,6,0.01,59,52.57,4.99,59.64,SV,Hwy 99W and Road 18 - Untreated
2019,4,15,Orland-4-Untreated,0,0,0,0.01,59,52.57,4.99,59.64,SV,NE of N and 12-Untreated
2019,4,15,Corning-5-Treated,2,2,4,0,57.8,57.57,7.36,58.19,SV,Northbound I-5 Rest Area-Treated
2019,4,15,Orland-7-Untreated,0,2,2,0.01,59,52.57,4.99,59.64,SV,Road 200 and Road E-Untreated
2019,4,15,Orland-8,6,2,8,0.01,59,52.57,4.99,59.64,SV,Road 21 and M
2019,4,15,Orland-11-Untreated,11,3,14,0.01,59,52.57,4.99,59.64,SV,SE of N and 16-Untreated
2019,4,15,Corning-6-Untreated,2,2,4,0,57.8,57.57,7.36,58.19,SV,Sac River and Kopta Road - Untreated
2019,4,15,Corning-8-Treated,3,1,4,0,57.8,57.57,7.36,58.19,SV,Viola and Orchard Ave.-Treated
2019,4,22,Corning-1-Treated,1,0,1,0.04,62.3,65.43,4.47,59.47,SV,Barham and Samson-Treated
2019,4,22,Corning-2-Treated,0,0,0,0.04,62.3,65.43,4.47,59.47,SV,Dora and Marguerite-Treated
2019,4,22,Corning-4-Treated,0,0,0,0.04,62.3,65.43,4.47,59.47,SV,Fig Lane and Houghton-Treated
2019,4,22,Orland-1-Untreated,2,4,6,0.07,62.5,64.29,3.01,61.73,SV,Glenn County Fairgrounds-Untreated
2019,4,22,Orland-3-Untreated,0,0,0,0.07,62.5,64.29,3.01,61.73,SV,Hwy 99W and Road 18 - Untreated
2019,4,22,Orland-4-Untreated,0,0,0,0.07,62.5,64.29,3.01,61.73,SV,NE of N and 12-Untreated
2019,4,22,Corning-5-Treated,1,1,2,0.04,62.3,65.43,4.47,59.47,SV,Northbound I-5 Rest Area-Treated
2019,4,22,Orland-7-Untreated,12,11,23,0.07,62.5,64.29,3.01,61.73,SV,Road 200 and Road E-Untreated
2019,4,22,Orland-8,0,0,0,0.07,62.5,64.29,3.01,61.73,SV,Road 21 and M
2019,4,22,Orland-11-Untreated,2,1,3,0.07,62.5,64.29,3.01,61.73,SV,SE of N and 16-Untreated
2019,4,22,Corning-6-Untreated,0,0,0,0.04,62.3,65.43,4.47,59.47,SV,Sac River and Kopta Road - Untreated
2019,4,22,Corning-8-Treated,3,2,5,0.04,62.3,65.43,4.47,59.47,SV,Viola and Orchard Ave.-Treated
2019,4,29,Corning-1-Treated,0,0,0,0,70.14,58.14,4.3,63.94,SV,Barham and Samson-Treated
2019,4,29,Corning-2-Treated,0,0,0,0,70.14,58.14,4.3,63.94,SV,Dora and Marguerite-Treated
2019,4,29,Corning-4-Treated,2,0,2,0,70.14,58.14,4.3,63.94,SV,Fig Lane and Houghton-Treated
2019,4,29,Orland-1-Untreated,9,9,18,0,69.7,63.43,2.47,66.87,SV,Glenn County Fairgrounds-Untreated
2019,4,29,Orland-3-Untreated,0,0,0,0,69.7,63.43,2.47,66.87,SV,Hwy 99W and Road 18 - Untreated
2019,4,29,Orland-4-Untreated,0,0,0,0,69.7,63.43,2.47,66.87,SV,NE of N and 12-Untreated
2019,4,29,Corning-5-Treated,9,4,13,0,70.14,58.14,4.3,63.94,SV,Northbound I-5 Rest Area-Treated
2019,4,29,Orland-7-Untreated,40,30,70,0,69.7,63.43,2.47,66.87,SV,Road 200 and Road E-Untreated
2019,4,29,Orland-8,1,0,1,0,69.7,63.43,2.47,66.87,SV,Road 21 and M
2019,4,29,Orland-11-Untreated,7,0,7,0,69.7,63.43,2.47,66.87,SV,SE of N and 16-Untreated
2019,4,29,Corning-6-Untreated,0,1,1,0,70.14,58.14,4.3,63.94,SV,Sac River and Kopta Road - Untreated
2019,4,29,Corning-8-Treated,2,0,2,0,70.14,58.14,4.3,63.94,SV,Viola and Orchard Ave.-Treated
2019,5,6,Corning-1-Treated,3,1,4,0,61.97,56,4.26,62.41,SV,Barham and Samson-Treated
2019,5,6,Corning-2-Treated,5,2,7,0,61.97,56,4.26,62.41,SV,Dora and Marguerite-Treated
2019,5,6,Corning-4-Treated,7,1,8,0,61.97,56,4.26,62.41,SV,Fig Lane and Houghton-Treated
2019,5,6,Orland-1-Untreated,3,1,4,0,61.87,58.71,2.66,65.23,SV,Glenn County Fairgrounds-Untreated
2019,5,6,Orland-3-Untreated,0,0,0,0,61.87,58.71,2.66,65.23,SV,Hwy 99W and Road 18 - Untreated
2019,5,6,Orland-4-Untreated,0,0,0,0,61.87,58.71,2.66,65.23,SV,NE of N and 12-Untreated
2019,5,6,Corning-5-Treated,13,4,17,0,61.97,56,4.26,62.41,SV,Northbound I-5 Rest Area-Treated
2019,5,6,Orland-7-Untreated,27,21,48,0,61.87,58.71,2.66,65.23,SV,Road 200 and Road E-Untreated
2019,5,6,Orland-8,0,0,0,0,61.87,58.71,2.66,65.23,SV,Road 21 and M
2019,5,6,Orland-11-Untreated,2,1,3,0,61.87,58.71,2.66,65.23,SV,SE of N and 16-Untreated
2019,5,6,Corning-6-Untreated,1,2,3,0,61.97,56,4.26,62.41,SV,Sac River and Kopta Road - Untreated
2019,5,6,Corning-8-Treated,2,2,4,0,61.97,56,4.26,62.41,SV,Viola and Orchard Ave.-Treated
2019,5,13,Corning-1-Treated,8,2,10,0,69.53,54.57,5.13,64.44,SV,Barham and Samson-Treated
2019,5,13,Corning-2-Treated,3,0,3,0,69.53,54.57,5.13,64.44,SV,Dora and Marguerite-Treated
2019,5,13,Corning-4-Treated,7,8,15,0,69.53,54.57,5.13,64.44,SV,Fig Lane and Houghton-Treated
2019,5,13,Orland-1-Untreated,2,1,3,0,68.59,60.57,2.71,69.57,SV,Glenn County Fairgrounds-Untreated
2019,5,13,Orland-3-Untreated,0,0,0,0,68.59,60.57,2.71,69.57,SV,Hwy 99W and Road 18 - Untreated
2019,5,13,Orland-4-Untreated,0,0,0,0,68.59,60.57,2.71,69.57,SV,NE of N and 12-Untreated
2019,5,13,Corning-5-Treated,28,7,35,0,69.53,54.57,5.13,64.44,SV,Northbound I-5 Rest Area-Treated
2019,5,13,Orland-7-Untreated,7,10,17,0,68.59,60.57,2.71,69.57,SV,Road 200 and Road E-Untreated
2019,5,13,Orland-8,1,0,1,0,68.59,60.57,2.71,69.57,SV,Road 21 and M
2019,5,13,Orland-11-Untreated,0,0,0,0,68.59,60.57,2.71,69.57,SV,SE of N and 16-Untreated
2019,5,13,Corning-6-Untreated,4,1,5,0,69.53,54.57,5.13,64.44,SV,Sac River and Kopta Road - Untreated
2019,5,13,Corning-8-Treated,3,0,3,0,69.53,54.57,5.13,64.44,SV,Viola and Orchard Ave.-Treated
2019,5,20,Corning-1-Treated,3,0,3,0.35,57.27,80.14,9.09,62.17,SV,Barham and Samson-Treated
2019,5,20,Corning-2-Treated,2,0,2,0.35,57.27,80.14,9.09,62.17,SV,Dora and Marguerite-Treated
2019,5,20,Corning-4-Treated,3,2,5,0.35,57.27,80.14,9.09,62.17,SV,Fig Lane and Houghton-Treated
2019,5,20,Orland-1-Untreated,0,0,0,0.35,56.93,78.43,4.41,65.7,SV,Glenn County Fairgrounds-Untreated
2019,5,20,Orland-3-Untreated,0,0,0,0.35,56.93,78.43,4.41,65.7,SV,Hwy 99W and Road 18 - Untreated
2019,5,20,Orland-4-Untreated,0,0,0,0.35,56.93,78.43,4.41,65.7,SV,NE of N and 12-Untreated
2019,5,20,Corning-5-Treated,2,0,2,0.35,57.27,80.14,9.09,62.17,SV,Northbound I-5 Rest Area-Treated
2019,5,20,Orland-7-Untreated,0,0,0,0.35,56.93,78.43,4.41,65.7,SV,Road 200 and Road E-Untreated
2019,5,20,Orland-8,0,0,0,0.35,56.93,78.43,4.41,65.7,SV,Road 21 and M
2019,5,20,Orland-11-Untreated,0,0,0,0.35,56.93,78.43,4.41,65.7,SV,SE of N and 16-Untreated
2019,5,20,Corning-6-Untreated,2,0,2,0.35,57.27,80.14,9.09,62.17,SV,Sac River and Kopta Road - Untreated
2019,5,20,Corning-8-Treated,0,0,0,0.35,57.27,80.14,9.09,62.17,SV,Viola and Orchard Ave.-Treated
2019,5,28,Corning-1-Treated,6,8,14,0.07,63.84,67.29,6.16,63.84,SV,Barham and Samson-Treated
2019,5,28,Corning-2-Treated,5,0,5,0.07,63.84,67.29,6.16,63.84,SV,Dora and Marguerite-Treated
2019,5,28,Corning-4-Treated,0,0,0,0.07,63.84,67.29,6.16,63.84,SV,Fig Lane and Houghton-Treated
2019,5,28,Orland-1-Untreated,1,0,1,0.26,63.39,69.86,3.27,67.39,SV,Glenn County Fairgrounds-Untreated
2019,5,28,Orland-3-Untreated,0,0,0,0.26,63.39,69.86,3.27,67.39,SV,Hwy 99W and Road 18 - Untreated
2019,5,28,Orland-4-Untreated,0,0,0,0.26,63.39,69.86,3.27,67.39,SV,NE of N and 12-Untreated
2019,5,28,Corning-5-Treated,18,14,32,0.07,63.84,67.29,6.16,63.84,SV,Northbound I-5 Rest Area-Treated
2019,5,28,Orland-7-Untreated,0,1,1,0.26,63.39,69.86,3.27,67.39,SV,Road 200 and Road E-Untreated
2019,5,28,Orland-8,0,0,0,0.26,63.39,69.86,3.27,67.39,SV,Road 21 and M
2019,5,28,Orland-11-Untreated,1,0,1,0.26,63.39,69.86,3.27,67.39,SV,SE of N and 16-Untreated
2019,5,28,Corning-6-Untreated,0,0,0,0.07,63.84,67.29,6.16,63.84,SV,Sac River and Kopta Road - Untreated
2019,5,28,Corning-8-Treated,2,0,2,0.07,63.84,67.29,6.16,63.84,SV,Viola and Orchard Ave.-Treated
2019,6,3,Corning-1-Treated,2,1,3,0,73.21,64.43,5,68.9,SV,Barham and Samson-Treated
2019,6,3,Corning-2-Treated,1,0,1,0,73.21,64.43,5,68.9,SV,Dora and Marguerite-Treated
2019,6,3,Corning-4-Treated,1,5,6,0,73.21,64.43,5,68.9,SV,Fig Lane and Houghton-Treated
2019,6,3,Orland-1-Untreated,0,0,0,0.04,71.43,73.71,2.31,71.86,SV,Glenn County Fairgrounds-Untreated
2019,6,3,Orland-3-Untreated,0,0,0,0.04,71.43,73.71,2.31,71.86,SV,Hwy 99W and Road 18 - Untreated
2019,6,3,Orland-4-Untreated,0,0,0,0.04,71.43,73.71,2.31,71.86,SV,NE of N and 12-Untreated
2019,6,3,Corning-5-Treated,4,4,8,0,73.21,64.43,5,68.9,SV,Northbound I-5 Rest Area-Treated
2019,6,3,Orland-7-Untreated,2,0,2,0.04,71.43,73.71,2.31,71.86,SV,Road 200 and Road E-Untreated
2019,6,3,Orland-8,1,1,2,0.04,71.43,73.71,2.31,71.86,SV,Road 21 and M
2019,6,3,Orland-11-Untreated,0,0,0,0.04,71.43,73.71,2.31,71.86,SV,SE of N and 16-Untreated
2019,6,3,Corning-6-Untreated,1,1,2,0,73.21,64.43,5,68.9,SV,Sac River and Kopta Road - Untreated
2019,6,3,Corning-8-Treated,1,3,4,0,73.21,64.43,5,68.9,SV,Viola and Orchard Ave.-Treated
2019,6,10,Corning-1-Treated,4,3,7,0,74.86,39.43,7.66,70.44,SV,Barham and Samson-Treated
2019,6,10,Corning-2-Treated,1,1,2,0,74.86,39.43,7.66,70.44,SV,Dora and Marguerite-Treated
2019,6,10,Corning-4-Treated,19,8,27,0,74.86,39.43,7.66,70.44,SV,Fig Lane and Houghton-Treated
2019,6,10,Orland-1-Untreated,10,13,23,0,73.71,30.2,3.56,75.6,SV,Glenn County Fairgrounds-Untreated
2019,6,10,Orland-3-Untreated,0,0,0,0,73.71,30.2,3.56,75.6,SV,Hwy 99W and Road 18 - Untreated
2019,6,10,Orland-4-Untreated,3,0,3,0,73.71,30.2,3.56,75.6,SV,NE of N and 12-Untreated
2019,6,10,Corning-5-Treated,111,51,162,0,74.86,39.43,7.66,70.44,SV,Northbound I-5 Rest Area-Treated
2019,6,10,Orland-7-Untreated,3,1,4,0,73.71,30.2,3.56,75.6,SV,Road 200 and Road E-Untreated
2019,6,10,Orland-8,2,2,4,0,73.71,30.2,3.56,75.6,SV,Road 21 and M
2019,6,10,Orland-11-Untreated,1,0,1,0,73.71,30.2,3.56,75.6,SV,SE of N and 16-Untreated
2019,6,10,Corning-6-Untreated,0,1,1,0,74.86,39.43,7.66,70.44,SV,Sac River and Kopta Road - Untreated
2019,6,10,Corning-8-Treated,1,0,1,0,74.86,39.43,7.66,70.44,SV,Viola and Orchard Ave.-Treated
2019,6,17,Corning-1-Treated,1,0,1,0,77.56,66.43,4.3,74.24,SV,Barham and Samson-Treated
2019,6,17,Corning-2-Treated,0,1,1,0,77.56,66.43,4.3,74.24,SV,Dora and Marguerite-Treated
2019,6,17,Corning-4-Treated,21,7,28,0,77.56,66.43,4.3,74.24,SV,Fig Lane and Houghton-Treated
2019,6,17,Orland-1-Untreated,1,0,1,0,75.14,56.25,2.09,77.49,SV,Glenn County Fairgrounds-Untreated
2019,6,17,Orland-3-Untreated,0,0,0,0,75.14,56.25,2.09,77.49,SV,Hwy 99W and Road 18 - Untreated
2019,6,17,Orland-4-Untreated,0,0,0,0,75.14,56.25,2.09,77.49,SV,NE of N and 12-Untreated
2019,6,17,Corning-5-Treated,42,27,69,0,77.56,66.43,4.3,74.24,SV,Northbound I-5 Rest Area-Treated
2019,6,17,Orland-7-Untreated,0,0,0,0,75.14,56.25,2.09,77.49,SV,Road 200 and Road E-Untreated
2019,6,17,Orland-8,0,0,0,0,75.14,56.25,2.09,77.49,SV,Road 21 and M
2019,6,17,Orland-11-Untreated,0,0,0,0,75.14,56.25,2.09,77.49,SV,SE of N and 16-Untreated
2019,6,17,Corning-6-Untreated,3,1,4,0,77.56,66.43,4.3,74.24,SV,Sac River and Kopta Road - Untreated
2019,6,17,Corning-8-Treated,1,2,3,0,77.56,66.43,4.3,74.24,SV,Viola and Orchard Ave.-Treated
2019,6,24,Corning-1-Treated,3,0,3,0,78.74,37.14,8.06,72.67,SV,Barham and Samson-Treated
2019,6,24,Corning-2-Treated,14,5,19,0,78.74,37.14,8.06,72.67,SV,Dora and Marguerite-Treated
2019,6,24,Corning-4-Treated,114,32,146,0,78.74,37.14,8.06,72.67,SV,Fig Lane and Houghton-Treated
2019,6,24,Orland-1-Untreated,1,1,2,0,75.69,53.71,3,76.86,SV,Glenn County Fairgrounds-Untreated
2019,6,24,Orland-3-Untreated,0,0,0,0,75.69,53.71,3,76.86,SV,Hwy 99W and Road 18 - Untreated
2019,6,24,Orland-4-Untreated,9,7,16,0,75.69,53.71,3,76.86,SV,NE of N and 12-Untreated
2019,6,24,Corning-5-Treated,134,67,201,0,78.74,37.14,8.06,72.67,SV,Northbound I-5 Rest Area-Treated
2019,6,24,Orland-7-Untreated,3,2,5,0,75.69,53.71,3,76.86,SV,Road 200 and Road E-Untreated
2019,6,24,Orland-8,0,0,0,0,75.69,53.71,3,76.86,SV,Road 21 and M
2019,6,24,Orland-11-Untreated,0,1,1,0,75.69,53.71,3,76.86,SV,SE of N and 16-Untreated
2019,6,24,Corning-6-Untreated,1,1,2,0,78.74,37.14,8.06,72.67,SV,Sac River and Kopta Road - Untreated
2019,6,24,Corning-8-Treated,5,7,12,0,78.74,37.14,8.06,72.67,SV,Viola and Orchard Ave.-Treated
2019,7,1,Corning-1-Treated,11,4,15,0,70.49,51.43,4.79,71.51,SV,Barham and Samson-Treated
2019,7,1,Corning-2-Treated,24,9,33,0,70.49,51.43,4.79,71.51,SV,Dora and Marguerite-Treated
2019,7,1,Corning-4-Treated,47,26,73,0,70.49,51.43,4.79,71.51,SV,Fig Lane and Houghton-Treated
2019,7,1,Orland-1-Untreated,1,1,2,0,69.86,59.71,2.61,73.53,SV,Glenn County Fairgrounds-Untreated
2019,7,1,Orland-3-Untreated,0,1,1,0,69.86,59.71,2.61,73.53,SV,Hwy 99W and Road 18 - Untreated
2019,7,1,Orland-4-Untreated,9,6,15,0,69.86,59.71,2.61,73.53,SV,NE of N and 12-Untreated
2019,7,1,Corning-5-Treated,76,38,114,0,70.49,51.43,4.79,71.51,SV,Northbound I-5 Rest Area-Treated
2019,7,1,Orland-7-Untreated,1,1,2,0,69.86,59.71,2.61,73.53,SV,Road 200 and Road E-Untreated
2019,7,1,Orland-8,1,1,2,0,69.86,59.71,2.61,73.53,SV,Road 21 and M
2019,7,1,Orland-11-Untreated,2,0,2,0,69.86,59.71,2.61,73.53,SV,SE of N and 16-Untreated
2019,7,1,Corning-6-Untreated,2,2,4,0,70.49,51.43,4.79,71.51,SV,Sac River and Kopta Road - Untreated
2019,7,1,Corning-8-Treated,9,5,14,0,70.49,51.43,4.79,71.51,SV,Viola and Orchard Ave.-Treated
2019,7,8,Corning-1-Treated,3,0,3,0,75.3,56.57,4.36,73.43,SV,Barham and Samson-Treated
2019,7,8,Corning-2-Treated,3,2,5,0,75.3,56.57,4.36,73.43,SV,Dora and Marguerite-Treated
2019,7,8,Corning-4-Treated,9,18,27,0,75.3,56.57,4.36,73.43,SV,Fig Lane and Houghton-Treated
2019,7,8,Orland-1-Untreated,1,1,2,0,73.66,66.71,2.19,73.84,SV,Glenn County Fairgrounds-Untreated
2019,7,8,Orland-3-Untreated,0,0,0,0,73.66,66.71,2.19,73.84,SV,Hwy 99W and Road 18 - Untreated
2019,7,8,Orland-4-Untreated,0,0,0,0,73.66,66.71,2.19,73.84,SV,NE of N and 12-Untreated
2019,7,8,Corning-5-Treated,39,38,77,0,75.3,56.57,4.36,73.43,SV,Northbound I-5 Rest Area-Treated
2019,7,8,Orland-7-Untreated,0,1,1,0,73.66,66.71,2.19,73.84,SV,Road 200 and Road E-Untreated
2019,7,8,Orland-8,3,0,3,0,73.66,66.71,2.19,73.84,SV,Road 21 and M
2019,7,8,Orland-11-Untreated,2,1,3,0,73.66,66.71,2.19,73.84,SV,SE of N and 16-Untreated
2019,7,8,Corning-6-Untreated,1,0,1,0,75.3,56.57,4.36,73.43,SV,Sac River and Kopta Road - Untreated
2019,7,8,Corning-8-Treated,2,2,4,0,75.3,56.57,4.36,73.43,SV,Viola and Orchard Ave.-Treated
2019,7,15,Corning-1-Treated,6,4,10,0,77.47,61,4,74.9,SV,Barham and Samson-Treated
2019,7,15,Corning-2-Treated,8,5,13,0,77.47,61,4,74.9,SV,Dora and Marguerite-Treated
2019,7,15,Corning-4-Treated,12,15,27,0,77.47,61,4,74.9,SV,Fig Lane and Houghton-Treated
2019,7,15,Orland-1-Untreated,2,4,6,0,75.54,67.86,2.07,78.74,SV,Glenn County Fairgrounds-Untreated
2019,7,15,Orland-3-Untreated,0,0,0,0,75.54,67.86,2.07,78.74,SV,Hwy 99W and Road 18 - Untreated
2019,7,15,Orland-4-Untreated,1,0,1,0,75.54,67.86,2.07,78.74,SV,NE of N and 12-Untreated
2019,7,15,Corning-5-Treated,27,12,39,0,77.47,61,4,74.9,SV,Northbound I-5 Rest Area-Treated
2019,7,15,Orland-7-Untreated,0,0,0,0,75.54,67.86,2.07,78.74,SV,Road 200 and Road E-Untreated
2019,7,15,Orland-8,1,0,1,0,75.54,67.86,2.07,78.74,SV,Road 21 and M
2019,7,15,Orland-11-Untreated,1,0,1,0,75.54,67.86,2.07,78.74,SV,SE of N and 16-Untreated
2019,7,15,Corning-6-Untreated,0,1,1,0,77.47,61,4,74.9,SV,Sac River and Kopta Road - Untreated
2019,7,15,Corning-8-Treated,0,1,1,0,77.47,61,4,74.9,SV,Viola and Orchard Ave.-Treated
2019,7,22,Corning-1-Treated,1,0,1,0,77.87,60,4.11,75.87,SV,Barham and Samson-Treated
2019,7,22,Corning-2-Treated,6,9,15,0,77.87,60,4.11,75.87,SV,Dora and Marguerite-Treated
2019,7,22,Corning-4-Treated,17,23,40,0,77.87,60,4.11,75.87,SV,Fig Lane and Houghton-Treated
2019,7,22,Orland-1-Untreated,3,0,3,0,75.56,66.14,2.06,79.97,SV,Glenn County Fairgrounds-Untreated
2019,7,22,Orland-3-Untreated,0,1,1,0,75.56,66.14,2.06,79.97,SV,Hwy 99W and Road 18 - Untreated
2019,7,22,Orland-4-Untreated,0,0,0,0,75.56,66.14,2.06,79.97,SV,NE of N and 12-Untreated
2019,7,22,Corning-5-Treated,8,13,21,0,77.87,60,4.11,75.87,SV,Northbound I-5 Rest Area-Treated
2019,7,22,Orland-7-Untreated,0,0,0,0,75.56,66.14,2.06,79.97,SV,Road 200 and Road E-Untreated
2019,7,22,Orland-8,3,0,3,0,75.56,66.14,2.06,79.97,SV,Road 21 and M
2019,7,22,Orland-11-Untreated,0,0,0,0,75.56,66.14,2.06,79.97,SV,SE of N and 16-Untreated
2019,7,22,Corning-6-Untreated,0,0,0,0,77.87,60,4.11,75.87,SV,Sac River and Kopta Road - Untreated
2019,7,22,Corning-8-Treated,1,3,4,0,77.87,60,4.11,75.87,SV,Viola and Orchard Ave.-Treated
2019,7,29,Corning-1-Treated,1,2,3,0,80.17,50,4.66,75.84,SV,Barham and Samson-Treated
2019,7,29,Corning-2-Treated,17,4,21,0,80.17,50,4.66,75.84,SV,Dora and Marguerite-Treated
2019,7,29,Corning-4-Treated,11,12,23,0,80.17,50,4.66,75.84,SV,Fig Lane and Houghton-Treated
2019,7,29,Orland-1-Untreated,5,3,8,0,78.3,60.29,2.06,79.17,SV,Glenn County Fairgrounds-Untreated
2019,7,29,Orland-3-Untreated,4,1,5,0,78.3,60.29,2.06,79.17,SV,Hwy 99W and Road 18 - Untreated
2019,7,29,Orland-4-Untreated,1,0,1,0,78.3,60.29,2.06,79.17,SV,NE of N and 12-Untreated
2019,7,29,Corning-5-Treated,14,3,17,0,80.17,50,4.66,75.84,SV,Northbound I-5 Rest Area-Treated
2019,7,29,Orland-7-Untreated,0,0,0,0,78.3,60.29,2.06,79.17,SV,Road 200 and Road E-Untreated
2019,7,29,Orland-8,4,1,5,0,78.3,60.29,2.06,79.17,SV,Road 21 and M
2019,7,29,Orland-11-Untreated,2,0,2,0,78.3,60.29,2.06,79.17,SV,SE of N and 16-Untreated
2019,7,29,Corning-6-Untreated,0,0,0,0,80.17,50,4.66,75.84,SV,Sac River and Kopta Road - Untreated
2019,7,29,Corning-8-Treated,2,0,2,0,80.17,50,4.66,75.84,SV,Viola and Orchard Ave.-Treated
2019,8,5,Corning-1-Treated,1,1,2,0,77.07,58.57,3.56,75.39,SV,Barham and Samson-Treated
2019,8,5,Corning-2-Treated,3,3,6,0,77.07,58.57,3.56,75.39,SV,Dora and Marguerite-Treated
2019,8,5,Corning-4-Treated,4,3,7,0,77.07,58.57,3.56,75.39,SV,Fig Lane and Houghton-Treated
2019,8,5,Orland-1-Untreated,2,1,3,0,74.36,68.29,1.9,79.49,SV,Glenn County Fairgrounds-Untreated
2019,8,5,Orland-3-Untreated,2,1,3,0,74.36,68.29,1.9,79.49,SV,Hwy 99W and Road 18 - Untreated
2019,8,5,Orland-4-Untreated,0,0,0,0,74.36,68.29,1.9,79.49,SV,NE of N and 12-Untreated
2019,8,5,Corning-5-Treated,0,3,3,0,77.07,58.57,3.56,75.39,SV,Northbound I-5 Rest Area-Treated
2019,8,5,Orland-7-Untreated,0,0,0,0,74.36,68.29,1.9,79.49,SV,Road 200 and Road E-Untreated
2019,8,5,Orland-8,2,1,3,0,74.36,68.29,1.9,79.49,SV,Road 21 and M
2019,8,5,Orland-11-Untreated,2,0,2,0,74.36,68.29,1.9,79.49,SV,SE of N and 16-Untreated
2019,8,5,Corning-6-Untreated,0,0,0,0,77.07,58.57,3.56,75.39,SV,Sac River and Kopta Road - Untreated
2019,8,5,Corning-8-Treated,0,0,0,0,77.07,58.57,3.56,75.39,SV,Viola and Orchard Ave.-Treated
2019,8,12,Corning-1-Treated,0,0,0,0,73.53,58.71,4.47,73.86,SV,Barham and Samson-Treated
2019,8,12,Corning-2-Treated,1,1,2,0,73.53,58.71,4.47,73.86,SV,Dora and Marguerite-Treated
2019,8,12,Corning-4-Treated,13,6,19,0,73.53,58.71,4.47,73.86,SV,Fig Lane and Houghton-Treated
2019,8,12,Orland-1-Untreated,1,0,1,0,72.2,65.43,2.51,78.09,SV,Glenn County Fairgrounds-Untreated
2019,8,12,Orland-3-Untreated,1,1,2,0,72.2,65.43,2.51,78.09,SV,Hwy 99W and Road 18 - Untreated
2019,8,12,Orland-4-Untreated,0,0,0,0,72.2,65.43,2.51,78.09,SV,NE of N and 12-Untreated
2019,8,12,Corning-5-Treated,3,0,3,0,73.53,58.71,4.47,73.86,SV,Northbound I-5 Rest Area-Treated
2019,8,12,Orland-7-Untreated,0,0,0,0,72.2,65.43,2.51,78.09,SV,Road 200 and Road E-Untreated
2019,8,12,Orland-8,1,1,2,0,72.2,65.43,2.51,78.09,SV,Road 21 and M
2019,8,12,Orland-11-Untreated,2,0,2,0,72.2,65.43,2.51,78.09,SV,SE of N and 16-Untreated
2019,8,12,Corning-6-Untreated,0,1,1,0,73.53,58.71,4.47,73.86,SV,Sac River and Kopta Road - Untreated
2019,8,12,Corning-8-Treated,0,2,2,0,73.53,58.71,4.47,73.86,SV,Viola and Orchard Ave.-Treated
2019,8,19,Corning-1-Treated,0,0,0,0,78.39,54.57,4.04,74.76,SV,Barham and Samson-Treated
2019,8,19,Corning-2-Treated,1,0,1,0,78.39,54.57,4.04,74.76,SV,Dora and Marguerite-Treated
2019,8,19,Corning-4-Treated,9,6,15,0,78.39,54.57,4.04,74.76,SV,Fig Lane and Houghton-Treated
2019,8,19,Orland-1-Untreated,1,0,1,0,75.79,65.86,1.91,77.81,SV,Glenn County Fairgrounds-Untreated
2019,8,19,Orland-3-Untreated,0,0,0,0,75.79,65.86,1.91,77.81,SV,Hwy 99W and Road 18 - Untreated
2019,8,19,Orland-4-Untreated,0,0,0,0,75.79,65.86,1.91,77.81,SV,NE of N and 12-Untreated
2019,8,19,Corning-5-Treated,1,0,1,0,78.39,54.57,4.04,74.76,SV,Northbound I-5 Rest Area-Treated
2019,8,19,Orland-7-Untreated,0,0,0,0,75.79,65.86,1.91,77.81,SV,Road 200 and Road E-Untreated
2019,8,19,Orland-8,3,0,3,0,75.79,65.86,1.91,77.81,SV,Road 21 and M
2019,8,19,Orland-11-Untreated,1,0,1,0,75.79,65.86,1.91,77.81,SV,SE of N and 16-Untreated
2019,8,19,Corning-6-Untreated,0,0,0,0,78.39,54.57,4.04,74.76,SV,Sac River and Kopta Road - Untreated
2019,8,19,Corning-8-Treated,0,0,0,0,78.39,54.57,4.04,74.76,SV,Viola and Orchard Ave.-Treated
2019,8,26,Corning-1-Treated,0,0,0,0,78.39,57.71,3.74,74.07,SV,Barham and Samson-Treated
2019,8,26,Corning-2-Treated,1,1,2,0,78.39,57.71,3.74,74.07,SV,Dora and Marguerite-Treated
2019,8,26,Corning-4-Treated,2,3,5,0,78.39,57.71,3.74,74.07,SV,Fig Lane and Houghton-Treated
2019,8,26,Orland-1-Untreated,0,2,2,0,76.36,66.86,2,76.61,SV,Glenn County Fairgrounds-Untreated
2019,8,26,Orland-3-Untreated,3,0,3,0,76.36,66.86,2,76.61,SV,Hwy 99W and Road 18 - Untreated
2019,8,26,Orland-4-Untreated,0,0,0,0,76.36,66.86,2,76.61,SV,NE of N and 12-Untreated
2019,8,26,Corning-5-Treated,0,0,0,0,78.39,57.71,3.74,74.07,SV,Northbound I-5 Rest Area-Treated
2019,8,26,Orland-7-Untreated,0,0,0,0,76.36,66.86,2,76.61,SV,Road 200 and Road E-Untreated
2019,8,26,Orland-8,1,0,1,0,76.36,66.86,2,76.61,SV,Road 21 and M
2019,8,26,Orland-11-Untreated,0,0,0,0,76.36,66.86,2,76.61,SV,SE of N and 16-Untreated
2019,8,26,Corning-6-Untreated,0,0,0,0,78.39,57.71,3.74,74.07,SV,Sac River and Kopta Road - Untreated
2019,8,26,Corning-8-Treated,0,0,0,0,78.39,57.71,3.74,74.07,SV,Viola and Orchard Ave.-Treated
2019,9,3,Corning-1-Treated,0,0,0,0,76.31,55.14,3.89,73.97,SV,Barham and Samson-Treated
2019,9,3,Corning-2-Treated,0,0,0,0,76.31,55.14,3.89,73.97,SV,Dora and Marguerite-Treated
2019,9,3,Corning-4-Treated,3,0,3,0,76.31,55.14,3.89,73.97,SV,Fig Lane and Houghton-Treated
2019,9,3,Orland-1-Untreated,0,1,1,0,74.63,61.29,2.33,77.37,SV,Glenn County Fairgrounds-Untreated
2019,9,3,Orland-3-Untreated,0,0,0,0,74.63,61.29,2.33,77.37,SV,Hwy 99W and Road 18 - Untreated
2019,9,3,Orland-4-Untreated,1,0,1,0,74.63,61.29,2.33,77.37,SV,NE of N and 12-Untreated
2019,9,3,Corning-5-Treated,0,0,0,0,76.31,55.14,3.89,73.97,SV,Northbound I-5 Rest Area-Treated
2019,9,3,Orland-7-Untreated,0,0,0,0,74.63,61.29,2.33,77.37,SV,Road 200 and Road E-Untreated
2019,9,3,Orland-8,0,1,1,0,74.63,61.29,2.33,77.37,SV,Road 21 and M
2019,9,3,Orland-11-Untreated,0,0,0,0,74.63,61.29,2.33,77.37,SV,SE of N and 16-Untreated
2019,9,3,Corning-6-Untreated,0,0,0,0,76.31,55.14,3.89,73.97,SV,Sac River and Kopta Road - Untreated
2019,9,3,Corning-8-Treated,0,0,0,0,76.31,55.14,3.89,73.97,SV,Viola and Orchard Ave.-Treated
2019,9,9,Corning-1-Treated,0,0,0,0,71.96,56,3.97,71.96,SV,Barham and Samson-Treated
2019,9,9,Corning-2-Treated,1,0,1,0,71.96,56,3.97,71.96,SV,Dora and Marguerite-Treated
2019,9,9,Corning-4-Treated,0,0,0,0,71.96,56,3.97,71.96,SV,Fig Lane and Houghton-Treated
2019,9,9,Orland-1-Untreated,0,0,0,0,69.81,66.71,2.26,75.26,SV,Glenn County Fairgrounds-Untreated
2019,9,9,Orland-3-Untreated,0,0,0,0,69.81,66.71,2.26,75.26,SV,Hwy 99W and Road 18 - Untreated
2019,9,9,Orland-4-Untreated,0,0,0,0,69.81,66.71,2.26,75.26,SV,NE of N and 12-Untreated
2019,9,9,Corning-5-Treated,0,0,0,0,71.96,56,3.97,71.96,SV,Northbound I-5 Rest Area-Treated
2019,9,9,Orland-7-Untreated,0,0,0,0,69.81,66.71,2.26,75.26,SV,Road 200 and Road E-Untreated
2019,9,9,Orland-8,1,0,1,0,69.81,66.71,2.26,75.26,SV,Road 21 and M
2019,9,9,Orland-11-Untreated,0,0,0,0,69.81,66.71,2.26,75.26,SV,SE of N and 16-Untreated
2019,9,9,Corning-6-Untreated,0,0,0,0,71.96,56,3.97,71.96,SV,Sac River and Kopta Road - Untreated
2019,9,9,Corning-8-Treated,0,0,0,0,71.96,56,3.97,71.96,SV,Viola and Orchard Ave.-Treated
2019,9,16,Corning-1-Treated,0,0,0,0.04,70.17,53,4.46,70.01,SV,Barham and Samson-Treated
2019,9,16,Corning-2-Treated,0,0,0,0.04,70.17,53,4.46,70.01,SV,Dora and Marguerite-Treated
2019,9,16,Corning-4-Treated,5,0,5,0.04,70.17,53,4.46,70.01,SV,Fig Lane and Houghton-Treated
2019,9,16,Orland-1-Untreated,1,1,2,0.02,68.54,64.14,2.43,72.86,SV,Glenn County Fairgrounds-Untreated
2019,9,16,Orland-3-Untreated,0,0,0,0.02,68.54,64.14,2.43,72.86,SV,Hwy 99W and Road 18 - Untreated
2019,9,16,Orland-4-Untreated,0,0,0,0.02,68.54,64.14,2.43,72.86,SV,NE of N and 12-Untreated
2019,9,16,Corning-5-Treated,0,0,0,0.04,70.17,53,4.46,70.01,SV,Northbound I-5 Rest Area-Treated
2019,9,16,Orland-7-Untreated,0,0,0,0.02,68.54,64.14,2.43,72.86,SV,Road 200 and Road E-Untreated
2019,9,16,Orland-8,9,4,13,0.02,68.54,64.14,2.43,72.86,SV,Road 21 and M
2019,9,16,Orland-11-Untreated,0,0,0,0.02,68.54,64.14,2.43,72.86,SV,SE of N and 16-Untreated
2019,9,16,Corning-6-Untreated,1,0,1,0.04,70.17,53,4.46,70.01,SV,Sac River and Kopta Road - Untreated
2019,9,16,Corning-8-Treated,0,0,0,0.04,70.17,53,4.46,70.01,SV,Viola and Orchard Ave.-Treated
2019,9,23,Corning-1-Treated,0,0,0,0.01,66.44,59,6.04,66.39,SV,Barham and Samson-Treated
2019,9,23,Corning-2-Treated,0,1,1,0.01,66.44,59,6.04,66.39,SV,Dora and Marguerite-Treated
2019,9,23,Corning-4-Treated,9,1,10,0.01,66.44,59,6.04,66.39,SV,Fig Lane and Houghton-Treated
2019,9,23,Orland-1-Untreated,0,1,1,0.01,65.71,62.14,3.24,69.59,SV,Glenn County Fairgrounds-Untreated
2019,9,23,Orland-3-Untreated,0,0,0,0.01,65.71,62.14,3.24,69.59,SV,Hwy 99W and Road 18 - Untreated
2019,9,23,Orland-4-Untreated,0,1,1,0.01,65.71,62.14,3.24,69.59,SV,NE of N and 12-Untreated
2019,9,23,Corning-5-Treated,0,0,0,0.01,66.44,59,6.04,66.39,SV,Northbound I-5 Rest Area-Treated
2019,9,23,Orland-7-Untreated,0,0,0,0.01,65.71,62.14,3.24,69.59,SV,Road 200 and Road E-Untreated
2019,9,23,Orland-8,1,3,4,0.01,65.71,62.14,3.24,69.59,SV,Road 21 and M
2019,9,23,Orland-11-Untreated,0,0,0,0.01,65.71,62.14,3.24,69.59,SV,SE of N and 16-Untreated
2019,9,23,Corning-6-Untreated,0,0,0,0.01,66.44,59,6.04,66.39,SV,Sac River and Kopta Road - Untreated
2019,9,23,Corning-8-Treated,0,0,0,0.01,66.44,59,6.04,66.39,SV,Viola and Orchard Ave.-Treated
2019,9,30,Corning-1-Treated,0,0,0,0,67.54,57.29,6.5,67.17,SV,Barham and Samson-Treated
2019,9,30,Corning-2-Treated,0,1,1,0,67.54,57.29,6.5,67.17,SV,Dora and Marguerite-Treated
2019,9,30,Corning-4-Treated,9,6,15,0,67.54,57.29,6.5,67.17,SV,Fig Lane and Houghton-Treated
2019,9,30,Orland-1-Untreated,1,0,1,0.02,66.51,60.29,3.56,69.53,SV,Glenn County Fairgrounds-Untreated
2019,9,30,Orland-3-Untreated,1,0,1,0.02,66.51,60.29,3.56,69.53,SV,Hwy 99W and Road 18 - Untreated
2019,9,30,Orland-4-Untreated,0,0,0,0.02,66.51,60.29,3.56,69.53,SV,NE of N and 12-Untreated
2019,9,30,Corning-5-Treated,1,0,1,0,67.54,57.29,6.5,67.17,SV,Northbound I-5 Rest Area-Treated
2019,9,30,Orland-7-Untreated,0,0,0,0.02,66.51,60.29,3.56,69.53,SV,Road 200 and Road E-Untreated
2019,9,30,Orland-8,0,1,1,0.02,66.51,60.29,3.56,69.53,SV,Road 21 and M
2019,9,30,Orland-11-Untreated,0,0,0,0.02,66.51,60.29,3.56,69.53,SV,SE of N and 16-Untreated
2019,9,30,Corning-6-Untreated,1,0,1,0,67.54,57.29,6.5,67.17,SV,Sac River and Kopta Road - Untreated
2019,9,30,Corning-8-Treated,1,0,1,0,67.54,57.29,6.5,67.17,SV,Viola and Orchard Ave.-Treated
2019,10,8,Corning-1-Treated,0,0,0,0,62.5,45.86,4.87,61.4,SV,Barham and Samson-Treated
2019,10,8,Corning-2-Treated,9,4,13,0,62.5,45.86,4.87,61.4,SV,Dora and Marguerite-Treated
2019,10,8,Corning-4-Treated,46,22,68,0,62.5,45.86,4.87,61.4,SV,Fig Lane and Houghton-Treated
2019,10,8,Orland-1-Untreated,1,0,1,0,60.76,54,2.27,63.91,SV,Glenn County Fairgrounds-Untreated
2019,10,8,Orland-3-Untreated,2,0,2,0,60.76,54,2.27,63.91,SV,Hwy 99W and Road 18 - Untreated
2019,10,8,Orland-4-Untreated,1,0,1,0,60.76,54,2.27,63.91,SV,NE of N and 12-Untreated
2019,10,8,Corning-5-Treated,0,1,1,0,62.5,45.86,4.87,61.4,SV,Northbound I-5 Rest Area-Treated
2019,10,8,Orland-7-Untreated,0,0,0,0,60.76,54,2.27,63.91,SV,Road 200 and Road E-Untreated
2019,10,8,Orland-8,0,2,2,0,60.76,54,2.27,63.91,SV,Road 21 and M
2019,10,8,Orland-11-Untreated,2,1,3,0,60.76,54,2.27,63.91,SV,SE of N and 16-Untreated
2019,10,8,Corning-6-Untreated,0,0,0,0,62.5,45.86,4.87,61.4,SV,Sac River and Kopta Road - Untreated
2019,10,8,Corning-8-Treated,1,1,2,0,62.5,45.86,4.87,61.4,SV,Viola and Orchard Ave.-Treated
2019,10,14,Corning-1-Treated,0,0,0,0,59.19,38.29,5.8,60.09,SV,Barham and Samson-Treated
2019,10,14,Corning-2-Treated,0,0,0,0,59.19,38.29,5.8,60.09,SV,Dora and Marguerite-Treated
2019,10,14,Corning-4-Treated,57,27,84,0,59.19,38.29,5.8,60.09,SV,Fig Lane and Houghton-Treated
2019,10,14,Orland-1-Untreated,1,2,3,0,58.27,44.29,3.21,61.34,SV,Glenn County Fairgrounds-Untreated
2019,10,14,Orland-3-Untreated,0,1,1,0,58.27,44.29,3.21,61.34,SV,Hwy 99W and Road 18 - Untreated
2019,10,14,Orland-4-Untreated,0,0,0,0,58.27,44.29,3.21,61.34,SV,NE of N and 12-Untreated
2019,10,14,Corning-5-Treated,1,1,2,0,59.19,38.29,5.8,60.09,SV,Northbound I-5 Rest Area-Treated
2019,10,14,Orland-7-Untreated,1,0,1,0,58.27,44.29,3.21,61.34,SV,Road 200 and Road E-Untreated
2019,10,14,Orland-8,1,1,2,0,58.27,44.29,3.21,61.34,SV,Road 21 and M
2019,10,14,Orland-11-Untreated,0,0,0,0,58.27,44.29,3.21,61.34,SV,SE of N and 16-Untreated
2019,10,14,Corning-6-Untreated,0,0,0,0,59.19,38.29,5.8,60.09,SV,Sac River and Kopta Road - Untreated
2019,10,14,Corning-8-Treated,2,1,3,0,59.19,38.29,5.8,60.09,SV,Viola and Orchard Ave.-Treated
2019,10,21,Corning-1-Treated,0,0,0,0,58.9,56.71,4.67,58.97,SV,Barham and Samson-Treated
2019,10,21,Corning-2-Treated,1,1,2,0,58.9,56.71,4.67,58.97,SV,Dora and Marguerite-Treated
2019,10,21,Corning-4-Treated,41,12,53,0,58.9,56.71,4.67,58.97,SV,Fig Lane and Houghton-Treated
2019,10,21,Orland-1-Untreated,0,0,0,0,58.39,59,2.7,60.17,SV,Glenn County Fairgrounds-Untreated
2019,10,21,Orland-3-Untreated,1,0,1,0,58.39,59,2.7,60.17,SV,Hwy 99W and Road 18 - Untreated
2019,10,21,Orland-4-Untreated,0,0,0,0,58.39,59,2.7,60.17,SV,NE of N and 12-Untreated
2019,10,21,Corning-5-Treated,6,1,7,0,58.9,56.71,4.67,58.97,SV,Northbound I-5 Rest Area-Treated
2019,10,21,Orland-7-Untreated,0,0,0,0,58.39,59,2.7,60.17,SV,Road 200 and Road E-Untreated
2019,10,21,Orland-8,0,0,0,0,58.39,59,2.7,60.17,SV,Road 21 and M
2019,10,21,Orland-11-Untreated,2,0,2,0,58.39,59,2.7,60.17,SV,SE of N and 16-Untreated
2019,10,21,Corning-6-Untreated,1,0,1,0,58.9,56.71,4.67,58.97,SV,Sac River and Kopta Road - Untreated
2019,10,21,Corning-8-Treated,2,2,4,0,58.9,56.71,4.67,58.97,SV,Viola and Orchard Ave.-Treated
2019,10,28,Corning-1-Treated,0,0,0,0,63.34,31.71,8.63,58.93,SV,Barham and Samson-Treated
2019,10,28,Corning-2-Treated,1,1,2,0,63.34,31.71,8.63,58.93,SV,Dora and Marguerite-Treated
2019,10,28,Corning-4-Treated,185,52,237,0,63.34,31.71,8.63,58.93,SV,Fig Lane and Houghton-Treated
2019,10,28,Orland-1-Untreated,2,2,4,0,61.79,39.14,3.64,60.5,SV,Glenn County Fairgrounds-Untreated
2019,10,28,Orland-3-Untreated,1,0,1,0,61.79,39.14,3.64,60.5,SV,Hwy 99W and Road 18 - Untreated
2019,10,28,Orland-4-Untreated,1,0,1,0,61.79,39.14,3.64,60.5,SV,NE of N and 12-Untreated
2019,10,28,Corning-5-Treated,1,2,3,0,63.34,31.71,8.63,58.93,SV,Northbound I-5 Rest Area-Treated
2019,10,28,Orland-7-Untreated,1,0,1,0,61.79,39.14,3.64,60.5,SV,Road 200 and Road E-Untreated
2019,10,28,Orland-8,32,21,53,0,61.79,39.14,3.64,60.5,SV,Road 21 and M
2019,10,28,Orland-11-Untreated,1,0,1,0,61.79,39.14,3.64,60.5,SV,SE of N and 16-Untreated
2019,10,28,Corning-6-Untreated,0,1,1,0,63.34,31.71,8.63,58.93,SV,Sac River and Kopta Road - Untreated
2019,10,28,Corning-8-Treated,1,6,7,0,63.34,31.71,8.63,58.93,SV,Viola and Orchard Ave.-Treated
2019,11,4,Corning-1-Treated,0,0,0,0,51.03,39,4.33,53.54,SV,Barham and Samson-Treated
2019,11,4,Corning-2-Treated,3,3,6,0,51.03,39,4.33,53.54,SV,Dora and Marguerite-Treated
2019,11,4,Corning-4-Treated,19,10,29,0,51.03,39,4.33,53.54,SV,Fig Lane and Houghton-Treated
2019,11,4,Orland-1-Untreated,8,1,9,0,49.44,49,2.33,53.81,SV,Glenn County Fairgrounds-Untreated
2019,11,4,Orland-3-Untreated,0,0,0,0,49.44,49,2.33,53.81,SV,Hwy 99W and Road 18 - Untreated
2019,11,4,Orland-4-Untreated,0,0,0,0,49.44,49,2.33,53.81,SV,NE of N and 12-Untreated
2019,11,4,Corning-5-Treated,9,0,9,0,51.03,39,4.33,53.54,SV,Northbound I-5 Rest Area-Treated
2019,11,4,Orland-7-Untreated,1,1,2,0,49.44,49,2.33,53.81,SV,Road 200 and Road E-Untreated
2019,11,4,Orland-8,5,3,8,0,49.44,49,2.33,53.81,SV,Road 21 and M
2019,11,4,Orland-11-Untreated,3,0,3,0,49.44,49,2.33,53.81,SV,SE of N and 16-Untreated
2019,11,4,Corning-6-Untreated,0,0,0,0,51.03,39,4.33,53.54,SV,Sac River and Kopta Road - Untreated
2019,11,4,Corning-8-Treated,5,5,10,0,51.03,39,4.33,53.54,SV,Viola and Orchard Ave.-Treated
2019,11,12,Corning-1-Treated,0,0,0,0,57.54,54.14,3.03,55.07,SV,Barham and Samson-Treated
2019,11,12,Corning-2-Treated,1,1,2,0,57.54,54.14,3.03,55.07,SV,Dora and Marguerite-Treated
2019,11,12,Corning-4-Treated,16,7,23,0,57.54,54.14,3.03,55.07,SV,Fig Lane and Houghton-Treated
2019,11,12,Orland-1-Untreated,4,1,5,0,54.63,66.43,1.63,54.94,SV,Glenn County Fairgrounds-Untreated
2019,11,12,Orland-3-Untreated,5,1,6,0,54.63,66.43,1.63,54.94,SV,Hwy 99W and Road 18 - Untreated
2019,11,12,Orland-4-Untreated,0,0,0,0,54.63,66.43,1.63,54.94,SV,NE of N and 12-Untreated
2019,11,12,Corning-5-Treated,17,7,24,0,57.54,54.14,3.03,55.07,SV,Northbound I-5 Rest Area-Treated
2019,11,12,Orland-7-Untreated,3,0,3,0,54.63,66.43,1.63,54.94,SV,Road 200 and Road E-Untreated
2019,11,12,Orland-8,11,5,16,0,54.63,66.43,1.63,54.94,SV,Road 21 and M
2019,11,12,Orland-11-Untreated,11,5,16,0,54.63,66.43,1.63,54.94,SV,SE of N and 16-Untreated
2019,11,12,Corning-6-Untreated,0,1,1,0,57.54,54.14,3.03,55.07,SV,Sac River and Kopta Road - Untreated
2019,11,12,Corning-8-Treated,9,4,13,0,57.54,54.14,3.03,55.07,SV,Viola and Orchard Ave.-Treated
2020,4,6,Corning-1-Treated,0,0,0,0.06,50.93,65.57,7.83,53.19,SV,Barham and Samson-Treated
2020,4,6,Corning-2-Treated,0,0,0,0.06,50.93,65.57,7.83,53.19,SV,Dora and Marguerite-Treated
2020,4,6,Corning-4-Treated,0,0,0,0.06,50.93,65.57,7.83,53.19,SV,Fig Lane and Houghton-Treated
2020,4,6,Orland-1-Untreated,0,0,0,0.19,51.97,62.14,4.6,55.89,SV,Glenn County Fairgrounds-Untreated
2020,4,6,Orland-3-Untreated,0,0,0,0.19,51.97,62.14,4.6,55.89,SV,Hwy 99W and Road 18 - Untreated
2020,4,6,Orland-4-Untreated,0,0,0,0.19,51.97,62.14,4.6,55.89,SV,NE of N and 12-Untreated
2020,4,6,Corning-5-Treated,0,0,0,0.06,50.93,65.57,7.83,53.19,SV,Northbound I-5 Rest Area-Treated
2020,4,6,Orland-7-Untreated,0,0,0,0.19,51.97,62.14,4.6,55.89,SV,Road 200 and Road E-Untreated
2020,4,6,Orland-8,0,0,0,0.19,51.97,62.14,4.6,55.89,SV,Road 21 and M
2020,4,6,Orland-11-Untreated,0,0,0,0.19,51.97,62.14,4.6,55.89,SV,SE of N and 16-Untreated
2020,4,6,Corning-6-Untreated,0,0,0,0.06,50.93,65.57,7.83,53.19,SV,Sac River and Kopta Road - Untreated
2020,4,6,Corning-8-Treated,0,0,0,0.06,50.93,65.57,7.83,53.19,SV,Viola and Orchard Ave.-Treated
2020,4,14,Corning-1-Treated,0,0,0,0,59.33,63.43,5.39,56.33,SV,Barham and Samson-Treated
2020,4,14,Corning-2-Treated,0,0,0,0,59.33,63.43,5.39,56.33,SV,Dora and Marguerite-Treated
2020,4,14,Corning-4-Treated,0,0,0,0,59.33,63.43,5.39,56.33,SV,Fig Lane and Houghton-Treated
2020,4,14,Orland-1-Untreated,0,0,0,0,59.19,64.14,3.09,61.33,SV,Glenn County Fairgrounds-Untreated
2020,4,14,Orland-3-Untreated,0,0,0,0,59.19,64.14,3.09,61.33,SV,Hwy 99W and Road 18 - Untreated
2020,4,14,Orland-4-Untreated,0,0,0,0,59.19,64.14,3.09,61.33,SV,NE of N and 12-Untreated
2020,4,14,Corning-5-Treated,0,0,0,0,59.33,63.43,5.39,56.33,SV,Northbound I-5 Rest Area-Treated
2020,4,14,Orland-7-Untreated,0,0,0,0,59.19,64.14,3.09,61.33,SV,Road 200 and Road E-Untreated
2020,4,14,Orland-8,0,0,0,0,59.19,64.14,3.09,61.33,SV,Road 21 and M
2020,4,14,Orland-11-Untreated,0,0,0,0,59.19,64.14,3.09,61.33,SV,SE of N and 16-Untreated
2020,4,14,Corning-6-Untreated,0,0,0,0,59.33,63.43,5.39,56.33,SV,Sac River and Kopta Road - Untreated
2020,4,14,Corning-8-Treated,0,0,0,0,59.33,63.43,5.39,56.33,SV,Viola and Orchard Ave.-Treated
2020,4,20,Corning-1-Treated,0,0,0,0,59.34,60.43,4.73,58,SV,Barham and Samson-Treated
2020,4,20,Corning-2-Treated,0,0,0,0,59.34,60.43,4.73,58,SV,Dora and Marguerite-Treated
2020,4,20,Corning-4-Treated,0,0,0,0,59.34,60.43,4.73,58,SV,Fig Lane and Houghton-Treated
2020,4,20,Orland-1-Untreated,0,0,0,0,60.27,58.86,3.2,63.73,SV,Glenn County Fairgrounds-Untreated
2020,4,20,Orland-3-Untreated,0,0,0,0,60.27,58.86,3.2,63.73,SV,Hwy 99W and Road 18 - Untreated
2020,4,20,Orland-4-Untreated,0,0,0,0,60.27,58.86,3.2,63.73,SV,NE of N and 12-Untreated
2020,4,20,Corning-5-Treated,0,0,0,0,59.34,60.43,4.73,58,SV,Northbound I-5 Rest Area-Treated
2020,4,20,Orland-7-Untreated,0,0,0,0,60.27,58.86,3.2,63.73,SV,Road 200 and Road E-Untreated
2020,4,20,Orland-8,0,0,0,0,60.27,58.86,3.2,63.73,SV,Road 21 and M
2020,4,20,Orland-11-Untreated,0,0,0,0,60.27,58.86,3.2,63.73,SV,SE of N and 16-Untreated
2020,4,20,Corning-6-Untreated,0,0,0,0,59.34,60.43,4.73,58,SV,Sac River and Kopta Road - Untreated
2020,4,20,Corning-8-Treated,0,0,0,0,59.34,60.43,4.73,58,SV,Viola and Orchard Ave.-Treated
2020,4,28,Corning-1-Treated,0,0,0,0,69.2,54,4.3,61.03,SV,Barham and Samson-Treated
2020,4,28,Corning-2-Treated,0,0,0,0,69.2,54,4.3,61.03,SV,Dora and Marguerite-Treated
2020,4,28,Corning-4-Treated,0,0,0,0,69.2,54,4.3,61.03,SV,Fig Lane and Houghton-Treated
2020,4,28,Orland-1-Untreated,0,0,0,0,70,55.43,2.94,68.61,SV,Glenn County Fairgrounds-Untreated
2020,4,28,Orland-3-Untreated,0,0,0,0,70,55.43,2.94,68.61,SV,Hwy 99W and Road 18 - Untreated
2020,4,28,Orland-4-Untreated,0,0,0,0,70,55.43,2.94,68.61,SV,NE of N and 12-Untreated
2020,4,28,Corning-5-Treated,0,0,0,0,69.2,54,4.3,61.03,SV,Northbound I-5 Rest Area-Treated
2020,4,28,Orland-7-Untreated,0,0,0,0,70,55.43,2.94,68.61,SV,Road 200 and Road E-Untreated
2020,4,28,Orland-8,0,0,0,0,70,55.43,2.94,68.61,SV,Road 21 and M
2020,4,28,Orland-11-Untreated,0,0,0,0,70,55.43,2.94,68.61,SV,SE of N and 16-Untreated
2020,4,28,Corning-6-Untreated,0,0,0,0,69.2,54,4.3,61.03,SV,Sac River and Kopta Road - Untreated
2020,4,28,Corning-8-Treated,0,0,0,0,69.2,54,4.3,61.03,SV,Viola and Orchard Ave.-Treated
2020,5,6,Corning-1-Treated,0,0,0,0,64.21,48.29,5.69,65.1,SV,Barham and Samson-Treated
2020,5,6,Corning-2-Treated,0,0,0,0,64.21,48.29,5.69,65.1,SV,Dora and Marguerite-Treated
2020,5,6,Corning-4-Treated,0,0,0,0,64.21,48.29,5.69,65.1,SV,Fig Lane and Houghton-Treated
2020,5,6,Orland-1-Untreated,0,0,0,0,65.44,50.71,3.46,70.89,SV,Glenn County Fairgrounds-Untreated
2020,5,6,Orland-3-Untreated,0,0,0,0,65.44,50.71,3.46,70.89,SV,Hwy 99W and Road 18 - Untreated
2020,5,6,Orland-4-Untreated,0,0,0,0,65.44,50.71,3.46,70.89,SV,NE of N and 12-Untreated
2020,5,6,Corning-5-Treated,0,0,0,0,64.21,48.29,5.69,65.1,SV,Northbound I-5 Rest Area-Treated
2020,5,6,Orland-7-Untreated,0,0,0,0,65.44,50.71,3.46,70.89,SV,Road 200 and Road E-Untreated
2020,5,6,Orland-8,0,0,0,0,65.44,50.71,3.46,70.89,SV,Road 21 and M
2020,5,6,Orland-11-Untreated,0,0,0,0,65.44,50.71,3.46,70.89,SV,SE of N and 16-Untreated
2020,5,6,Corning-6-Untreated,0,0,0,0,64.21,48.29,5.69,65.1,SV,Sac River and Kopta Road - Untreated
2020,5,6,Corning-8-Treated,0,0,0,0,64.21,48.29,5.69,65.1,SV,Viola and Orchard Ave.-Treated
2020,5,11,Corning-1-Treated,0,0,0,0.03,68.26,44.29,6.8,65.39,SV,Barham and Samson-Treated
2020,5,11,Corning-2-Treated,0,0,0,0.03,68.26,44.29,6.8,65.39,SV,Dora and Marguerite-Treated
2020,5,11,Corning-4-Treated,0,0,0,0.03,68.26,44.29,6.8,65.39,SV,Fig Lane and Houghton-Treated
2020,5,11,Orland-1-Untreated,0,0,0,0.03,68.16,51.29,3.74,71.71,SV,Glenn County Fairgrounds-Untreated
2020,5,11,Orland-3-Untreated,0,0,0,0.03,68.16,51.29,3.74,71.71,SV,Hwy 99W and Road 18 - Untreated
2020,5,11,Orland-4-Untreated,0,0,0,0.03,68.16,51.29,3.74,71.71,SV,NE of N and 12-Untreated
2020,5,11,Corning-5-Treated,0,0,0,0.03,68.26,44.29,6.8,65.39,SV,Northbound I-5 Rest Area-Treated
2020,5,11,Orland-7-Untreated,0,0,0,0.03,68.16,51.29,3.74,71.71,SV,Road 200 and Road E-Untreated
2020,5,11,Orland-8,0,0,0,0.03,68.16,51.29,3.74,71.71,SV,Road 21 and M
2020,5,11,Orland-11-Untreated,0,0,0,0.03,68.16,51.29,3.74,71.71,SV,SE of N and 16-Untreated
2020,5,11,Corning-6-Untreated,0,0,0,0.03,68.26,44.29,6.8,65.39,SV,Sac River and Kopta Road - Untreated
2020,5,11,Corning-8-Treated,0,0,0,0.03,68.26,44.29,6.8,65.39,SV,Viola and Orchard Ave.-Treated
2020,5,18,Corning-1-Treated,0,0,0,0.23,60.81,74.43,8.57,64.53,SV,Barham and Samson-Treated
2020,5,18,Corning-2-Treated,0,0,0,0.23,60.81,74.43,8.57,64.53,SV,Dora and Marguerite-Treated
2020,5,18,Corning-4-Treated,0,0,0,0.23,60.81,74.43,8.57,64.53,SV,Fig Lane and Houghton-Treated
2020,5,18,Orland-1-Untreated,0,0,0,0.24,61.84,72.57,4.29,68.4,SV,Glenn County Fairgrounds-Untreated
2020,5,18,Orland-3-Untreated,0,0,0,0.24,61.84,72.57,4.29,68.4,SV,Hwy 99W and Road 18 - Untreated
2020,5,18,Orland-4-Untreated,0,0,0,0.24,61.84,72.57,4.29,68.4,SV,NE of N and 12-Untreated
2020,5,18,Corning-5-Treated,0,0,0,0.23,60.81,74.43,8.57,64.53,SV,Northbound I-5 Rest Area-Treated
2020,5,18,Orland-7-Untreated,0,0,0,0.24,61.84,72.57,4.29,68.4,SV,Road 200 and Road E-Untreated
2020,5,18,Orland-8,0,0,0,0.24,61.84,72.57,4.29,68.4,SV,Road 21 and M
2020,5,18,Orland-11-Untreated,0,0,0,0.24,61.84,72.57,4.29,68.4,SV,SE of N and 16-Untreated
2020,5,18,Corning-6-Untreated,0,0,0,0.23,60.81,74.43,8.57,64.53,SV,Sac River and Kopta Road - Untreated
2020,5,18,Corning-8-Treated,0,0,0,0.23,60.81,74.43,8.57,64.53,SV,Viola and Orchard Ave.-Treated
2020,5,25,Corning-1-Treated,0,0,0,0,66.71,53.14,6.49,65.24,SV,Barham and Samson-Treated
2020,5,25,Corning-2-Treated,0,0,0,0,66.71,53.14,6.49,65.24,SV,Dora and Marguerite-Treated
2020,5,25,Corning-4-Treated,0,0,0,0,66.71,53.14,6.49,65.24,SV,Fig Lane and Houghton-Treated
2020,5,25,Orland-1-Untreated,0,0,0,0.01,66.47,57.57,3.29,69.4,SV,Glenn County Fairgrounds-Untreated
2020,5,25,Orland-3-Untreated,0,0,0,0.01,66.47,57.57,3.29,69.4,SV,Hwy 99W and Road 18 - Untreated
2020,5,25,Orland-4-Untreated,0,0,0,0.01,66.47,57.57,3.29,69.4,SV,NE of N and 12-Untreated
2020,5,25,Corning-5-Treated,0,0,0,0,66.71,53.14,6.49,65.24,SV,Northbound I-5 Rest Area-Treated
2020,5,25,Orland-7-Untreated,0,0,0,0.01,66.47,57.57,3.29,69.4,SV,Road 200 and Road E-Untreated
2020,5,25,Orland-8,0,0,0,0.01,66.47,57.57,3.29,69.4,SV,Road 21 and M
2020,5,25,Orland-11-Untreated,0,0,0,0.01,66.47,57.57,3.29,69.4,SV,SE of N and 16-Untreated
2020,5,25,Corning-6-Untreated,0,0,0,0,66.71,53.14,6.49,65.24,SV,Sac River and Kopta Road - Untreated
2020,5,25,Corning-8-Treated,0,0,0,0,66.71,53.14,6.49,65.24,SV,Viola and Orchard Ave.-Treated
2020,6,1,Corning-1-Treated,0,0,0,0.02,74.23,61.43,5.01,70.91,SV,Barham and Samson-Treated
2020,6,1,Corning-2-Treated,0,0,0,0.02,74.23,61.43,5.01,70.91,SV,Dora and Marguerite-Treated
2020,6,1,Corning-4-Treated,0,0,0,0.02,74.23,61.43,5.01,70.91,SV,Fig Lane and Houghton-Treated
2020,6,1,Orland-1-Untreated,0,0,0,0.01,72.77,69.14,2.56,75.44,SV,Glenn County Fairgrounds-Untreated
2020,6,1,Orland-3-Untreated,0,0,0,0.01,72.77,69.14,2.56,75.44,SV,Hwy 99W and Road 18 - Untreated
2020,6,1,Orland-4-Untreated,0,0,0,0.01,72.77,69.14,2.56,75.44,SV,NE of N and 12-Untreated
2020,6,1,Corning-5-Treated,0,0,0,0.02,74.23,61.43,5.01,70.91,SV,Northbound I-5 Rest Area-Treated
2020,6,1,Orland-7-Untreated,0,0,0,0.01,72.77,69.14,2.56,75.44,SV,Road 200 and Road E-Untreated
2020,6,1,Orland-8,0,0,0,0.01,72.77,69.14,2.56,75.44,SV,Road 21 and M
2020,6,1,Orland-11-Untreated,0,0,0,0.01,72.77,69.14,2.56,75.44,SV,SE of N and 16-Untreated
2020,6,1,Corning-6-Untreated,0,0,0,0.02,74.23,61.43,5.01,70.91,SV,Sac River and Kopta Road - Untreated
2020,6,1,Corning-8-Treated,0,0,0,0.02,74.23,61.43,5.01,70.91,SV,Viola and Orchard Ave.-Treated
2020,6,8,Corning-1-Treated,0,0,0,0,70.13,51.14,6.67,71.31,SV,Barham and Samson-Treated
2020,6,8,Corning-2-Treated,0,0,0,0,70.13,51.14,6.67,71.31,SV,Dora and Marguerite-Treated
2020,6,8,Corning-4-Treated,0,0,0,0,70.13,51.14,6.67,71.31,SV,Fig Lane and Houghton-Treated
2020,6,8,Orland-1-Untreated,0,0,0,0,69.09,58,3.37,74.84,SV,Glenn County Fairgrounds-Untreated
2020,6,8,Orland-3-Untreated,0,0,0,0,69.09,58,3.37,74.84,SV,Hwy 99W and Road 18 - Untreated
2020,6,8,Orland-4-Untreated,0,0,0,0,69.09,58,3.37,74.84,SV,NE of N and 12-Untreated
2020,6,8,Corning-5-Treated,0,0,0,0,70.13,51.14,6.67,71.31,SV,Northbound I-5 Rest Area-Treated
2020,6,8,Orland-7-Untreated,0,0,0,0,69.09,58,3.37,74.84,SV,Road 200 and Road E-Untreated
2020,6,8,Orland-8,0,0,0,0,69.09,58,3.37,74.84,SV,Road 21 and M
2020,6,8,Orland-11-Untreated,0,0,0,0,69.09,58,3.37,74.84,SV,SE of N and 16-Untreated
2020,6,8,Corning-6-Untreated,0,0,0,0,70.13,51.14,6.67,71.31,SV,Sac River and Kopta Road - Untreated
2020,6,8,Corning-8-Treated,0,0,0,0,70.13,51.14,6.67,71.31,SV,Viola and Orchard Ave.-Treated
2020,6,15,Corning-1-Treated,0,0,0,0.03,69.69,57.57,5.37,69.39,SV,Barham and Samson-Treated
2020,6,15,Corning-2-Treated,0,0,0,0.03,69.69,57.57,5.37,69.39,SV,Dora and Marguerite-Treated
2020,6,15,Corning-4-Treated,0,0,0,0.03,69.69,57.57,5.37,69.39,SV,Fig Lane and Houghton-Treated
2020,6,15,Orland-1-Untreated,0,0,0,0,69.19,62.43,3.16,71.49,SV,Glenn County Fairgrounds-Untreated
2020,6,15,Orland-3-Untreated,0,0,0,0,69.19,62.43,3.16,71.49,SV,Hwy 99W and Road 18 - Untreated
2020,6,15,Orland-4-Untreated,0,0,0,0,69.19,62.43,3.16,71.49,SV,NE of N and 12-Untreated
2020,6,15,Corning-5-Treated,0,0,0,0.03,69.69,57.57,5.37,69.39,SV,Northbound I-5 Rest Area-Treated
2020,6,15,Orland-7-Untreated,0,0,0,0,69.19,62.43,3.16,71.49,SV,Road 200 and Road E-Untreated
2020,6,15,Orland-8,0,0,0,0,69.19,62.43,3.16,71.49,SV,Road 21 and M
2020,6,15,Orland-11-Untreated,0,0,0,0,69.19,62.43,3.16,71.49,SV,SE of N and 16-Untreated
2020,6,15,Corning-6-Untreated,0,0,0,0.03,69.69,57.57,5.37,69.39,SV,Sac River and Kopta Road - Untreated
2020,6,15,Corning-8-Treated,0,0,0,0.03,69.69,57.57,5.37,69.39,SV,Viola and Orchard Ave.-Treated
2020,6,22,Corning-1-Treated,0,0,0,0,75.53,48.43,5.97,69.87,SV,Barham and Samson-Treated
2020,6,22,Corning-2-Treated,0,0,0,0,75.53,48.43,5.97,69.87,SV,Dora and Marguerite-Treated
2020,6,22,Corning-4-Treated,0,0,0,0,75.53,48.43,5.97,69.87,SV,Fig Lane and Houghton-Treated
2020,6,22,Orland-1-Untreated,0,0,0,0,74.4,55.43,3.29,71.91,SV,Glenn County Fairgrounds-Untreated
2020,6,22,Orland-3-Untreated,0,0,0,0,74.4,55.43,3.29,71.91,SV,Hwy 99W and Road 18 - Untreated
2020,6,22,Orland-4-Untreated,0,0,0,0,74.4,55.43,3.29,71.91,SV,NE of N and 12-Untreated
2020,6,22,Corning-5-Treated,0,0,0,0,75.53,48.43,5.97,69.87,SV,Northbound I-5 Rest Area-Treated
2020,6,22,Orland-7-Untreated,0,0,0,0,74.4,55.43,3.29,71.91,SV,Road 200 and Road E-Untreated
2020,6,22,Orland-8,0,0,0,0,74.4,55.43,3.29,71.91,SV,Road 21 and M
2020,6,22,Orland-11-Untreated,0,0,0,0,74.4,55.43,3.29,71.91,SV,SE of N and 16-Untreated
2020,6,22,Corning-6-Untreated,0,0,0,0,75.53,48.43,5.97,69.87,SV,Sac River and Kopta Road - Untreated
2020,6,22,Corning-8-Treated,0,0,0,0,75.53,48.43,5.97,69.87,SV,Viola and Orchard Ave.-Treated
2020,6,29,Corning-1-Treated,0,0,0,0,81.87,49,6.5,75.37,SV,Barham and Samson-Treated
2020,6,29,Corning-2-Treated,0,0,0,0,81.87,49,6.5,75.37,SV,Dora and Marguerite-Treated
2020,6,29,Corning-4-Treated,0,0,0,0,81.87,49,6.5,75.37,SV,Fig Lane and Houghton-Treated
2020,6,29,Orland-1-Untreated,0,0,0,0,79.5,60.67,3.23,78.8,SV,Glenn County Fairgrounds-Untreated
2020,6,29,Orland-3-Untreated,0,0,0,0,79.5,60.67,3.23,78.8,SV,Hwy 99W and Road 18 - Untreated
2020,6,29,Orland-4-Untreated,0,0,0,0,79.5,60.67,3.23,78.8,SV,NE of N and 12-Untreated
2020,6,29,Corning-5-Treated,0,0,0,0,81.87,49,6.5,75.37,SV,Northbound I-5 Rest Area-Treated
2020,6,29,Orland-7-Untreated,0,0,0,0,79.5,60.67,3.23,78.8,SV,Road 200 and Road E-Untreated
2020,6,29,Orland-8,0,0,0,0,79.5,60.67,3.23,78.8,SV,Road 21 and M
2020,6,29,Orland-11-Untreated,0,0,0,0,79.5,60.67,3.23,78.8,SV,SE of N and 16-Untreated
2020,6,29,Corning-6-Untreated,0,0,0,0,81.87,49,6.5,75.37,SV,Sac River and Kopta Road - Untreated
2020,6,29,Corning-8-Treated,0,0,0,0,81.87,49,6.5,75.37,SV,Viola and Orchard Ave.-Treated
2020,7,6,Corning-1-Treated,0,0,0,0,75.54,46.43,5.09,74.31,SV,Barham and Samson-Treated
2020,7,6,Corning-2-Treated,0,0,0,0,75.54,46.43,5.09,74.31,SV,Dora and Marguerite-Treated
2020,7,6,Corning-4-Treated,0,0,0,0,75.54,46.43,5.09,74.31,SV,Fig Lane and Houghton-Treated
2020,7,6,Orland-1-Untreated,0,0,0,0,73.43,59.71,2.51,79.63,SV,Glenn County Fairgrounds-Untreated
2020,7,6,Orland-3-Untreated,0,0,0,0,73.43,59.71,2.51,79.63,SV,Hwy 99W and Road 18 - Untreated
2020,7,6,Orland-4-Untreated,0,0,0,0,73.43,59.71,2.51,79.63,SV,NE of N and 12-Untreated
2020,7,6,Corning-5-Treated,0,0,0,0,75.54,46.43,5.09,74.31,SV,Northbound I-5 Rest Area-Treated
2020,7,6,Orland-7-Untreated,0,0,0,0,73.43,59.71,2.51,79.63,SV,Road 200 and Road E-Untreated
2020,7,6,Orland-8,0,0,0,0,73.43,59.71,2.51,79.63,SV,Road 21 and M
2020,7,6,Orland-11-Untreated,0,0,0,0,73.43,59.71,2.51,79.63,SV,SE of N and 16-Untreated
2020,7,6,Corning-6-Untreated,0,0,0,0,75.54,46.43,5.09,74.31,SV,Sac River and Kopta Road - Untreated
2020,7,6,Corning-8-Treated,0,0,0,0,75.54,46.43,5.09,74.31,SV,Viola and Orchard Ave.-Treated
2020,7,13,Corning-1-Treated,0,0,0,0,78.31,46,4.49,75.19,SV,Barham and Samson-Treated
2020,7,13,Corning-2-Treated,0,0,0,0,78.31,46,4.49,75.19,SV,Dora and Marguerite-Treated
2020,7,13,Corning-4-Treated,0,0,0,0,78.31,46,4.49,75.19,SV,Fig Lane and Houghton-Treated
2020,7,13,Orland-1-Untreated,0,0,0,0,76.21,56.71,2.17,79.56,SV,Glenn County Fairgrounds-Untreated
2020,7,13,Orland-3-Untreated,0,0,0,0,76.21,56.71,2.17,79.56,SV,Hwy 99W and Road 18 - Untreated
2020,7,13,Orland-4-Untreated,0,0,0,0,76.21,56.71,2.17,79.56,SV,NE of N and 12-Untreated
2020,7,13,Corning-5-Treated,0,0,0,0,78.31,46,4.49,75.19,SV,Northbound I-5 Rest Area-Treated
2020,7,13,Orland-7-Untreated,0,0,0,0,76.21,56.71,2.17,79.56,SV,Road 200 and Road E-Untreated
2020,7,13,Orland-8,0,0,0,0,76.21,56.71,2.17,79.56,SV,Road 21 and M
2020,7,13,Orland-11-Untreated,0,0,0,0,76.21,56.71,2.17,79.56,SV,SE of N and 16-Untreated
2020,7,13,Corning-6-Untreated,0,0,0,0,78.31,46,4.49,75.19,SV,Sac River and Kopta Road - Untreated
2020,7,13,Corning-8-Treated,0,0,0,0,78.31,46,4.49,75.19,SV,Viola and Orchard Ave.-Treated
2020,7,20,Corning-1-Treated,0,0,0,0,78.83,58.43,4.49,76.63,SV,Barham and Samson-Treated
2020,7,20,Corning-2-Treated,0,0,0,0,78.83,58.43,4.49,76.63,SV,Dora and Marguerite-Treated
2020,7,20,Corning-4-Treated,0,0,0,0,78.83,58.43,4.49,76.63,SV,Fig Lane and Houghton-Treated
2020,7,20,Orland-1-Untreated,0,0,0,0,75.07,67.86,2.49,79.23,SV,Glenn County Fairgrounds-Untreated
2020,7,20,Orland-3-Untreated,0,0,0,0,75.07,67.86,2.49,79.23,SV,Hwy 99W and Road 18 - Untreated
2020,7,20,Orland-4-Untreated,0,0,0,0,75.07,67.86,2.49,79.23,SV,NE of N and 12-Untreated
2020,7,20,Corning-5-Treated,0,0,0,0,78.83,58.43,4.49,76.63,SV,Northbound I-5 Rest Area-Treated
2020,7,20,Orland-7-Untreated,0,0,0,0,75.07,67.86,2.49,79.23,SV,Road 200 and Road E-Untreated
2020,7,20,Orland-8,0,0,0,0,75.07,67.86,2.49,79.23,SV,Road 21 and M
2020,7,20,Orland-11-Untreated,0,0,0,0,75.07,67.86,2.49,79.23,SV,SE of N and 16-Untreated
2020,7,20,Corning-6-Untreated,0,0,0,0,78.83,58.43,4.49,76.63,SV,Sac River and Kopta Road - Untreated
2020,7,20,Corning-8-Treated,0,0,0,0,78.83,58.43,4.49,76.63,SV,Viola and Orchard Ave.-Treated
2020,7,27,Corning-1-Treated,0,0,0,0,77.57,58.43,4.31,76.04,SV,Barham and Samson-Treated
2020,7,27,Corning-2-Treated,0,0,0,0,77.57,58.43,4.31,76.04,SV,Dora and Marguerite-Treated
2020,7,27,Corning-4-Treated,0,0,0,0,77.57,58.43,4.31,76.04,SV,Fig Lane and Houghton-Treated
2020,7,27,Orland-1-Untreated,0,0,0,0,74.76,66,2.49,77.96,SV,Glenn County Fairgrounds-Untreated
2020,7,27,Orland-3-Untreated,0,0,0,0,74.76,66,2.49,77.96,SV,Hwy 99W and Road 18 - Untreated
2020,7,27,Orland-4-Untreated,0,0,0,0,74.76,66,2.49,77.96,SV,NE of N and 12-Untreated
2020,7,27,Corning-5-Treated,0,0,0,0,77.57,58.43,4.31,76.04,SV,Northbound I-5 Rest Area-Treated
2020,7,27,Orland-7-Untreated,0,0,0,0,74.76,66,2.49,77.96,SV,Road 200 and Road E-Untreated
2020,7,27,Orland-8,0,0,0,0,74.76,66,2.49,77.96,SV,Road 21 and M
2020,7,27,Orland-11-Untreated,0,0,0,0,74.76,66,2.49,77.96,SV,SE of N and 16-Untreated
2020,7,27,Corning-6-Untreated,0,0,0,0,77.57,58.43,4.31,76.04,SV,Sac River and Kopta Road - Untreated
2020,7,27,Corning-8-Treated,0,0,0,0,77.57,58.43,4.31,76.04,SV,Viola and Orchard Ave.-Treated
2020,8,4,Corning-1-Treated,0,0,0,0,77.9,52.29,3.96,76.61,SV,Barham and Samson-Treated
2020,8,4,Corning-2-Treated,0,0,0,0,77.9,52.29,3.96,76.61,SV,Dora and Marguerite-Treated
2020,8,4,Corning-4-Treated,0,0,0,0,77.9,52.29,3.96,76.61,SV,Fig Lane and Houghton-Treated
2020,8,4,Orland-1-Untreated,0,0,0,0,75.79,61.14,2.09,80.49,SV,Glenn County Fairgrounds-Untreated
2020,8,4,Orland-3-Untreated,0,0,0,0,75.79,61.14,2.09,80.49,SV,Hwy 99W and Road 18 - Untreated
2020,8,4,Orland-4-Untreated,0,0,0,0,75.79,61.14,2.09,80.49,SV,NE of N and 12-Untreated
2020,8,4,Corning-5-Treated,0,0,0,0,77.9,52.29,3.96,76.61,SV,Northbound I-5 Rest Area-Treated
2020,8,4,Orland-7-Untreated,0,0,0,0,75.79,61.14,2.09,80.49,SV,Road 200 and Road E-Untreated
2020,8,4,Orland-8,0,0,0,0,75.79,61.14,2.09,80.49,SV,Road 21 and M
2020,8,4,Orland-11-Untreated,0,0,0,0,75.79,61.14,2.09,80.49,SV,SE of N and 16-Untreated
2020,8,4,Corning-6-Untreated,0,0,0,0,77.9,52.29,3.96,76.61,SV,Sac River and Kopta Road - Untreated
2020,8,4,Corning-8-Treated,0,0,0,0,77.9,52.29,3.96,76.61,SV,Viola and Orchard Ave.-Treated
2020,8,10,Corning-1-Treated,0,0,0,0,77.87,58.57,4.57,76.54,SV,Barham and Samson-Treated
2020,8,10,Corning-2-Treated,0,0,0,0,77.87,58.57,4.57,76.54,SV,Dora and Marguerite-Treated
2020,8,10,Corning-4-Treated,0,0,0,0,77.87,58.57,4.57,76.54,SV,Fig Lane and Houghton-Treated
2020,8,10,Orland-1-Untreated,0,0,0,0,74.56,70,2.44,81.34,SV,Glenn County Fairgrounds-Untreated
2020,8,10,Orland-3-Untreated,0,0,0,0,74.56,70,2.44,81.34,SV,Hwy 99W and Road 18 - Untreated
2020,8,10,Orland-4-Untreated,0,0,0,0,74.56,70,2.44,81.34,SV,NE of N and 12-Untreated
2020,8,10,Corning-5-Treated,0,0,0,0,77.87,58.57,4.57,76.54,SV,Northbound I-5 Rest Area-Treated
2020,8,10,Orland-7-Untreated,0,0,0,0,74.56,70,2.44,81.34,SV,Road 200 and Road E-Untreated
2020,8,10,Orland-8,0,0,0,0,74.56,70,2.44,81.34,SV,Road 21 and M
2020,8,10,Orland-11-Untreated,0,0,0,0,74.56,70,2.44,81.34,SV,SE of N and 16-Untreated
2020,8,10,Corning-6-Untreated,0,0,0,0,77.87,58.57,4.57,76.54,SV,Sac River and Kopta Road - Untreated
2020,8,10,Corning-8-Treated,0,0,0,0,77.87,58.57,4.57,76.54,SV,Viola and Orchard Ave.-Treated
2020,8,17,Corning-1-Treated,0,0,0,0.01,79.84,53.43,4.61,76.64,SV,Barham and Samson-Treated
2020,8,17,Corning-2-Treated,0,0,0,0.01,79.84,53.43,4.61,76.64,SV,Dora and Marguerite-Treated
2020,8,17,Corning-4-Treated,0,0,0,0.01,79.84,53.43,4.61,76.64,SV,Fig Lane and Houghton-Treated
2020,8,17,Orland-1-Untreated,0,0,0,0.01,78.26,61.14,2.47,80.13,SV,Glenn County Fairgrounds-Untreated
2020,8,17,Orland-3-Untreated,0,0,0,0.01,78.26,61.14,2.47,80.13,SV,Hwy 99W and Road 18 - Untreated
2020,8,17,Orland-4-Untreated,0,0,0,0.01,78.26,61.14,2.47,80.13,SV,NE of N and 12-Untreated
2020,8,17,Corning-5-Treated,0,0,0,0.01,79.84,53.43,4.61,76.64,SV,Northbound I-5 Rest Area-Treated
2020,8,17,Orland-7-Untreated,0,0,0,0.01,78.26,61.14,2.47,80.13,SV,Road 200 and Road E-Untreated
2020,8,17,Orland-8,0,0,0,0.01,78.26,61.14,2.47,80.13,SV,Road 21 and M
2020,8,17,Orland-11-Untreated,0,0,0,0.01,78.26,61.14,2.47,80.13,SV,SE of N and 16-Untreated
2020,8,17,Corning-6-Untreated,0,0,0,0.01,79.84,53.43,4.61,76.64,SV,Sac River and Kopta Road - Untreated
2020,8,17,Corning-8-Treated,0,0,0,0.01,79.84,53.43,4.61,76.64,SV,Viola and Orchard Ave.-Treated
2020,8,24,Corning-1-Treated,0,0,0,0,75.67,60.43,2.63,74.31,SV,Barham and Samson-Treated
2020,8,24,Corning-2-Treated,0,0,0,0,75.67,60.43,2.63,74.31,SV,Dora and Marguerite-Treated
2020,8,24,Corning-4-Treated,0,0,0,0,75.67,60.43,2.63,74.31,SV,Fig Lane and Houghton-Treated
2020,8,24,Orland-1-Untreated,0,0,0,0,75.5,74.17,1.63,78.3,SV,Glenn County Fairgrounds-Untreated
2020,8,24,Orland-3-Untreated,0,0,0,0,75.5,74.17,1.63,78.3,SV,Hwy 99W and Road 18 - Untreated
2020,8,24,Orland-4-Untreated,0,0,0,0,75.5,74.17,1.63,78.3,SV,NE of N and 12-Untreated
2020,8,24,Corning-5-Treated,0,0,0,0,75.67,60.43,2.63,74.31,SV,Northbound I-5 Rest Area-Treated
2020,8,24,Orland-7-Untreated,0,0,0,0,75.5,74.17,1.63,78.3,SV,Road 200 and Road E-Untreated
2020,8,24,Orland-8,0,0,0,0,75.5,74.17,1.63,78.3,SV,Road 21 and M
2020,8,24,Orland-11-Untreated,0,0,0,0,75.5,74.17,1.63,78.3,SV,SE of N and 16-Untreated
2020,8,24,Corning-6-Untreated,0,0,0,0,75.67,60.43,2.63,74.31,SV,Sac River and Kopta Road - Untreated
2020,8,24,Corning-8-Treated,0,0,0,0,75.67,60.43,2.63,74.31,SV,Viola and Orchard Ave.-Treated
2020,8,31,Corning-1-Treated,0,0,0,0,76.53,60.86,3.33,74.9,SV,Barham and Samson-Treated
2020,8,31,Corning-2-Treated,0,0,0,0,76.53,60.86,3.33,74.9,SV,Dora and Marguerite-Treated
2020,8,31,Corning-4-Treated,0,0,0,0,76.53,60.86,3.33,74.9,SV,Fig Lane and Houghton-Treated
2020,8,31,Orland-1-Untreated,0,0,0,0,74.54,72.29,1.87,77.77,SV,Glenn County Fairgrounds-Untreated
2020,8,31,Orland-3-Untreated,0,0,0,0,74.54,72.29,1.87,77.77,SV,Hwy 99W and Road 18 - Untreated
2020,8,31,Orland-4-Untreated,0,0,0,0,74.54,72.29,1.87,77.77,SV,NE of N and 12-Untreated
2020,8,31,Corning-5-Treated,0,0,0,0,76.53,60.86,3.33,74.9,SV,Northbound I-5 Rest Area-Treated
2020,8,31,Orland-7-Untreated,0,0,0,0,74.54,72.29,1.87,77.77,SV,Road 200 and Road E-Untreated
2020,8,31,Orland-8,0,0,0,0,74.54,72.29,1.87,77.77,SV,Road 21 and M
2020,8,31,Orland-11-Untreated,0,0,0,0,74.54,72.29,1.87,77.77,SV,SE of N and 16-Untreated
2020,8,31,Corning-6-Untreated,0,0,0,0,76.53,60.86,3.33,74.9,SV,Sac River and Kopta Road - Untreated
2020,8,31,Corning-8-Treated,0,0,0,0,76.53,60.86,3.33,74.9,SV,Viola and Orchard Ave.-Treated
2020,9,7,Corning-1-Treated,0,0,0,0,78.59,55.57,3.99,73.69,SV,Barham and Samson-Treated
2020,9,7,Corning-2-Treated,0,0,0,0,78.59,55.57,3.99,73.69,SV,Dora and Marguerite-Treated
2020,9,7,Corning-4-Treated,0,0,0,0,78.59,55.57,3.99,73.69,SV,Fig Lane and Houghton-Treated
2020,9,7,Orland-1-Untreated,0,0,0,0,73.27,74,1.9,77.46,SV,Glenn County Fairgrounds-Untreated
2020,9,7,Orland-3-Untreated,0,0,0,0,73.27,74,1.9,77.46,SV,Hwy 99W and Road 18 - Untreated
2020,9,7,Orland-4-Untreated,0,0,0,0,73.27,74,1.9,77.46,SV,NE of N and 12-Untreated
2020,9,7,Corning-5-Treated,0,0,0,0,78.59,55.57,3.99,73.69,SV,Northbound I-5 Rest Area-Treated
2020,9,7,Orland-7-Untreated,0,0,0,0,73.27,74,1.9,77.46,SV,Road 200 and Road E-Untreated
2020,9,7,Orland-8,0,0,0,0,73.27,74,1.9,77.46,SV,Road 21 and M
2020,9,7,Orland-11-Untreated,0,0,0,0,73.27,74,1.9,77.46,SV,SE of N and 16-Untreated
2020,9,7,Corning-6-Untreated,0,0,0,0,78.59,55.57,3.99,73.69,SV,Sac River and Kopta Road - Untreated
2020,9,7,Corning-8-Treated,0,0,0,0,78.59,55.57,3.99,73.69,SV,Viola and Orchard Ave.-Treated
2020,9,14,Corning-1-Treated,0,0,0,0,69.53,48.43,4.4,69.77,SV,Barham and Samson-Treated
2020,9,14,Corning-2-Treated,0,0,0,0,69.53,48.43,4.4,69.77,SV,Dora and Marguerite-Treated
2020,9,14,Corning-4-Treated,0,0,0,0,69.53,48.43,4.4,69.77,SV,Fig Lane and Houghton-Treated
2020,9,14,Orland-1-Untreated,0,0,0,0,68.43,64.14,2.16,73.67,SV,Glenn County Fairgrounds-Untreated
2020,9,14,Orland-3-Untreated,0,0,0,0,68.43,64.14,2.16,73.67,SV,Hwy 99W and Road 18 - Untreated
2020,9,14,Orland-4-Untreated,0,0,0,0,68.43,64.14,2.16,73.67,SV,NE of N and 12-Untreated
2020,9,14,Corning-5-Treated,0,0,0,0,69.53,48.43,4.4,69.77,SV,Northbound I-5 Rest Area-Treated
2020,9,14,Orland-7-Untreated,0,0,0,0,68.43,64.14,2.16,73.67,SV,Road 200 and Road E-Untreated
2020,9,14,Orland-8,0,0,0,0,68.43,64.14,2.16,73.67,SV,Road 21 and M
2020,9,14,Orland-11-Untreated,0,0,0,0,68.43,64.14,2.16,73.67,SV,SE of N and 16-Untreated
2020,9,14,Corning-6-Untreated,0,0,0,0,69.53,48.43,4.4,69.77,SV,Sac River and Kopta Road - Untreated
2020,9,14,Corning-8-Treated,0,0,0,0,69.53,48.43,4.4,69.77,SV,Viola and Orchard Ave.-Treated
2020,9,21,Corning-1-Treated,0,0,0,0,69.11,57.57,3.87,68.06,SV,Barham and Samson-Treated
2020,9,21,Corning-2-Treated,0,0,0,0,69.11,57.57,3.87,68.06,SV,Dora and Marguerite-Treated
2020,9,21,Corning-4-Treated,0,0,0,0,69.11,57.57,3.87,68.06,SV,Fig Lane and Houghton-Treated
2020,9,21,Orland-1-Untreated,0,0,0,0,68.09,67.57,2.24,71.06,SV,Glenn County Fairgrounds-Untreated
2020,9,21,Orland-3-Untreated,0,0,0,0,68.09,67.57,2.24,71.06,SV,Hwy 99W and Road 18 - Untreated
2020,9,21,Orland-4-Untreated,0,0,0,0,68.09,67.57,2.24,71.06,SV,NE of N and 12-Untreated
2020,9,21,Corning-5-Treated,0,0,0,0,69.11,57.57,3.87,68.06,SV,Northbound I-5 Rest Area-Treated
2020,9,21,Orland-7-Untreated,0,0,0,0,68.09,67.57,2.24,71.06,SV,Road 200 and Road E-Untreated
2020,9,21,Orland-8,0,0,0,0,68.09,67.57,2.24,71.06,SV,Road 21 and M
2020,9,21,Orland-11-Untreated,0,0,0,0,68.09,67.57,2.24,71.06,SV,SE of N and 16-Untreated
2020,9,21,Corning-6-Untreated,0,0,0,0,69.11,57.57,3.87,68.06,SV,Sac River and Kopta Road - Untreated
2020,9,21,Corning-8-Treated,0,0,0,0,69.11,57.57,3.87,68.06,SV,Viola and Orchard Ave.-Treated
2020,9,28,Corning-1-Treated,0,0,0,0,73.99,47,6.09,67.71,SV,Barham and Samson-Treated
2020,9,28,Corning-2-Treated,0,0,0,0,73.99,47,6.09,67.71,SV,Dora and Marguerite-Treated
2020,9,28,Corning-4-Treated,0,0,0,0,73.99,47,6.09,67.71,SV,Fig Lane and Houghton-Treated
2020,9,28,Orland-1-Untreated,0,0,0,0,73.44,50.14,3.53,71.17,SV,Glenn County Fairgrounds-Untreated
2020,9,28,Orland-3-Untreated,0,0,0,0,73.44,50.14,3.53,71.17,SV,Hwy 99W and Road 18 - Untreated
2020,9,28,Orland-4-Untreated,0,0,0,0,73.44,50.14,3.53,71.17,SV,NE of N and 12-Untreated
2020,9,28,Corning-5-Treated,0,0,0,0,73.99,47,6.09,67.71,SV,Northbound I-5 Rest Area-Treated
2020,9,28,Orland-7-Untreated,0,0,0,0,73.44,50.14,3.53,71.17,SV,Road 200 and Road E-Untreated
2020,9,28,Orland-8,0,0,0,0,73.44,50.14,3.53,71.17,SV,Road 21 and M
2020,9,28,Orland-11-Untreated,0,0,0,0,73.44,50.14,3.53,71.17,SV,SE of N and 16-Untreated
2020,9,28,Corning-6-Untreated,0,0,0,0,73.99,47,6.09,67.71,SV,Sac River and Kopta Road - Untreated
2020,9,28,Corning-8-Treated,0,0,0,0,73.99,47,6.09,67.71,SV,Viola and Orchard Ave.-Treated
2020,10,5,Corning-1-Treated,0,0,0,0,70.8,48.86,3.24,66.83,SV,Barham and Samson-Treated
2020,10,5,Corning-2-Treated,0,0,0,0,70.8,48.86,3.24,66.83,SV,Dora and Marguerite-Treated
2020,10,5,Corning-4-Treated,0,0,0,0,70.8,48.86,3.24,66.83,SV,Fig Lane and Houghton-Treated
2020,10,5,Orland-1-Untreated,0,0,0,0,69.91,57.71,1.74,70.56,SV,Glenn County Fairgrounds-Untreated
2020,10,5,Orland-3-Untreated,0,0,0,0,69.91,57.71,1.74,70.56,SV,Hwy 99W and Road 18 - Untreated
2020,10,5,Orland-4-Untreated,0,0,0,0,69.91,57.71,1.74,70.56,SV,NE of N and 12-Untreated
2020,10,5,Corning-5-Treated,0,0,0,0,70.8,48.86,3.24,66.83,SV,Northbound I-5 Rest Area-Treated
2020,10,5,Orland-7-Untreated,0,0,0,0,69.91,57.71,1.74,70.56,SV,Road 200 and Road E-Untreated
2020,10,5,Orland-8,0,0,0,0,69.91,57.71,1.74,70.56,SV,Road 21 and M
2020,10,5,Orland-11-Untreated,0,0,0,0,69.91,57.71,1.74,70.56,SV,SE of N and 16-Untreated
2020,10,5,Corning-6-Untreated,0,0,0,0,70.8,48.86,3.24,66.83,SV,Sac River and Kopta Road - Untreated
2020,10,5,Corning-8-Treated,0,0,0,0,70.8,48.86,3.24,66.83,SV,Viola and Orchard Ave.-Treated
2020,10,12,Corning-1-Treated,0,0,0,0,62.96,58.14,3.96,63.97,SV,Barham and Samson-Treated
2020,10,12,Corning-2-Treated,0,0,0,0,62.96,58.14,3.96,63.97,SV,Dora and Marguerite-Treated
2020,10,12,Corning-4-Treated,0,0,0,0,62.96,58.14,3.96,63.97,SV,Fig Lane and Houghton-Treated
2020,10,12,Orland-1-Untreated,0,0,0,0,63.33,61.71,2.31,66.54,SV,Glenn County Fairgrounds-Untreated
2020,10,12,Orland-3-Untreated,0,0,0,0,63.33,61.71,2.31,66.54,SV,Hwy 99W and Road 18 - Untreated
2020,10,12,Orland-4-Untreated,0,0,0,0,63.33,61.71,2.31,66.54,SV,NE of N and 12-Untreated
2020,10,12,Corning-5-Treated,0,0,0,0,62.96,58.14,3.96,63.97,SV,Northbound I-5 Rest Area-Treated
2020,10,12,Orland-7-Untreated,0,0,0,0,63.33,61.71,2.31,66.54,SV,Road 200 and Road E-Untreated
2020,10,12,Orland-8,0,0,0,0,63.33,61.71,2.31,66.54,SV,Road 21 and M
2020,10,12,Orland-11-Untreated,0,0,0,0,63.33,61.71,2.31,66.54,SV,SE of N and 16-Untreated
2020,10,12,Corning-6-Untreated,0,0,0,0,62.96,58.14,3.96,63.97,SV,Sac River and Kopta Road - Untreated
2020,10,12,Corning-8-Treated,0,0,0,0,62.96,58.14,3.96,63.97,SV,Viola and Orchard Ave.-Treated
2020,10,26,Corning-1-Treated,0,0,0,0,62.11,33,8.47,60.11,SV,Barham and Samson-Treated
2020,10,26,Corning-2-Treated,0,0,0,0,62.11,33,8.47,60.11,SV,Dora and Marguerite-Treated
2020,10,26,Corning-4-Treated,0,0,0,0,62.11,33,8.47,60.11,SV,Fig Lane and Houghton-Treated
2020,10,26,Orland-1-Untreated,0,0,0,0,60.26,44,3.76,62.93,SV,Glenn County Fairgrounds-Untreated
2020,10,26,Orland-3-Untreated,0,0,0,0,60.26,44,3.76,62.93,SV,Hwy 99W and Road 18 - Untreated
2020,10,26,Orland-4-Untreated,0,0,0,0,60.26,44,3.76,62.93,SV,NE of N and 12-Untreated
2020,10,26,Corning-5-Treated,0,0,0,0,62.11,33,8.47,60.11,SV,Northbound I-5 Rest Area-Treated
2020,10,26,Orland-7-Untreated,0,0,0,0,60.26,44,3.76,62.93,SV,Road 200 and Road E-Untreated
2020,10,26,Orland-8,0,0,0,0,60.26,44,3.76,62.93,SV,Road 21 and M
2020,10,26,Orland-11-Untreated,0,0,0,0,60.26,44,3.76,62.93,SV,SE of N and 16-Untreated
2020,10,26,Corning-6-Untreated,0,0,0,0,62.11,33,8.47,60.11,SV,Sac River and Kopta Road - Untreated
2020,10,26,Corning-8-Treated,0,0,0,0,62.11,33,8.47,60.11,SV,Viola and Orchard Ave.-Treated
2020,11,2,Corning-1-Treated,0,0,0,0,56.59,49.57,2.43,56.09,SV,Barham and Samson-Treated
2020,11,2,Corning-2-Treated,0,0,0,0,56.59,49.57,2.43,56.09,SV,Dora and Marguerite-Treated
2020,11,2,Corning-4-Treated,0,0,0,0,56.59,49.57,2.43,56.09,SV,Fig Lane and Houghton-Treated
2020,11,2,Orland-1-Untreated,0,0,0,0,56.26,54.71,2.09,57.94,SV,Glenn County Fairgrounds-Untreated
2020,11,2,Orland-3-Untreated,0,0,0,0,56.26,54.71,2.09,57.94,SV,Hwy 99W and Road 18 - Untreated
2020,11,2,Orland-4-Untreated,0,0,0,0,56.26,54.71,2.09,57.94,SV,NE of N and 12-Untreated
2020,11,2,Corning-5-Treated,0,0,0,0,56.59,49.57,2.43,56.09,SV,Northbound I-5 Rest Area-Treated
2020,11,2,Orland-7-Untreated,0,0,0,0,56.26,54.71,2.09,57.94,SV,Road 200 and Road E-Untreated
2020,11,2,Orland-8,0,0,0,0,56.26,54.71,2.09,57.94,SV,Road 21 and M
2020,11,2,Orland-11-Untreated,0,0,0,0,56.26,54.71,2.09,57.94,SV,SE of N and 16-Untreated
2020,11,2,Corning-6-Untreated,0,0,0,0,56.59,49.57,2.43,56.09,SV,Sac River and Kopta Road - Untreated
2020,11,2,Corning-8-Treated,0,0,0,0,56.59,49.57,2.43,56.09,SV,Viola and Orchard Ave.-Treated
2020,11,9,Corning-1-Treated,0,0,0,0,52.8,49.14,5.69,55.24,SV,Barham and Samson-Treated
2020,11,9,Corning-2-Treated,0,0,0,0,52.8,49.14,5.69,55.24,SV,Dora and Marguerite-Treated
2020,11,9,Corning-4-Treated,0,0,0,0,52.8,49.14,5.69,55.24,SV,Fig Lane and Houghton-Treated
2020,11,9,Orland-1-Untreated,0,0,0,0,51.91,58,2.89,57,SV,Glenn County Fairgrounds-Untreated
2020,11,9,Orland-3-Untreated,0,0,0,0,51.91,58,2.89,57,SV,Hwy 99W and Road 18 - Untreated
2020,11,9,Orland-4-Untreated,0,0,0,0,51.91,58,2.89,57,SV,NE of N and 12-Untreated
2020,11,9,Corning-5-Treated,0,0,0,0,52.8,49.14,5.69,55.24,SV,Northbound I-5 Rest Area-Treated
2020,11,9,Orland-7-Untreated,0,0,0,0,51.91,58,2.89,57,SV,Road 200 and Road E-Untreated
2020,11,9,Orland-8,0,0,0,0,51.91,58,2.89,57,SV,Road 21 and M
2020,11,9,Orland-11-Untreated,0,0,0,0,51.91,58,2.89,57,SV,SE of N and 16-Untreated
2020,11,9,Corning-6-Untreated,0,0,0,0,52.8,49.14,5.69,55.24,SV,Sac River and Kopta Road - Untreated
2020,11,9,Corning-8-Treated,0,0,0,0,52.8,49.14,5.69,55.24,SV,Viola and Orchard Ave.-Treated
2020,11,16,Corning-1-Treated,0,0,0,0,45.8,69.14,4.74,51,SV,Barham and Samson-Treated
2020,11,16,Corning-2-Treated,0,0,0,0,45.8,69.14,4.74,51,SV,Dora and Marguerite-Treated
2020,11,16,Corning-4-Treated,0,0,0,0,45.8,69.14,4.74,51,SV,Fig Lane and Houghton-Treated
2020,11,16,Orland-1-Untreated,0,0,0,0,46.11,72.57,2.84,51.49,SV,Glenn County Fairgrounds-Untreated
2020,11,16,Orland-3-Untreated,0,0,0,0,46.11,72.57,2.84,51.49,SV,Hwy 99W and Road 18 - Untreated
2020,11,16,Orland-4-Untreated,0,0,0,0,46.11,72.57,2.84,51.49,SV,NE of N and 12-Untreated
2020,11,16,Corning-5-Treated,0,0,0,0,45.8,69.14,4.74,51,SV,Northbound I-5 Rest Area-Treated
2020,11,16,Orland-7-Untreated,0,0,0,0,46.11,72.57,2.84,51.49,SV,Road 200 and Road E-Untreated
2020,11,16,Orland-8,0,0,0,0,46.11,72.57,2.84,51.49,SV,Road 21 and M
2020,11,16,Orland-11-Untreated,0,0,0,0,46.11,72.57,2.84,51.49,SV,SE of N and 16-Untreated
2020,11,16,Corning-6-Untreated,0,0,0,0,45.8,69.14,4.74,51,SV,Sac River and Kopta Road - Untreated
2020,11,16,Corning-8-Treated,0,0,0,0,45.8,69.14,4.74,51,SV,Viola and Orchard Ave.-Treated
2021,9,13,Corning-1-Treated,0,0,0,0,77.03,51,3.5,70.51,SV,Barham and Samson-Treated
2021,9,13,Corning-2-Treated,0,0,0,0,77.03,51,3.5,70.51,SV,Dora and Marguerite-Treated
2021,9,13,Corning-4-Treated,0,0,0,0,77.03,51,3.5,70.51,SV,Fig Lane and Houghton-Treated
2021,9,13,Orland-1-Untreated,0,0,0,0,75.69,55,2.07,73.19,SV,Glenn County Fairgrounds-Untreated
2021,9,13,Orland-3-Untreated,0,0,0,0,75.69,55,2.07,73.19,SV,Hwy 99W and Road 18 - Untreated
2021,9,13,Orland-4-Untreated,0,0,0,0,75.69,55,2.07,73.19,SV,NE of N and 12-Untreated
2021,9,13,Corning-5-Treated,0,0,0,0,77.03,51,3.5,70.51,SV,Northbound I-5 Rest Area-Treated
2021,9,13,Orland-7-Untreated,0,0,0,0,75.69,55,2.07,73.19,SV,Road 200 and Road E-Untreated
2021,9,13,Orland-8,0,0,0,0,75.69,55,2.07,73.19,SV,Road 21 and M
2021,9,13,Orland-11-Untreated,0,0,0,0,75.69,55,2.07,73.19,SV,SE of N and 16-Untreated
2021,9,13,Corning-6-Untreated,0,0,0,0,77.03,51,3.5,70.51,SV,Sac River and Kopta Road - Untreated
2021,9,13,Corning-8-Treated,0,0,0,0,77.03,51,3.5,70.51,SV,Viola and Orchard Ave.-Treated
2021,9,20,Corning-1-Treated,0,0,0,0,70.01,54.14,6.06,68.29,SV,Barham and Samson-Treated
2021,9,20,Corning-2-Treated,0,0,0,0,70.01,54.14,6.06,68.29,SV,Dora and Marguerite-Treated
2021,9,20,Corning-4-Treated,0,0,0,0,70.01,54.14,6.06,68.29,SV,Fig Lane and Houghton-Treated
2021,9,20,Orland-1-Untreated,0,0,0,0.01,69.49,57.29,3.51,71.96,SV,Glenn County Fairgrounds-Untreated
2021,9,20,Orland-3-Untreated,0,0,0,0.01,69.49,57.29,3.51,71.96,SV,Hwy 99W and Road 18 - Untreated
2021,9,20,Orland-4-Untreated,0,0,0,0.01,69.49,57.29,3.51,71.96,SV,NE of N and 12-Untreated
2021,9,20,Corning-5-Treated,0,0,0,0,70.01,54.14,6.06,68.29,SV,Northbound I-5 Rest Area-Treated
2021,9,20,Orland-7-Untreated,0,0,0,0.01,69.49,57.29,3.51,71.96,SV,Road 200 and Road E-Untreated
2021,9,20,Orland-8,0,0,0,0.01,69.49,57.29,3.51,71.96,SV,Road 21 and M
2021,9,20,Orland-11-Untreated,0,0,0,0.01,69.49,57.29,3.51,71.96,SV,SE of N and 16-Untreated
2021,9,20,Corning-6-Untreated,0,0,0,0,70.01,54.14,6.06,68.29,SV,Sac River and Kopta Road - Untreated
2021,9,20,Corning-8-Treated,0,0,0,0,70.01,54.14,6.06,68.29,SV,Viola and Orchard Ave.-Treated
2021,9,27,Corning-1-Treated,0,0,0,0,71.11,47.71,5.31,67.17,SV,Barham and Samson-Treated
2021,9,27,Corning-2-Treated,0,0,0,0,71.11,47.71,5.31,67.17,SV,Dora and Marguerite-Treated
2021,9,27,Corning-4-Treated,0,0,0,0,71.11,47.71,5.31,67.17,SV,Fig Lane and Houghton-Treated
2021,9,27,Orland-1-Untreated,0,0,0,0,70.93,48.86,3.04,70.13,SV,Glenn County Fairgrounds-Untreated
2021,9,27,Orland-3-Untreated,0,0,0,0,70.93,48.86,3.04,70.13,SV,Hwy 99W and Road 18 - Untreated
2021,9,27,Orland-4-Untreated,0,0,0,0,70.93,48.86,3.04,70.13,SV,NE of N and 12-Untreated
2021,9,27,Corning-5-Treated,0,0,0,0,71.11,47.71,5.31,67.17,SV,Northbound I-5 Rest Area-Treated
2021,9,27,Orland-7-Untreated,0,0,0,0,70.93,48.86,3.04,70.13,SV,Road 200 and Road E-Untreated
2021,9,27,Orland-8,0,0,0,0,70.93,48.86,3.04,70.13,SV,Road 21 and M
2021,9,27,Orland-11-Untreated,0,0,0,0,70.93,48.86,3.04,70.13,SV,SE of N and 16-Untreated
2021,9,27,Corning-6-Untreated,0,0,0,0,71.11,47.71,5.31,67.17,SV,Sac River and Kopta Road - Untreated
2021,9,27,Corning-8-Treated,0,0,0,0,71.11,47.71,5.31,67.17,SV,Viola and Orchard Ave.-Treated
2021,10,4,Corning-1-Treated,0,0,0,0,66.67,42.71,5.23,63.64,SV,Barham and Samson-Treated
2021,10,4,Corning-2-Treated,0,0,0,0,66.67,42.71,5.23,63.64,SV,Dora and Marguerite-Treated
2021,10,4,Corning-4-Treated,0,0,0,0,66.67,42.71,5.23,63.64,SV,Fig Lane and Houghton-Treated
2021,10,4,Orland-1-Untreated,0,0,0,0,66.51,45.43,2.89,67.46,SV,Glenn County Fairgrounds-Untreated
2021,10,4,Orland-3-Untreated,0,0,0,0,66.51,45.43,2.89,67.46,SV,Hwy 99W and Road 18 - Untreated
2021,10,4,Orland-4-Untreated,0,0,0,0,66.51,45.43,2.89,67.46,SV,NE of N and 12-Untreated
2021,10,4,Corning-5-Treated,0,0,0,0,66.67,42.71,5.23,63.64,SV,Northbound I-5 Rest Area-Treated
2021,10,4,Orland-7-Untreated,0,0,0,0,66.51,45.43,2.89,67.46,SV,Road 200 and Road E-Untreated
2021,10,4,Orland-8,0,0,0,0,66.51,45.43,2.89,67.46,SV,Road 21 and M
2021,10,4,Orland-11-Untreated,0,0,0,0,66.51,45.43,2.89,67.46,SV,SE of N and 16-Untreated
2021,10,4,Corning-6-Untreated,0,0,0,0,66.67,42.71,5.23,63.64,SV,Sac River and Kopta Road - Untreated
2021,10,4,Corning-8-Treated,0,0,0,0,66.67,42.71,5.23,63.64,SV,Viola and Orchard Ave.-Treated
2021,10,12,Corning-1-Treated,0,0,0,0,58.06,52.57,7.13,60.76,SV,Barham and Samson-Treated
2021,10,12,Corning-2-Treated,0,0,0,0,58.06,52.57,7.13,60.76,SV,Dora and Marguerite-Treated
2021,10,12,Corning-4-Treated,0,0,0,0,58.06,52.57,7.13,60.76,SV,Fig Lane and Houghton-Treated
2021,10,12,Orland-1-Untreated,0,0,0,0,58.27,53,4.21,64.11,SV,Glenn County Fairgrounds-Untreated
2021,10,12,Orland-3-Untreated,0,0,0,0,58.27,53,4.21,64.11,SV,Hwy 99W and Road 18 - Untreated
2021,10,12,Orland-4-Untreated,0,0,0,0,58.27,53,4.21,64.11,SV,NE of N and 12-Untreated
2021,10,12,Corning-5-Treated,0,0,0,0,58.06,52.57,7.13,60.76,SV,Northbound I-5 Rest Area-Treated
2021,10,12,Orland-7-Untreated,0,0,0,0,58.27,53,4.21,64.11,SV,Road 200 and Road E-Untreated
2021,10,12,Orland-8,0,0,0,0,58.27,53,4.21,64.11,SV,Road 21 and M
2021,10,12,Orland-11-Untreated,0,0,0,0,58.27,53,4.21,64.11,SV,SE of N and 16-Untreated
2021,10,12,Corning-6-Untreated,0,0,0,0,58.06,52.57,7.13,60.76,SV,Sac River and Kopta Road - Untreated
2021,10,12,Corning-8-Treated,0,0,0,0,58.06,52.57,7.13,60.76,SV,Viola and Orchard Ave.-Treated
2021,10,18,Corning-1-Treated,0,0,0,0.01,56.36,48.29,5.8,58.1,SV,Barham and Samson-Treated
2021,10,18,Corning-2-Treated,0,0,0,0.01,56.36,48.29,5.8,58.1,SV,Dora and Marguerite-Treated
2021,10,18,Corning-4-Treated,0,0,0,0.01,56.36,48.29,5.8,58.1,SV,Fig Lane and Houghton-Treated
2021,10,18,Orland-1-Untreated,0,0,0,0.01,56.01,49.29,3.21,60.2,SV,Glenn County Fairgrounds-Untreated
2021,10,18,Orland-3-Untreated,0,0,0,0.01,56.01,49.29,3.21,60.2,SV,Hwy 99W and Road 18 - Untreated
2021,10,18,Orland-4-Untreated,0,0,0,0.01,56.01,49.29,3.21,60.2,SV,NE of N and 12-Untreated
2021,10,18,Corning-5-Treated,0,0,0,0.01,56.36,48.29,5.8,58.1,SV,Northbound I-5 Rest Area-Treated
2021,10,18,Orland-7-Untreated,0,0,0,0.01,56.01,49.29,3.21,60.2,SV,Road 200 and Road E-Untreated
2021,10,18,Orland-8,0,0,0,0.01,56.01,49.29,3.21,60.2,SV,Road 21 and M
2021,10,18,Orland-11-Untreated,0,0,0,0.01,56.01,49.29,3.21,60.2,SV,SE of N and 16-Untreated
2021,10,18,Corning-6-Untreated,0,0,0,0.01,56.36,48.29,5.8,58.1,SV,Sac River and Kopta Road - Untreated
2021,10,18,Corning-8-Treated,0,0,0,0.01,56.36,48.29,5.8,58.1,SV,Viola and Orchard Ave.-Treated
2021,10,25,Corning-1-Treated,0,0,0,0.57,56.2,86.57,9.6,58.87,SV,Barham and Samson-Treated
2021,10,25,Corning-2-Treated,0,0,0,0.57,56.2,86.57,9.6,58.87,SV,Dora and Marguerite-Treated
2021,10,25,Corning-4-Treated,0,0,0,0.57,56.2,86.57,9.6,58.87,SV,Fig Lane and Houghton-Treated
2021,10,25,Orland-1-Untreated,0,0,0,0.8,56.86,85.71,4.11,59.84,SV,Glenn County Fairgrounds-Untreated
2021,10,25,Orland-3-Untreated,0,0,0,0.8,56.86,85.71,4.11,59.84,SV,Hwy 99W and Road 18 - Untreated
2021,10,25,Orland-4-Untreated,0,0,0,0.8,56.86,85.71,4.11,59.84,SV,NE of N and 12-Untreated
2021,10,25,Corning-5-Treated,0,0,0,0.57,56.2,86.57,9.6,58.87,SV,Northbound I-5 Rest Area-Treated
2021,10,25,Orland-7-Untreated,0,0,0,0.8,56.86,85.71,4.11,59.84,SV,Road 200 and Road E-Untreated
2021,10,25,Orland-8,0,0,0,0.8,56.86,85.71,4.11,59.84,SV,Road 21 and M
2021,10,25,Orland-11-Untreated,0,0,0,0.8,56.86,85.71,4.11,59.84,SV,SE of N and 16-Untreated
2021,10,25,Corning-6-Untreated,0,0,0,0.57,56.2,86.57,9.6,58.87,SV,Sac River and Kopta Road - Untreated
2021,10,25,Corning-8-Treated,0,0,0,0.57,56.2,86.57,9.6,58.87,SV,Viola and Orchard Ave.-Treated
2021,11,1,Corning-1-Treated,0,0,0,0.02,58.86,83.71,5.17,59.74,SV,Barham and Samson-Treated
2021,11,1,Corning-2-Treated,0,0,0,0.02,58.86,83.71,5.17,59.74,SV,Dora and Marguerite-Treated
2021,11,1,Corning-4-Treated,0,0,0,0.02,58.86,83.71,5.17,59.74,SV,Fig Lane and Houghton-Treated
2021,11,1,Orland-1-Untreated,0,0,0,0,59.21,82.71,2.76,60.14,SV,Glenn County Fairgrounds-Untreated
2021,11,1,Orland-3-Untreated,0,0,0,0,59.21,82.71,2.76,60.14,SV,Hwy 99W and Road 18 - Untreated
2021,11,1,Orland-4-Untreated,0,0,0,0,59.21,82.71,2.76,60.14,SV,NE of N and 12-Untreated
2021,11,1,Corning-5-Treated,0,0,0,0.02,58.86,83.71,5.17,59.74,SV,Northbound I-5 Rest Area-Treated
2021,11,1,Orland-7-Untreated,0,0,0,0,59.21,82.71,2.76,60.14,SV,Road 200 and Road E-Untreated
2021,11,1,Orland-8,0,0,0,0,59.21,82.71,2.76,60.14,SV,Road 21 and M
2021,11,1,Orland-11-Untreated,0,0,0,0,59.21,82.71,2.76,60.14,SV,SE of N and 16-Untreated
2021,11,1,Corning-6-Untreated,0,0,0,0.02,58.86,83.71,5.17,59.74,SV,Sac River and Kopta Road - Untreated
2021,11,1,Corning-8-Treated,0,0,0,0.02,58.86,83.71,5.17,59.74,SV,Viola and Orchard Ave.-Treated
2021,11,8,Corning-1-Treated,0,0,0,0.08,53.53,83.57,5.04,58.64,SV,Barham and Samson-Treated
2021,11,8,Corning-2-Treated,0,0,0,0.08,53.53,83.57,5.04,58.64,SV,Dora and Marguerite-Treated
2021,11,8,Corning-4-Treated,0,0,0,0.08,53.53,83.57,5.04,58.64,SV,Fig Lane and Houghton-Treated
2021,11,8,Orland-1-Untreated,0,0,0,0.07,53.71,85.57,2.46,59.11,SV,Glenn County Fairgrounds-Untreated
2021,11,8,Orland-3-Untreated,0,0,0,0.07,53.71,85.57,2.46,59.11,SV,Hwy 99W and Road 18 - Untreated
2021,11,8,Orland-4-Untreated,0,0,0,0.07,53.71,85.57,2.46,59.11,SV,NE of N and 12-Untreated
2021,11,8,Corning-5-Treated,0,0,0,0.08,53.53,83.57,5.04,58.64,SV,Northbound I-5 Rest Area-Treated
2021,11,8,Orland-7-Untreated,0,0,0,0.07,53.71,85.57,2.46,59.11,SV,Road 200 and Road E-Untreated
2021,11,8,Orland-8,0,0,0,0.07,53.71,85.57,2.46,59.11,SV,Road 21 and M
2021,11,8,Orland-11-Untreated,0,0,0,0.07,53.71,85.57,2.46,59.11,SV,SE of N and 16-Untreated
2021,11,8,Corning-6-Untreated,0,0,0,0.08,53.53,83.57,5.04,58.64,SV,Sac River and Kopta Road - Untreated
2021,11,8,Corning-8-Treated,0,0,0,0.08,53.53,83.57,5.04,58.64,SV,Viola and Orchard Ave.-Treated
2021,11,15,Corning-1-Treated,0,0,0,0.07,53.33,94.57,3.93,56.77,SV,Barham and Samson-Treated
2021,11,15,Corning-2-Treated,0,0,0,0.07,53.33,94.57,3.93,56.77,SV,Dora and Marguerite-Treated
2021,11,15,Corning-4-Treated,0,0,0,0.07,53.33,94.57,3.93,56.77,SV,Fig Lane and Houghton-Treated
2021,11,15,Orland-1-Untreated,0,0,0,0.05,53.71,95.29,2.23,57.26,SV,Glenn County Fairgrounds-Untreated
2021,11,15,Orland-3-Untreated,0,0,0,0.05,53.71,95.29,2.23,57.26,SV,Hwy 99W and Road 18 - Untreated
2021,11,15,Orland-4-Untreated,0,0,0,0.05,53.71,95.29,2.23,57.26,SV,NE of N and 12-Untreated
2021,11,15,Corning-5-Treated,0,0,0,0.07,53.33,94.57,3.93,56.77,SV,Northbound I-5 Rest Area-Treated
2021,11,15,Orland-7-Untreated,0,0,0,0.05,53.71,95.29,2.23,57.26,SV,Road 200 and Road E-Untreated
2021,11,15,Orland-8,0,0,0,0.05,53.71,95.29,2.23,57.26,SV,Road 21 and M
2021,11,15,Orland-11-Untreated,0,0,0,0.05,53.71,95.29,2.23,57.26,SV,SE of N and 16-Untreated
2021,11,15,Corning-6-Untreated,0,0,0,0.07,53.33,94.57,3.93,56.77,SV,Sac River and Kopta Road - Untreated
2021,11,15,Corning-8-Treated,0,0,0,0.07,53.33,94.57,3.93,56.77,SV,Viola and Orchard Ave.-Treated
2022,9,12,Orland-2,0,0,0,0,81.97,47.5,3.94,74.09,SV,15 and Papst
2022,9,12,Corning-1-Treated,0,0,0,0,81.97,47.5,3.94,74.09,SV,Barham and Samson-Treated
2022,9,12,Corning-2-Treated,0,0,0,0,81.97,47.5,3.94,74.09,SV,Dora and Marguerite-Treated
2022,9,12,Corning-4-Treated,0,0,0,0,81.97,47.5,3.94,74.09,SV,Fig Lane and Houghton-Treated
2022,9,12,Orland-3-Untreated,0,0,0,0,79.56,55.67,2.06,75.5,SV,Hwy 99W and Road 18 - Untreated
2022,9,12,Orland-4-Untreated,0,0,0,0,79.56,55.67,2.06,75.5,SV,NE of N and 12-Untreated
2022,9,12,Corning-5-Treated,0,0,0,0,81.97,47.5,3.94,74.09,SV,Northbound I-5 Rest Area-Treated
2022,9,12,Orland-7-Untreated,0,0,0,0,79.56,55.67,2.06,75.5,SV,Road 200 and Road E-Untreated
2022,9,12,Orland-8,0,0,0,0,79.56,55.67,2.06,75.5,SV,Road 21 and M
2022,9,12,Orland-11-Untreated,0,0,0,0,79.56,55.67,2.06,75.5,SV,SE of N and 16-Untreated
2022,9,12,Corning-6-Untreated,0,0,0,0,81.97,47.5,3.94,74.09,SV,Sac River and Kopta Road - Untreated
2022,9,12,Corning-8-Treated,0,0,0,0,81.97,47.5,3.94,74.09,SV,Viola and Orchard Ave.-Treated
2022,9,19,Orland-2,0,0,0,0.16,65.41,70.86,5.3,69.01,SV,15 and Papst
2022,9,19,Corning-1-Treated,0,0,0,0.16,65.41,70.86,5.3,69.01,SV,Barham and Samson-Treated
2022,9,19,Corning-2-Treated,0,0,0,0.16,65.41,70.86,5.3,69.01,SV,Dora and Marguerite-Treated
2022,9,19,Corning-4-Treated,0,0,0,0.16,65.41,70.86,5.3,69.01,SV,Fig Lane and Houghton-Treated
2022,9,19,Orland-3-Untreated,0,0,0,0.05,64.96,70.57,3.04,71.37,SV,Hwy 99W and Road 18 - Untreated
2022,9,19,Orland-4-Untreated,0,0,0,0.05,64.96,70.57,3.04,71.37,SV,NE of N and 12-Untreated
2022,9,19,Corning-5-Treated,0,0,0,0.16,65.41,70.86,5.3,69.01,SV,Northbound I-5 Rest Area-Treated
2022,9,19,Orland-7-Untreated,0,0,0,0.05,64.96,70.57,3.04,71.37,SV,Road 200 and Road E-Untreated
2022,9,19,Orland-8,0,0,0,0.05,64.96,70.57,3.04,71.37,SV,Road 21 and M
2022,9,19,Orland-11-Untreated,0,0,0,0.05,64.96,70.57,3.04,71.37,SV,SE of N and 16-Untreated
2022,9,19,Corning-6-Untreated,0,0,0,0.16,65.41,70.86,5.3,69.01,SV,Sac River and Kopta Road - Untreated
2022,9,19,Corning-8-Treated,0,0,0,0.16,65.41,70.86,5.3,69.01,SV,Viola and Orchard Ave.-Treated
2022,9,26,Orland-2,0,0,0,0,68.79,69.57,3.43,68.2,SV,15 and Papst
2022,9,26,Corning-1-Treated,0,0,0,0,68.79,69.57,3.43,68.2,SV,Barham and Samson-Treated
2022,9,26,Corning-2-Treated,0,0,0,0,68.79,69.57,3.43,68.2,SV,Dora and Marguerite-Treated
2022,9,26,Corning-4-Treated,0,0,0,0,68.79,69.57,3.43,68.2,SV,Fig Lane and Houghton-Treated
2022,9,26,Orland-3-Untreated,0,0,0,0.01,67.27,72.71,1.99,68.5,SV,Hwy 99W and Road 18 - Untreated
2022,9,26,Orland-4-Untreated,0,0,0,0.01,67.27,72.71,1.99,68.5,SV,NE of N and 12-Untreated
2022,9,26,Corning-5-Treated,0,0,0,0,68.79,69.57,3.43,68.2,SV,Northbound I-5 Rest Area-Treated
2022,9,26,Orland-7-Untreated,0,0,0,0.01,67.27,72.71,1.99,68.5,SV,Road 200 and Road E-Untreated
2022,9,26,Orland-8,0,0,0,0.01,67.27,72.71,1.99,68.5,SV,Road 21 and M
2022,9,26,Orland-11-Untreated,0,0,0,0.01,67.27,72.71,1.99,68.5,SV,SE of N and 16-Untreated
2022,9,26,Corning-6-Untreated,0,0,0,0,68.79,69.57,3.43,68.2,SV,Sac River and Kopta Road - Untreated
2022,9,26,Corning-8-Treated,0,0,0,0,68.79,69.57,3.43,68.2,SV,Viola and Orchard Ave.-Treated
2022,10,3,Orland-2,0,0,0,0,68.83,61.29,3.83,67.26,SV,15 and Papst
2022,10,3,Corning-1-Treated,0,0,0,0,68.83,61.29,3.83,67.26,SV,Barham and Samson-Treated
2022,10,3,Corning-2-Treated,0,0,0,0,68.83,61.29,3.83,67.26,SV,Dora and Marguerite-Treated
2022,10,3,Corning-4-Treated,0,0,0,0,68.83,61.29,3.83,67.26,SV,Fig Lane and Houghton-Treated
2022,10,3,Orland-3-Untreated,0,0,0,0,67.19,65,2.09,67.73,SV,Hwy 99W and Road 18 - Untreated
2022,10,3,Orland-4-Untreated,0,0,0,0,67.19,65,2.09,67.73,SV,NE of N and 12-Untreated
2022,10,3,Corning-5-Treated,0,0,0,0,68.83,61.29,3.83,67.26,SV,Northbound I-5 Rest Area-Treated
2022,10,3,Orland-7-Untreated,0,0,0,0,67.19,65,2.09,67.73,SV,Road 200 and Road E-Untreated
2022,10,3,Orland-8,0,0,0,0,67.19,65,2.09,67.73,SV,Road 21 and M
2022,10,3,Orland-11-Untreated,0,0,0,0,67.19,65,2.09,67.73,SV,SE of N and 16-Untreated
2022,10,3,Corning-6-Untreated,0,0,0,0,68.83,61.29,3.83,67.26,SV,Sac River and Kopta Road - Untreated
2022,10,3,Corning-8-Treated,0,0,0,0,68.83,61.29,3.83,67.26,SV,Viola and Orchard Ave.-Treated
2022,10,10,Orland-2,0,0,0,0,71.07,58.43,2.53,67.27,SV,15 and Papst
2022,10,10,Corning-1-Treated,0,0,0,0,71.07,58.43,2.53,67.27,SV,Barham and Samson-Treated
2022,10,10,Corning-2-Treated,0,0,0,0,71.07,58.43,2.53,67.27,SV,Dora and Marguerite-Treated
2022,10,10,Corning-4-Treated,0,0,0,0,71.07,58.43,2.53,67.27,SV,Fig Lane and Houghton-Treated
2022,10,10,Orland-3-Untreated,0,0,0,0,69.71,59.71,1.74,66.91,SV,Hwy 99W and Road 18 - Untreated
2022,10,10,Orland-4-Untreated,0,0,0,0,69.71,59.71,1.74,66.91,SV,NE of N and 12-Untreated
2022,10,10,Corning-5-Treated,0,0,0,0,71.07,58.43,2.53,67.27,SV,Northbound I-5 Rest Area-Treated
2022,10,10,Orland-7-Untreated,0,0,0,0,69.71,59.71,1.74,66.91,SV,Road 200 and Road E-Untreated
2022,10,10,Orland-8,0,0,0,0,69.71,59.71,1.74,66.91,SV,Road 21 and M
2022,10,10,Orland-11-Untreated,0,0,0,0,69.71,59.71,1.74,66.91,SV,SE of N and 16-Untreated
2022,10,10,Corning-6-Untreated,0,0,0,0,71.07,58.43,2.53,67.27,SV,Sac River and Kopta Road - Untreated
2022,10,10,Corning-8-Treated,0,0,0,0,71.07,58.43,2.53,67.27,SV,Viola and Orchard Ave.-Treated
2022,10,17,Orland-2,0,0,0,0,65.66,65.29,2.71,65.56,SV,15 and Papst
2022,10,17,Corning-1-Treated,0,0,0,0,65.66,65.29,2.71,65.56,SV,Barham and Samson-Treated
2022,10,17,Corning-2-Treated,0,0,0,0,65.66,65.29,2.71,65.56,SV,Dora and Marguerite-Treated
2022,10,17,Corning-4-Treated,0,0,0,0,65.66,65.29,2.71,65.56,SV,Fig Lane and Houghton-Treated
2022,10,17,Orland-3-Untreated,0,0,0,0,64.86,66.71,1.86,65.87,SV,Hwy 99W and Road 18 - Untreated
2022,10,17,Orland-4-Untreated,0,0,0,0,64.86,66.71,1.86,65.87,SV,NE of N and 12-Untreated
2022,10,17,Corning-5-Treated,0,0,0,0,65.66,65.29,2.71,65.56,SV,Northbound I-5 Rest Area-Treated
2022,10,17,Orland-7-Untreated,0,0,0,0,64.86,66.71,1.86,65.87,SV,Road 200 and Road E-Untreated
2022,10,17,Orland-8,0,0,0,0,64.86,66.71,1.86,65.87,SV,Road 21 and M
2022,10,17,Orland-11-Untreated,0,0,0,0,64.86,66.71,1.86,65.87,SV,SE of N and 16-Untreated
2022,10,17,Corning-6-Untreated,0,0,0,0,65.66,65.29,2.71,65.56,SV,Sac River and Kopta Road - Untreated
2022,10,17,Corning-8-Treated,0,0,0,0,65.66,65.29,2.71,65.56,SV,Viola and Orchard Ave.-Treated
2022,10,24,Orland-2,0,0,0,0,62.27,50.14,5.49,62.7,SV,15 and Papst
2022,10,24,Corning-1-Treated,0,0,0,0,62.27,50.14,5.49,62.7,SV,Barham and Samson-Treated
2022,10,24,Corning-2-Treated,0,0,0,0,62.27,50.14,5.49,62.7,SV,Dora and Marguerite-Treated
2022,10,24,Corning-4-Treated,0,0,0,0,62.27,50.14,5.49,62.7,SV,Fig Lane and Houghton-Treated
2022,10,24,Orland-3-Untreated,0,0,0,0,61.5,52,3.19,63.46,SV,Hwy 99W and Road 18 - Untreated
2022,10,24,Orland-4-Untreated,0,0,0,0,61.5,52,3.19,63.46,SV,NE of N and 12-Untreated
2022,10,24,Corning-5-Treated,0,0,0,0,62.27,50.14,5.49,62.7,SV,Northbound I-5 Rest Area-Treated
2022,10,24,Orland-7-Untreated,0,0,0,0,61.5,52,3.19,63.46,SV,Road 200 and Road E-Untreated
2022,10,24,Orland-8,0,0,0,0,61.5,52,3.19,63.46,SV,Road 21 and M
2022,10,24,Orland-11-Untreated,0,0,0,0,61.5,52,3.19,63.46,SV,SE of N and 16-Untreated
2022,10,24,Corning-6-Untreated,0,0,0,0,62.27,50.14,5.49,62.7,SV,Sac River and Kopta Road - Untreated
2022,10,24,Corning-8-Treated,0,0,0,0,62.27,50.14,5.49,62.7,SV,Viola and Orchard Ave.-Treated
2022,10,31,Orland-2,0,0,0,0,55.14,54.86,4.43,57.71,SV,15 and Papst
2022,10,31,Corning-1-Treated,0,0,0,0,55.14,54.86,4.43,57.71,SV,Barham and Samson-Treated
2022,10,31,Corning-2-Treated,0,0,0,0,55.14,54.86,4.43,57.71,SV,Dora and Marguerite-Treated
2022,10,31,Corning-4-Treated,0,0,0,0,55.14,54.86,4.43,57.71,SV,Fig Lane and Houghton-Treated
2022,10,31,Orland-3-Untreated,0,0,0,0,54.74,55.14,2.43,59.23,SV,Hwy 99W and Road 18 - Untreated
2022,10,31,Orland-4-Untreated,0,0,0,0,54.74,55.14,2.43,59.23,SV,NE of N and 12-Untreated
2022,10,31,Corning-5-Treated,0,0,0,0,55.14,54.86,4.43,57.71,SV,Northbound I-5 Rest Area-Treated
2022,10,31,Orland-7-Untreated,0,0,0,0,54.74,55.14,2.43,59.23,SV,Road 200 and Road E-Untreated
2022,10,31,Orland-8,0,0,0,0,54.74,55.14,2.43,59.23,SV,Road 21 and M
2022,10,31,Orland-11-Untreated,0,0,0,0,54.74,55.14,2.43,59.23,SV,SE of N and 16-Untreated
2022,10,31,Corning-6-Untreated,0,0,0,0,55.14,54.86,4.43,57.71,SV,Sac River and Kopta Road - Untreated
2022,10,31,Corning-8-Treated,0,0,0,0,55.14,54.86,4.43,57.71,SV,Viola and Orchard Ave.-Treated
2022,11,7,Orland-2,0,0,0,0.13,48.13,83.14,6.09,54.81,SV,15 and Papst
2022,11,7,Corning-1-Treated,0,0,0,0.13,48.13,83.14,6.09,54.81,SV,Barham and Samson-Treated
2022,11,7,Corning-2-Treated,0,0,0,0.13,48.13,83.14,6.09,54.81,SV,Dora and Marguerite-Treated
2022,11,7,Corning-4-Treated,0,0,0,0.13,48.13,83.14,6.09,54.81,SV,Fig Lane and Houghton-Treated
2022,11,7,Orland-3-Untreated,0,0,0,0.07,50.1,77.29,3.73,56.33,SV,Hwy 99W and Road 18 - Untreated
2022,11,7,Orland-4-Untreated,0,0,0,0.07,50.1,77.29,3.73,56.33,SV,NE of N and 12-Untreated
2022,11,7,Corning-5-Treated,0,0,0,0.13,48.13,83.14,6.09,54.81,SV,Northbound I-5 Rest Area-Treated
2022,11,7,Orland-7-Untreated,0,0,0,0.07,50.1,77.29,3.73,56.33,SV,Road 200 and Road E-Untreated
2022,11,7,Orland-8,0,0,0,0.07,50.1,77.29,3.73,56.33,SV,Road 21 and M
2022,11,7,Orland-11-Untreated,0,0,0,0.07,50.1,77.29,3.73,56.33,SV,SE of N and 16-Untreated
2022,11,7,Corning-6-Untreated,0,0,0,0.13,48.13,83.14,6.09,54.81,SV,Sac River and Kopta Road - Untreated
2022,11,7,Corning-8-Treated,0,0,0,0.13,48.13,83.14,6.09,54.81,SV,Viola and Orchard Ave.-Treated
2022,11,14,Orland-2,0,0,0,0.13,48.77,99.67,4.73,51.91,SV,15 and Papst
2022,11,14,Corning-1-Treated,0,0,0,0.13,48.77,99.67,4.73,51.91,SV,Barham and Samson-Treated
2022,11,14,Corning-2-Treated,0,0,0,0.13,48.77,99.67,4.73,51.91,SV,Dora and Marguerite-Treated
2022,11,14,Corning-4-Treated,0,0,0,0.13,48.77,99.67,4.73,51.91,SV,Fig Lane and Houghton-Treated
2022,11,14,Orland-3-Untreated,0,0,0,0.1,44.31,81.29,2.6,52.46,SV,Hwy 99W and Road 18 - Untreated
2022,11,14,Orland-4-Untreated,0,0,0,0.1,44.31,81.29,2.6,52.46,SV,NE of N and 12-Untreated
2022,11,14,Corning-5-Treated,0,0,0,0.13,48.77,99.67,4.73,51.91,SV,Northbound I-5 Rest Area-Treated
2022,11,14,Orland-7-Untreated,0,0,0,0.1,44.31,81.29,2.6,52.46,SV,Road 200 and Road E-Untreated
2022,11,14,Orland-8,0,0,0,0.1,44.31,81.29,2.6,52.46,SV,Road 21 and M
2022,11,14,Orland-11-Untreated,0,0,0,0.1,44.31,81.29,2.6,52.46,SV,SE of N and 16-Untreated
2022,11,14,Corning-6-Untreated,0,0,0,0.13,48.77,99.67,4.73,51.91,SV,Sac River and Kopta Road - Untreated
2022,11,14,Corning-8-Treated,0,0,0,0.13,48.77,99.67,4.73,51.91,SV,Viola and Orchard Ave.-Treated
2022,11,21,Orland-2,0,0,0,0,47.34,100,6.09,49.63,SV,15 and Papst
2022,11,21,Corning-1-Treated,0,0,0,0,47.34,100,6.09,49.63,SV,Barham and Samson-Treated
2022,11,21,Corning-2-Treated,0,0,0,0,47.34,100,6.09,49.63,SV,Dora and Marguerite-Treated
2022,11,21,Corning-4-Treated,0,0,0,0,47.34,100,6.09,49.63,SV,Fig Lane and Houghton-Treated
2022,11,21,Orland-3-Untreated,0,0,0,0,46.14,57.71,3.04,49.19,SV,Hwy 99W and Road 18 - Untreated
2022,11,21,Orland-4-Untreated,0,0,0,0,46.14,57.71,3.04,49.19,SV,NE of N and 12-Untreated
2022,11,21,Corning-5-Treated,0,0,0,0,47.34,100,6.09,49.63,SV,Northbound I-5 Rest Area-Treated
2022,11,21,Orland-7-Untreated,0,0,0,0,46.14,57.71,3.04,49.19,SV,Road 200 and Road E-Untreated
2022,11,21,Orland-8,0,0,0,0,46.14,57.71,3.04,49.19,SV,Road 21 and M
2022,11,21,Orland-11-Untreated,0,0,0,0,46.14,57.71,3.04,49.19,SV,SE of N and 16-Untreated
2022,11,21,Corning-6-Untreated,0,0,0,0,47.34,100,6.09,49.63,SV,Sac River and Kopta Road - Untreated
2022,11,21,Corning-8-Treated,0,0,0,0,47.34,100,6.09,49.63,SV,Viola and Orchard Ave.-Treated
2023,9,11,Orland-2,0,0,0,0,72.8,55.29,3.69,68.57,SV,15 and Papst
2023,9,11,Corning-1-Treated,0,0,0,0,72.8,55.29,3.69,68.57,SV,Barham and Samson-Treated
2023,9,11,Corning-2-Treated,0,0,0,0,72.8,55.29,3.69,68.57,SV,Dora and Marguerite-Treated
2023,9,11,Corning-4-Treated,0,0,0,0,72.8,55.29,3.69,68.57,SV,Fig Lane and Houghton-Treated
2023,9,11,Orland-3-Untreated,0,0,0,0,71.27,63.43,2.04,71.66,SV,Hwy 99W and Road 18 - Untreated
2023,9,11,Orland-4-Untreated,0,0,0,0,71.27,63.43,2.04,71.66,SV,NE of N and 12-Untreated
2023,9,11,Corning-5-Treated,0,0,0,0,72.8,55.29,3.69,68.57,SV,Northbound I-5 Rest Area-Treated
2023,9,11,Orland-7-Untreated,0,0,0,0,71.27,63.43,2.04,71.66,SV,Road 200 and Road E-Untreated
2023,9,11,Orland-8,0,0,0,0,71.27,63.43,2.04,71.66,SV,Road 21 and M
2023,9,11,Orland-11-Untreated,0,0,0,0,71.27,63.43,2.04,71.66,SV,SE of N and 16-Untreated
2023,9,11,Corning-6-Untreated,0,0,0,0,72.8,55.29,3.69,68.57,SV,Sac River and Kopta Road - Untreated
2023,9,11,Corning-8-Treated,0,0,0,0,72.8,55.29,3.69,68.57,SV,Viola and Orchard Ave.-Treated
2023,9,19,Orland-2,0,0,0,0,73.07,63,4.39,69.03,SV,15 and Papst
2023,9,19,Corning-1-Treated,0,0,0,0,73.07,63,4.39,69.03,SV,Barham and Samson-Treated
2023,9,19,Corning-2-Treated,0,0,0,0,73.07,63,4.39,69.03,SV,Dora and Marguerite-Treated
2023,9,19,Corning-4-Treated,0,0,0,0,73.07,63,4.39,69.03,SV,Fig Lane and Houghton-Treated
2023,9,19,Orland-3-Untreated,0,0,0,0,70.33,71.14,2.21,72.51,SV,Hwy 99W and Road 18 - Untreated
2023,9,19,Orland-4-Untreated,0,0,0,0,70.33,71.14,2.21,72.51,SV,NE of N and 12-Untreated
2023,9,19,Corning-5-Treated,0,0,0,0,73.07,63,4.39,69.03,SV,Northbound I-5 Rest Area-Treated
2023,9,19,Orland-7-Untreated,0,0,0,0,70.33,71.14,2.21,72.51,SV,Road 200 and Road E-Untreated
2023,9,19,Orland-8,0,0,0,0,70.33,71.14,2.21,72.51,SV,Road 21 and M
2023,9,19,Orland-11-Untreated,0,0,0,0,70.33,71.14,2.21,72.51,SV,SE of N and 16-Untreated
2023,9,19,Corning-6-Untreated,0,0,0,0,73.07,63,4.39,69.03,SV,Sac River and Kopta Road - Untreated
2023,9,19,Corning-8-Treated,0,0,0,0,73.07,63,4.39,69.03,SV,Viola and Orchard Ave.-Treated
2023,9,25,Orland-2,0,0,0,0,66.26,60.14,5.7,66.59,SV,15 and Papst
2023,9,25,Corning-1-Treated,0,0,0,0,66.26,60.14,5.7,66.59,SV,Barham and Samson-Treated
2023,9,25,Corning-2-Treated,0,0,0,0,66.26,60.14,5.7,66.59,SV,Dora and Marguerite-Treated
2023,9,25,Corning-4-Treated,0,0,0,0,66.26,60.14,5.7,66.59,SV,Fig Lane and Houghton-Treated
2023,9,25,Orland-3-Untreated,0,0,0,0,65.46,64.71,2.84,69.96,SV,Hwy 99W and Road 18 - Untreated
2023,9,25,Orland-4-Untreated,0,0,0,0,65.46,64.71,2.84,69.96,SV,NE of N and 12-Untreated
2023,9,25,Corning-5-Treated,0,0,0,0,66.26,60.14,5.7,66.59,SV,Northbound I-5 Rest Area-Treated
2023,9,25,Orland-7-Untreated,0,0,0,0,65.46,64.71,2.84,69.96,SV,Road 200 and Road E-Untreated
2023,9,25,Orland-8,0,0,0,0,65.46,64.71,2.84,69.96,SV,Road 21 and M
2023,9,25,Orland-11-Untreated,0,0,0,0,65.46,64.71,2.84,69.96,SV,SE of N and 16-Untreated
2023,9,25,Corning-6-Untreated,0,0,0,0,66.26,60.14,5.7,66.59,SV,Sac River and Kopta Road - Untreated
2023,9,25,Corning-8-Treated,0,0,0,0,66.26,60.14,5.7,66.59,SV,Viola and Orchard Ave.-Treated
2023,10,2,Orland-2,0,0,0,0,64.23,63.14,5.11,64.87,SV,15 and Papst
2023,10,2,Corning-1-Treated,0,0,0,0,64.23,63.14,5.11,64.87,SV,Barham and Samson-Treated
2023,10,2,Corning-2-Treated,0,0,0,0,64.23,63.14,5.11,64.87,SV,Dora and Marguerite-Treated
2023,10,2,Corning-4-Treated,0,0,0,0,64.23,63.14,5.11,64.87,SV,Fig Lane and Houghton-Treated
2023,10,2,Orland-3-Untreated,0,0,0,0.12,63.07,69.29,2.54,66.93,SV,Hwy 99W and Road 18 - Untreated
2023,10,2,Orland-4-Untreated,0,0,0,0.12,63.07,69.29,2.54,66.93,SV,NE of N and 12-Untreated
2023,10,2,Corning-5-Treated,0,0,0,0,64.23,63.14,5.11,64.87,SV,Northbound I-5 Rest Area-Treated
2023,10,2,Orland-7-Untreated,0,0,0,0.12,63.07,69.29,2.54,66.93,SV,Road 200 and Road E-Untreated
2023,10,2,Orland-8,0,0,0,0.12,63.07,69.29,2.54,66.93,SV,Road 21 and M
2023,10,2,Orland-11-Untreated,0,0,0,0.12,63.07,69.29,2.54,66.93,SV,SE of N and 16-Untreated
2023,10,2,Corning-6-Untreated,0,0,0,0,64.23,63.14,5.11,64.87,SV,Sac River and Kopta Road - Untreated
2023,10,2,Corning-8-Treated,0,0,0,0,64.23,63.14,5.11,64.87,SV,Viola and Orchard Ave.-Treated
2023,10,9,Orland-2,0,0,0,0,70.59,55,4.96,64.73,SV,15 and Papst
2023,10,9,Corning-1-Treated,0,0,0,0,70.59,55,4.96,64.73,SV,Barham and Samson-Treated
2023,10,9,Corning-2-Treated,0,0,0,0,70.59,55,4.96,64.73,SV,Dora and Marguerite-Treated
2023,10,9,Corning-4-Treated,0,0,0,0,70.59,55,4.96,64.73,SV,Fig Lane and Houghton-Treated
2023,10,9,Orland-3-Untreated,0,0,0,0,68.9,60.57,2.66,66.13,SV,Hwy 99W and Road 18 - Untreated
2023,10,9,Orland-4-Untreated,0,0,0,0,68.9,60.57,2.66,66.13,SV,NE of N and 12-Untreated
2023,10,9,Corning-5-Treated,0,0,0,0,70.59,55,4.96,64.73,SV,Northbound I-5 Rest Area-Treated
2023,10,9,Orland-7-Untreated,0,0,0,0,68.9,60.57,2.66,66.13,SV,Road 200 and Road E-Untreated
2023,10,9,Orland-8,0,0,0,0,68.9,60.57,2.66,66.13,SV,Road 21 and M
2023,10,9,Orland-11-Untreated,0,0,0,0,68.9,60.57,2.66,66.13,SV,SE of N and 16-Untreated
2023,10,9,Corning-6-Untreated,0,0,0,0,70.59,55,4.96,64.73,SV,Sac River and Kopta Road - Untreated
2023,10,9,Corning-8-Treated,0,0,0,0,70.59,55,4.96,64.73,SV,Viola and Orchard Ave.-Treated
2024,9,11,Orland-2,0,0,0,0,76.29,49.43,4.43,70.84,SV,15 and Papst
2024,9,11,Corning-1-Treated,0,0,0,0,76.29,49.43,4.43,70.84,SV,Barham and Samson-Treated
2024,9,11,Corning-2-Treated,0,0,0,0,76.29,49.43,4.43,70.84,SV,Dora and Marguerite-Treated
2024,9,11,Corning-4-Treated,0,0,0,0,76.29,49.43,4.43,70.84,SV,Fig Lane and Houghton-Treated
2024,9,11,Orland-3-Untreated,0,0,0,0,75.29,52,2.26,74.43,SV,Hwy 99W and Road 18 - Untreated
2024,9,11,Orland-4-Untreated,0,0,0,0,75.29,52,2.26,74.43,SV,NE of N and 12-Untreated
2024,9,11,Corning-5-Treated,0,0,0,0,76.29,49.43,4.43,70.84,SV,Northbound I-5 Rest Area-Treated
2024,9,11,Orland-7-Untreated,0,0,0,0,75.29,52,2.26,74.43,SV,Road 200 and Road E-Untreated
2024,9,11,Orland-8,0,0,0,0,75.29,52,2.26,74.43,SV,Road 21 and M
2024,9,11,Orland-11-Untreated,0,0,0,0,75.29,52,2.26,74.43,SV,SE of N and 16-Untreated
2024,9,11,Corning-6-Untreated,0,0,0,0,76.29,49.43,4.43,70.84,SV,Sac River and Kopta Road - Untreated
2024,9,11,Corning-8-Treated,0,0,0,0,76.29,49.43,4.43,70.84,SV,Viola and Orchard Ave.-Treated
2024,9,18,Orland-2,0,0,0,0.09,68.09,63,4.79,68.24,SV,15 and Papst
2024,9,18,Corning-1-Treated,0,0,0,0.09,68.09,63,4.79,68.24,SV,Barham and Samson-Treated
2024,9,18,Corning-2-Treated,0,0,0,0.09,68.09,63,4.79,68.24,SV,Dora and Marguerite-Treated
2024,9,18,Corning-4-Treated,0,0,0,0.09,68.09,63,4.79,68.24,SV,Fig Lane and Houghton-Treated
2024,9,18,Orland-3-Untreated,0,0,0,0,66.6,63.43,2.53,72.06,SV,Hwy 99W and Road 18 - Untreated
2024,9,18,Orland-4-Untreated,0,0,0,0,66.6,63.43,2.53,72.06,SV,NE of N and 12-Untreated
2024,9,18,Corning-5-Treated,0,0,0,0.09,68.09,63,4.79,68.24,SV,Northbound I-5 Rest Area-Treated
2024,9,18,Orland-7-Untreated,0,0,0,0,66.6,63.43,2.53,72.06,SV,Road 200 and Road E-Untreated
2024,9,18,Orland-8,0,0,0,0,66.6,63.43,2.53,72.06,SV,Road 21 and M
2024,9,18,Orland-11-Untreated,0,0,0,0,66.6,63.43,2.53,72.06,SV,SE of N and 16-Untreated
2024,9,18,Corning-6-Untreated,0,0,0,0.09,68.09,63,4.79,68.24,SV,Sac River and Kopta Road - Untreated
2024,9,18,Corning-8-Treated,0,0,0,0.09,68.09,63,4.79,68.24,SV,Viola and Orchard Ave.-Treated
2024,9,25,Orland-2,0,0,0,0,73.3,55.14,4.21,68.77,SV,15 and Papst
2024,9,25,Corning-1-Treated,0,0,0,0,73.3,55.14,4.21,68.77,SV,Barham and Samson-Treated
2024,9,25,Corning-2-Treated,0,0,0,0,73.3,55.14,4.21,68.77,SV,Dora and Marguerite-Treated
2024,9,25,Corning-4-Treated,0,0,0,0,73.3,55.14,4.21,68.77,SV,Fig Lane and Houghton-Treated
2024,9,25,Orland-3-Untreated,0,0,0,0,71.19,59.57,1.91,71.84,SV,Hwy 99W and Road 18 - Untreated
2024,9,25,Orland-4-Untreated,0,0,0,0,71.19,59.57,1.91,71.84,SV,NE of N and 12-Untreated
2024,9,25,Corning-5-Treated,0,0,0,0,73.3,55.14,4.21,68.77,SV,Northbound I-5 Rest Area-Treated
2024,9,25,Orland-7-Untreated,0,0,0,0,71.19,59.57,1.91,71.84,SV,Road 200 and Road E-Untreated
2024,9,25,Orland-8,0,0,0,0,71.19,59.57,1.91,71.84,SV,Road 21 and M
2024,9,25,Orland-11-Untreated,0,0,0,0,71.19,59.57,1.91,71.84,SV,SE of N and 16-Untreated
2024,9,25,Corning-6-Untreated,0,0,0,0,73.3,55.14,4.21,68.77,SV,Sac River and Kopta Road - Untreated
2024,9,25,Corning-8-Treated,0,0,0,0,73.3,55.14,4.21,68.77,SV,Viola and Orchard Ave.-Treated
2024,10,2,Orland-2,0,0,0,0,73.57,48.71,3.89,67.59,SV,15 and Papst
2024,10,2,Corning-1-Treated,0,0,0,0,73.57,48.71,3.89,67.59,SV,Barham and Samson-Treated
2024,10,2,Corning-2-Treated,0,0,0,0,73.57,48.71,3.89,67.59,SV,Dora and Marguerite-Treated
2024,10,2,Corning-4-Treated,0,0,0,0,73.57,48.71,3.89,67.59,SV,Fig Lane and Houghton-Treated
2024,10,2,Orland-3-Untreated,0,0,0,0,70.87,54.14,1.86,70.13,SV,Hwy 99W and Road 18 - Untreated
2024,10,2,Orland-4-Untreated,0,0,0,0,70.87,54.14,1.86,70.13,SV,NE of N and 12-Untreated
2024,10,2,Corning-5-Treated,0,0,0,0,73.57,48.71,3.89,67.59,SV,Northbound I-5 Rest Area-Treated
2024,10,2,Orland-7-Untreated,0,0,0,0,70.87,54.14,1.86,70.13,SV,Road 200 and Road E-Untreated
2024,10,2,Orland-8,0,0,0,0,70.87,54.14,1.86,70.13,SV,Road 21 and M
2024,10,2,Orland-11-Untreated,0,0,0,0,70.87,54.14,1.86,70.13,SV,SE of N and 16-Untreated
2024,10,2,Corning-6-Untreated,0,0,0,0,73.57,48.71,3.89,67.59,SV,Sac River and Kopta Road - Untreated
2024,10,2,Corning-8-Treated,0,0,0,0,73.57,48.71,3.89,67.59,SV,Viola and Orchard Ave.-Treated
